canonical_key,make,model,full_name,length_feet,tag_type,tag_group,tag_key,tag_label,tag_value,unit,confidence,evidence_count,source_video_ids,first_evidence_excerpt,review_flags
aiata 38,Aiata,Wayfinder 38,Aiata Wayfinder 38,38.0,category,category,adventure,Adventure,true,,0.95,1,JVvYfGq1snQ;xFsdACnzjVc;5R-y9vIFh00;5YLnXc2I4oA,"...on to something. I'm [Music] on my way to you. So, this is an adventure boat hull with American bow flare and...",
aiata 38,Aiata,Wayfinder 38,Aiata Wayfinder 38,38.0,category,category,centre-console,Centre Console,true,,0.96,1,JVvYfGq1snQ;xFsdACnzjVc;5R-y9vIFh00;5YLnXc2I4oA,"...fuel economy but greater capability and living space. owners of American center consoles that want the offshore capability, but you actually want...",
aiata 38,Aiata,Wayfinder 38,Aiata Wayfinder 38,38.0,category,category,power-catamaran,Power Catamaran,true,,0.95,1,JVvYfGq1snQ;xFsdACnzjVc;5R-y9vIFh00;5YLnXc2I4oA,"...of beam on this boat. You know, I was filming a power catamaran the other day that had 4 m beam. So,...",
aiata 38,Aiata,Wayfinder 38,Aiata Wayfinder 38,38.0,attribute,dimensions,length_feet,Length Feet,38 ft,ft,0.99,0,JVvYfGq1snQ;xFsdACnzjVc;5R-y9vIFh00;5YLnXc2I4oA,,
aiata 38,Aiata,Wayfinder 38,Aiata Wayfinder 38,38.0,attribute,comfort,air_conditioning,Air Conditioning,true,,0.92,5,JVvYfGq1snQ;xFsdACnzjVc;5R-y9vIFh00;5YLnXc2I4oA,"...I do have the generator on uh right now and the air conditioning pumping. So, I might even close that door, and...",
aiata 38,Aiata,Wayfinder 38,Aiata Wayfinder 38,38.0,attribute,handling,bow_thruster,Bow Thruster,true,,0.96,3,JVvYfGq1snQ;xFsdACnzjVc;5R-y9vIFh00;5YLnXc2I4oA,...up. We've got the engine diagnostics just here. We've got our bow thruster there. Phone charger in here. We're doing zip wakes...,
aiata 38,Aiata,Wayfinder 38,Aiata Wayfinder 38,38.0,attribute,performance,cruise_speed_knots,Cruise Speed Knots,13 kn,kn,0.93,1,JVvYfGq1snQ;xFsdACnzjVc;5R-y9vIFh00;5YLnXc2I4oA,horsepowers. I'm just cruising along at 13 knots to 14 knots s right now cuz we've got beautiful testing conditions.,
aiata 38,Aiata,Wayfinder 38,Aiata Wayfinder 38,38.0,attribute,powertrain,drive_type,Drive Type,outboard,,0.94,1,JVvYfGq1snQ;xFsdACnzjVc;5R-y9vIFh00;5YLnXc2I4oA,"...And the good ideas don't end just there, guys. We've got outboard engines, twin 350s or 400 uh mercs with the V10s,...",
aiata 38,Aiata,Wayfinder 38,Aiata Wayfinder 38,38.0,attribute,handling,dynamic_positioning,Dynamic Positioning,true,,0.94,1,JVvYfGq1snQ;xFsdACnzjVc;5R-y9vIFh00;5YLnXc2I4oA,"...of finetune movements, but we also have the ability to press skyhook just here and that will hold the boat in position....",
aiata 38,Aiata,Wayfinder 38,Aiata Wayfinder 38,38.0,attribute,powertrain,engine_power_hp,Engine Power Hp,400 hp,hp,0.91,2,JVvYfGq1snQ;xFsdACnzjVc;5R-y9vIFh00;5YLnXc2I4oA,"Okay, we've got twin 350 horsepower Hondas on this one. You can do it with Mercury. You can do up to twin...",
aiata 38,Aiata,Wayfinder 38,Aiata Wayfinder 38,38.0,attribute,mission,family_suitable,Family Suitable,true,,0.85,1,JVvYfGq1snQ;xFsdACnzjVc;5R-y9vIFh00;5YLnXc2I4oA,"...you know, more protection or turn it into more of a family boat. You can literally just call your dealer and have...",
aiata 38,Aiata,Wayfinder 38,Aiata Wayfinder 38,38.0,attribute,mission,fishing_suitable,Fishing Suitable,true,,0.88,2,JVvYfGq1snQ;xFsdACnzjVc;5R-y9vIFh00;5YLnXc2I4oA,...It can also be a huge big uh wet bar slash fishing station with a seat on top. Or you could do...,
aiata 38,Aiata,Wayfinder 38,Aiata Wayfinder 38,38.0,attribute,access,folding_balconies,Folding Balconies,true,,0.94,3,JVvYfGq1snQ;xFsdACnzjVc;5R-y9vIFh00;5YLnXc2I4oA,"...these are amazing because it's a nice solution instead of doing drop down wings that everyone seems to be doing these days,...",
aiata 38,Aiata,Wayfinder 38,Aiata Wayfinder 38,38.0,attribute,capacity,fuel_capacity_l,Fuel Capacity L,800 L,L,0.93,1,JVvYfGq1snQ;xFsdACnzjVc;5R-y9vIFh00;5YLnXc2I4oA,"...located. So forward of me underneath the floor there is the fuel tank, 800 L. You got about 200 L of water...",
aiata 38,Aiata,Wayfinder 38,Aiata Wayfinder 38,38.0,attribute,systems,generator,Generator,true,,0.93,5,JVvYfGq1snQ;xFsdACnzjVc;5R-y9vIFh00;5YLnXc2I4oA,...for you. Um we've got the twin Mercury 400s on this one. We also have a generator. We also have a gyro.,comparison_context_review
aiata 38,Aiata,Wayfinder 38,Aiata Wayfinder 38,38.0,attribute,hull,hull_form,Hull Form,power-catamaran,,0.94,1,JVvYfGq1snQ;xFsdACnzjVc;5R-y9vIFh00;5YLnXc2I4oA,"...of beam on this boat. You know, I was filming a power catamaran the other day that had 4 m beam. So,...",
aiata 38,Aiata,Wayfinder 38,Aiata Wayfinder 38,38.0,attribute,handling,joystick_control,Joystick Control,true,,0.94,2,JVvYfGq1snQ;xFsdACnzjVc;5R-y9vIFh00;5YLnXc2I4oA,"...So, I'm just doing using joystick here. This is the Mercury joystick system. Just side slipping the boat. Uh first impressions, piece...",
aiata 38,Aiata,Wayfinder 38,Aiata Wayfinder 38,38.0,attribute,weather,opening_sunroof,Opening Sunroof,true,,0.93,2,JVvYfGq1snQ;xFsdACnzjVc;5R-y9vIFh00;5YLnXc2I4oA,"...look. Um, this particular boat has been optioned with the electric opening sunroof, but as standard, you can just have a GRP...",
aiata 38,Aiata,Wayfinder 38,Aiata Wayfinder 38,38.0,attribute,mission,overnight_capable,Overnight Capable,true,,0.86,4,JVvYfGq1snQ;xFsdACnzjVc;5R-y9vIFh00;5YLnXc2I4oA,this one. But it's a it's a really wonderful overnight sleeping space for two people. I'm going to probably I suspect I...,
aiata 38,Aiata,Wayfinder 38,Aiata Wayfinder 38,38.0,attribute,systems,solar,Solar,true,,0.87,1,JVvYfGq1snQ;xFsdACnzjVc;5R-y9vIFh00;5YLnXc2I4oA,"...roof. And then you can also option this roof with some solar panels. So, you can do standard GRP, you can do...",
aiata 38,Aiata,Wayfinder 38,Aiata Wayfinder 38,38.0,attribute,capacity,water_capacity_l,Water Capacity L,200 L,L,0.93,1,JVvYfGq1snQ;xFsdACnzjVc;5R-y9vIFh00;5YLnXc2I4oA,"...floor there is the fuel tank, 800 L. You got about 200 L of water from memory. And just in here, you...",
alaska 47 sedan,Alaska,47 SEDAN,Alaska 47 SEDAN,47.0,category,category,walkaround-day-boat,Walkaround Day Boat,true,,0.87,1,y45uh0_Q5wc;3ha-oKtKOcU,"...So, if you are coming from maybe a little uh small day boat or a tiny or who knows what and you...",
alaska 47 sedan,Alaska,47 SEDAN,Alaska 47 SEDAN,47.0,attribute,dimensions,length_feet,Length Feet,47 ft,ft,0.937,0,y45uh0_Q5wc;3ha-oKtKOcU,,
alaska 47 sedan,Alaska,47 SEDAN,Alaska 47 SEDAN,47.0,attribute,comfort,air_conditioning,Air Conditioning,true,,0.92,3,y45uh0_Q5wc;3ha-oKtKOcU,"...should you wish. We got some magazine racks. We have the air conditioning controls just here. We've got air conditioning vents. One,...",
alaska 47 sedan,Alaska,47 SEDAN,Alaska 47 SEDAN,47.0,attribute,dimensions,beam_feet,Beam Feet,26.25 ft,ft,0.93,1,y45uh0_Q5wc;3ha-oKtKOcU,...2 3 4 5. It feels like four to five m beam on the roof and 8 m length. So you can...,numeric_sanity_review
alaska 47 sedan,Alaska,47 SEDAN,Alaska 47 SEDAN,47.0,attribute,handling,bow_thruster,Bow Thruster,true,,0.96,2,y45uh0_Q5wc;3ha-oKtKOcU,"right. So, batteries are just located in here. Engine starts here and here. Uh, we'll just do a bow thruster and stern",
alaska 47 sedan,Alaska,47 SEDAN,Alaska 47 SEDAN,47.0,attribute,performance,cruise_speed_knots,Cruise Speed Knots,6 kn,kn,0.93,1,y45uh0_Q5wc;3ha-oKtKOcU,"cruising along at 950 RPM. I'm just seeing six knots s. My wash is negligible. Uh, it's really not a",
alaska 47 sedan,Alaska,47 SEDAN,Alaska 47 SEDAN,47.0,attribute,powertrain,drive_type,Drive Type,ips-pod,,0.96,1,y45uh0_Q5wc;3ha-oKtKOcU,"shaft drive boat. It's not like having an IPS uh all the way down the back of the boat, so noise levels...",multiple_values_review
alaska 47 sedan,Alaska,47 SEDAN,Alaska 47 SEDAN,47.0,attribute,powertrain,drive_type,Drive Type,outboard,,0.94,1,y45uh0_Q5wc;3ha-oKtKOcU,"...haven't had any experience with a shaft drive, if you've come from, say, outboard engines or complex drive systems, uh, just make",multiple_values_review
alaska 47 sedan,Alaska,47 SEDAN,Alaska 47 SEDAN,47.0,attribute,powertrain,drive_type,Drive Type,shaft,,0.97,5,y45uh0_Q5wc;3ha-oKtKOcU,"[Music] Sensible shaft drive design, easy safe decks, long range capability, and the possibility to go fast if you On. Ladies and...",multiple_values_review
alaska 47 sedan,Alaska,47 SEDAN,Alaska 47 SEDAN,47.0,attribute,powertrain,engine_power_hp,Engine Power Hp,480 hp,hp,0.89,1,y45uh0_Q5wc;3ha-oKtKOcU,"480 horsepower, straight shafts, fourb blade props, no nonsense. And you feel like it's about 15.8",
alaska 47 sedan,Alaska,47 SEDAN,Alaska 47 SEDAN,47.0,attribute,accommodation,galley,Galley,true,,0.9,2,y45uh0_Q5wc;3ha-oKtKOcU,...and a couple more forward. And we got this full length galley. And just pay attention to the amount of space we...,
alaska 47 sedan,Alaska,47 SEDAN,Alaska 47 SEDAN,47.0,attribute,systems,generator,Generator,true,,0.93,1,y45uh0_Q5wc;3ha-oKtKOcU,"...B build pumps. That's our holding tank indicator, spotlight, wiper controls, generator operation, and this is a multi-functional rayarine touchscreen uh chart...",
alaska 47 sedan,Alaska,47 SEDAN,Alaska 47 SEDAN,47.0,attribute,hull,hull_form,Hull Form,rib,,0.95,1,y45uh0_Q5wc;3ha-oKtKOcU,"...you like up there and be quite happy and still have your go fast rib on the transom should you need. So,",
alaska 47 sedan,Alaska,47 SEDAN,Alaska 47 SEDAN,47.0,attribute,mission,long_range_suitable,Long Range Suitable,true,,0.91,1,y45uh0_Q5wc;3ha-oKtKOcU,"[Music] Sensible shaft drive design, easy safe decks, long range capability, and the possibility to go fast if you On. Ladies and...",
alaska 47 sedan,Alaska,47 SEDAN,Alaska 47 SEDAN,47.0,attribute,mission,offshore_capable,Offshore Capable,true,,0.88,1,y45uh0_Q5wc;3ha-oKtKOcU,"...I've got clear viz straight over the bow and I've got blue water all around. So, it's super safe and from my...",
alaska 47 sedan,Alaska,47 SEDAN,Alaska 47 SEDAN,47.0,attribute,mission,overnight_capable,Overnight Capable,true,,0.86,2,y45uh0_Q5wc;3ha-oKtKOcU,"...run a big boat, and they just want something a bit non nonsense, plenty of capability, plenty of entertaining space, overnight space,",
alaska 47 sedan,Alaska,47 SEDAN,Alaska 47 SEDAN,47.0,attribute,accommodation,separate_shower,Separate Shower,true,,0.94,1,y45uh0_Q5wc;3ha-oKtKOcU,...a girlfriend. So inside here we've got the main head with separate shower. So in here you've got the rain head shower....,
alaska 47 sedan,Alaska,47 SEDAN,Alaska 47 SEDAN,47.0,attribute,handling,stern_thruster,Stern Thruster,true,,0.96,5,y45uh0_Q5wc;3ha-oKtKOcU,"And super easy. So, I suspect the bow thruster is going to have more power than the stern thruster, which it does.",
alaska 47 sedan,Alaska,47 SEDAN,Alaska 47 SEDAN,47.0,attribute,systems,watermaker,Watermaker,true,,0.96,1,y45uh0_Q5wc;3ha-oKtKOcU,"...An immense amount of storage. This particular owner has got a water maker as well. Okay, so the sea trial is coming...",
aquila 28,Aquila,Molokai 28,Aquila Molokai 28,28.0,category,category,power-catamaran,Power Catamaran,true,,0.97,3,SWSEu6foWFg;Tdg6hUmrFb8,...to follow around and appreciate this hull design because it's a power cat in case you haven't already noticed that but the...,
aquila 28,Aquila,Molokai 28,Aquila Molokai 28,28.0,attribute,dimensions,length_feet,Length Feet,28 ft,ft,0.99,0,SWSEu6foWFg;Tdg6hUmrFb8,,
aquila 28,Aquila,Molokai 28,Aquila Molokai 28,28.0,attribute,performance,cruise_speed_knots,Cruise Speed Knots,24.5 kn,kn,0.93,2,SWSEu6foWFg;Tdg6hUmrFb8,...what i would believe to be a bit of a slow cruise for this boat so that's just 21 knots let's go...,
aquila 28,Aquila,Molokai 28,Aquila Molokai 28,28.0,attribute,hull,hull_form,Hull Form,power-catamaran,,0.94,1,SWSEu6foWFg;Tdg6hUmrFb8,...to follow around and appreciate this hull design because it's a power cat in case you haven't already noticed that but the...,
aquila 28,Aquila,Molokai 28,Aquila Molokai 28,28.0,attribute,mission,long_range_suitable,Long Range Suitable,true,,0.91,1,SWSEu6foWFg;Tdg6hUmrFb8,...think of right now if you've got that in mind extremely long range or if you're just like one of those enviro...,
aquila 28,Aquila,Molokai 28,Aquila Molokai 28,28.0,attribute,performance,max_observed_speed_knots,Max Observed Speed Knots,15 kn,kn,0.89,2,SWSEu6foWFg;Tdg6hUmrFb8,...i've got at the moment i've got the engine trim all the way down and i'm already doing 15 knots and my,
aquila 28,Aquila,Molokai 28,Aquila Molokai 28,28.0,attribute,mission,offshore_capable,Offshore Capable,true,,0.88,1,SWSEu6foWFg;Tdg6hUmrFb8,...cutting bow adventure boats that i've tested so far in upwind offshore conditions this this beats them all like it absolutely beats...,
aquila 47,Aquila,Molokai 47,Aquila Molokai 47,47.0,attribute,dimensions,length_feet,Length Feet,47 ft,ft,0.99,0,yoI6wnWMhrg,,
aquila 47,Aquila,Molokai 47,Aquila Molokai 47,47.0,attribute,comfort,air_conditioning,Air Conditioning,true,,0.92,1,yoI6wnWMhrg,...this whole area is air condition I saw a row of air conditioning behind me we'll cover that in the walk through...,
aquila 47,Aquila,Molokai 47,Aquila Molokai 47,47.0,attribute,mission,offshore_capable,Offshore Capable,true,,0.88,1,yoI6wnWMhrg,someone who is looking for an offshore boat a fast boat a high cruising speed boat um for fishing for surfing for,
aquila 47,Aquila,Molokai 47,Aquila Molokai 47,47.0,attribute,performance,range_nm,Range Nm,800 nm,nm,0.93,1,yoI6wnWMhrg,but the thing's got 800 miles range it's got 800 nautical miles range so let's call it 750 with a reserve it's...,
azimut 53 fly,Azimut,53 FLY logical STEP,Azimut 53 FLY logical STEP,53.0,category,category,luxury-med-day-boat,Luxury Med Day Boat,true,,0.96,1,w4rmsJIbuSY,"American luxury day boat and you think boating is your thing, then you need to uh have a look at a boat...",
azimut 53 fly,Azimut,53 FLY logical STEP,Azimut 53 FLY logical STEP,53.0,category,category,walkaround-day-boat,Walkaround Day Boat,true,,0.87,1,w4rmsJIbuSY,"American luxury day boat and you think boating is your thing, then you need to uh have a look at a boat...",
azimut 53 fly,Azimut,53 FLY logical STEP,Azimut 53 FLY logical STEP,53.0,attribute,dimensions,length_feet,Length Feet,53 ft,ft,0.937,0,w4rmsJIbuSY,,
azimut 53 fly,Azimut,53 FLY logical STEP,Azimut 53 FLY logical STEP,53.0,attribute,comfort,air_conditioning,Air Conditioning,true,,0.92,4,w4rmsJIbuSY,...what part of the world you're in. We then have the air conditioning coming out from these vents. You can see more...,
azimut 53 fly,Azimut,53 FLY logical STEP,Azimut 53 FLY logical STEP,53.0,attribute,handling,bow_thruster,Bow Thruster,true,,0.96,2,w4rmsJIbuSY,...need to come in and operate the boat around the marina. We can do the bow thruster. We got the IPS controls.,
azimut 53 fly,Azimut,53 FLY logical STEP,Azimut 53 FLY logical STEP,53.0,attribute,accommodation,cabins,Cabins,3 count,count,0.93,1,w4rmsJIbuSY,"So, she's she's a three cabin boat, two toilets. I want to show you. Let's just go straight to the master. It's...",
azimut 53 fly,Azimut,53 FLY logical STEP,Azimut 53 FLY logical STEP,53.0,attribute,accommodation,crew_cabin,Crew Cabin,true,,0.96,4,w4rmsJIbuSY,"into the engine space and then we'll check out the crew quarters, I think. So, she's IPS.",
azimut 53 fly,Azimut,53 FLY logical STEP,Azimut 53 FLY logical STEP,53.0,attribute,powertrain,drive_type,Drive Type,ips-pod,,0.96,5,w4rmsJIbuSY,"We can get access into the two fuel tanks, diesel, IPS, and come down into the cockpit. I'll get rid of my...",
azimut 53 fly,Azimut,53 FLY logical STEP,Azimut 53 FLY logical STEP,53.0,attribute,mission,family_suitable,Family Suitable,true,,0.85,2,w4rmsJIbuSY,for a family boat because the weather changes and people most likely your kids and your guests want to be able be...,
azimut 53 fly,Azimut,53 FLY logical STEP,Azimut 53 FLY logical STEP,53.0,attribute,accommodation,galley,Galley,true,,0.9,2,w4rmsJIbuSY,"...standup headroom from port to starboard. But in terms of the galley, we've got it in a nice central area. So, we...",
azimut 53 fly,Azimut,53 FLY logical STEP,Azimut 53 FLY logical STEP,53.0,attribute,systems,generator,Generator,true,,0.93,3,w4rmsJIbuSY,"We got the generator running. We do have a seaeper gyro. So, yeah, it is a proper platform that we can enjoy...",
azimut 53 fly,Azimut,53 FLY logical STEP,Azimut 53 FLY logical STEP,53.0,attribute,weather,hardtop,Hardtop,true,,0.92,1,w4rmsJIbuSY,...I'm protected from any rain and sun with this design of the hard top roof. They do carry a lot of carbon,
azimut 53 fly,Azimut,53 FLY logical STEP,Azimut 53 FLY logical STEP,53.0,attribute,character,premium_styling,Premium Styling,true,,0.82,2,w4rmsJIbuSY,"search for new horizon. Honestly, who writes this It's Italian, it's sexy, and it's cool.",
azimut 53 fly,Azimut,53 FLY logical STEP,Azimut 53 FLY logical STEP,53.0,attribute,accommodation,separate_shower,Separate Shower,true,,0.94,1,w4rmsJIbuSY,fun. And then this is a proper separate shower. Same as the other head. And you just got to remember to lock...,
azimut 53 fly,Azimut,53 FLY logical STEP,Azimut 53 FLY logical STEP,53.0,attribute,storage,tender_garage,Tender Garage,true,,0.96,1,w4rmsJIbuSY,"uh tender garage. We've got the crew quarters instead. So, that's the that's the secret there. I'll give this back to Dave.",
azimut 53 fly,Azimut,53 FLY logical STEP,Azimut 53 FLY logical STEP,53.0,attribute,mission,watersports_suitable,Watersports Suitable,true,,0.87,1,w4rmsJIbuSY,"toilet. So if you were doing a lot of water sports, maybe you would see some value in having that toilet out...",
azimut 60 fly,Azimut,60 FLY,Azimut 60 FLY,60.0,attribute,dimensions,length_feet,Length Feet,60 ft,ft,0.937,0,UzVuPEWY4o8,,
azimut 60 fly,Azimut,60 FLY,Azimut 60 FLY,60.0,attribute,performance,cruise_speed_knots,Cruise Speed Knots,26 kn,kn,0.93,2,UzVuPEWY4o8,cruise at 26 knots and top out around about 31 knots we're running the d113 900 horsepowers which is about 36 T,
azimut 60 fly,Azimut,60 FLY,Azimut 60 FLY,60.0,attribute,powertrain,drive_type,Drive Type,ips-pod,,0.96,5,UzVuPEWY4o8,are going to be actually coming up from IPS drive and this is a shaft drive boat so many of you are...,multiple_values_review
azimut 60 fly,Azimut,60 FLY,Azimut 60 FLY,60.0,attribute,powertrain,drive_type,Drive Type,shaft,,0.95,5,UzVuPEWY4o8,...be actually coming up from IPS drive and this is a shaft drive boat so many of you are possibly going to...,multiple_values_review
azimut 60 fly,Azimut,60 FLY,Azimut 60 FLY,60.0,attribute,powertrain,engine_power_hp,Engine Power Hp,900 hp,hp,0.89,1,UzVuPEWY4o8,these twin 900 horsepower motors you're going to see a top speed of around about that 30 to 31 on a good...,
azimut 60 fly,Azimut,60 FLY,Azimut 60 FLY,60.0,attribute,capacity,fuel_capacity_l,Fuel Capacity L,800 L,L,0.93,1,UzVuPEWY4o8,"overall and 2,800 L of fuel we got 64% on board today and I reckon a lot of you",
azimut 60 fly,Azimut,60 FLY,Azimut 60 FLY,60.0,attribute,handling,joystick_control,Joystick Control,true,,0.94,1,UzVuPEWY4o8,just keeping a lookout for whales and traffic so in that case you could put it onto joystick steering which would just,
azimut 60 fly,Azimut,60 FLY,Azimut 60 FLY,60.0,attribute,performance,max_observed_speed_knots,Max Observed Speed Knots,20 kn,kn,0.89,1,UzVuPEWY4o8,...of the B doing her thing we're going into the wind I'm now doing 20 knots and I'm going to increase that...,
azimut 60 fly,Azimut,60 FLY,Azimut 60 FLY,60.0,attribute,handling,stern_thruster,Stern Thruster,true,,0.96,1,UzVuPEWY4o8,bow and Stern Thruster are operating as well let's just go back the other,
azimut s6 sport fly,Azimut,S6 SPORT FLY,Azimut S6 SPORT FLY,59.1,category,category,sport-yacht,Sport Yacht,true,,0.99,5,nKCO9dl0Rtw;BywEZ7BNKLc,...up on your screen now we've just had a ripping good time 36 knots top speed this thing is a sport yacht,
azimut s6 sport fly,Azimut,S6 SPORT FLY,Azimut S6 SPORT FLY,59.1,attribute,dimensions,length_feet,Length Feet,59.1 ft,ft,0.937,0,nKCO9dl0Rtw;BywEZ7BNKLc,,
azimut s6 sport fly,Azimut,S6 SPORT FLY,Azimut S6 SPORT FLY,59.1,attribute,comfort,air_conditioning,Air Conditioning,true,,0.92,4,nKCO9dl0Rtw;BywEZ7BNKLc,...i think they've they've thought of that i can see an air conditioning control here i've got some blinds which pull forward...,
azimut s6 sport fly,Azimut,S6 SPORT FLY,Azimut S6 SPORT FLY,59.1,attribute,handling,bow_thruster,Bow Thruster,true,,0.96,4,nKCO9dl0Rtw;BywEZ7BNKLc,...and keep everything in shot um and you got your your bow thruster your joystick your engine controls nice and hidden so...,
azimut s6 sport fly,Azimut,S6 SPORT FLY,Azimut S6 SPORT FLY,59.1,attribute,powertrain,drive_type,Drive Type,ips-pod,,0.98,4,nKCO9dl0Rtw;BywEZ7BNKLc,...flow all that sort of stuff well bugger that we're just going to go fast today because i've got a triple ips,
azimut s6 sport fly,Azimut,S6 SPORT FLY,Azimut S6 SPORT FLY,59.1,attribute,powertrain,engine_count,Engine Count,3 count,count,0.93,1,nKCO9dl0Rtw;BywEZ7BNKLc,...interest to you 60 foot a boat 30 tonne of boat triple motors this thing goes like about out of hell it's...,
azimut s6 sport fly,Azimut,S6 SPORT FLY,Azimut S6 SPORT FLY,59.1,attribute,powertrain,engine_power_hp,Engine Power Hp,550 hp,hp,0.89,1,nKCO9dl0Rtw;BywEZ7BNKLc,boat triple ips uh 700s that's 550 horsepower each and a really sweet hull i've just,
azimut s6 sport fly,Azimut,S6 SPORT FLY,Azimut S6 SPORT FLY,59.1,attribute,mission,family_suitable,Family Suitable,true,,0.85,1,nKCO9dl0Rtw;BywEZ7BNKLc,...is a lot of fun but what does it give you it gives you a big family friendly spacious luxurious powerboat so,
azimut s6 sport fly,Azimut,S6 SPORT FLY,Azimut S6 SPORT FLY,59.1,attribute,capacity,fuel_capacity_l,Fuel Capacity L,2600 L,L,0.93,1,nKCO9dl0Rtw;BywEZ7BNKLc,let's move forward see what's under here that's diesel tank so about 2600 liter tank is my understanding and we will be...,
azimut s6 sport fly,Azimut,S6 SPORT FLY,Azimut S6 SPORT FLY,59.1,attribute,performance,max_observed_speed_knots,Max Observed Speed Knots,32 kn,kn,0.89,2,nKCO9dl0Rtw;BywEZ7BNKLc,...um in big boats but this has got some just got some ups i'm doing 27 knots there that's effortless let's just,
azimut s6 sport fly,Azimut,S6 SPORT FLY,Azimut S6 SPORT FLY,59.1,attribute,character,premium_styling,Premium Styling,true,,0.82,4,nKCO9dl0Rtw;BywEZ7BNKLc,...hull as this boat but not with the uh the fly bridge the sexy fly bridge and i am going to drive,
back cove 34o,Back Cove,34O,Back Cove 34O,34.0,category,category,walkaround-day-boat,Walkaround Day Boat,true,,0.87,1,1CRUlmHUL2Y;-eMiNeFveMc,...this as yes it's their sexy lunch boat and their nice day boat but it's also their family entertainer it's their family...,
back cove 34o,Back Cove,34O,Back Cove 34O,34.0,attribute,dimensions,length_feet,Length Feet,34 ft,ft,0.937,0,1CRUlmHUL2Y;-eMiNeFveMc,,
back cove 34o,Back Cove,34O,Back Cove 34O,34.0,attribute,comfort,air_conditioning,Air Conditioning,true,,0.92,5,1CRUlmHUL2Y;-eMiNeFveMc,...and this central window even pops open so no need for aircon up here you do have aircon downstairs but up here...,
back cove 34o,Back Cove,34O,Back Cove 34O,34.0,attribute,handling,bow_thruster,Bow Thruster,true,,0.96,4,1CRUlmHUL2Y;-eMiNeFveMc,...boat we've been driving with the throttles and we got the bow thruster today but we do have the joystick so if...,
back cove 34o,Back Cove,34O,Back Cove 34O,34.0,attribute,performance,cruise_speed_knots,Cruise Speed Knots,25 kn,kn,0.93,2,1CRUlmHUL2Y;-eMiNeFveMc,...going to head out offshore [Music] and yeah i like this 23 knots cruise speed we're going to we're going to wind...,
back cove 34o,Back Cove,34O,Back Cove 34O,34.0,attribute,powertrain,drive_type,Drive Type,outboard,,0.96,5,1CRUlmHUL2Y;-eMiNeFveMc,...today i'm on a back cove 340. the o is for outboard so it's a brand new model from batcov who are...,multiple_values_review
back cove 34o,Back Cove,34O,Back Cove 34O,34.0,attribute,powertrain,drive_type,Drive Type,shaft,,0.97,3,1CRUlmHUL2Y;-eMiNeFveMc,...a brand new model from batcov who are traditionally known for shaft drive diesel boats this is taking it to the next...,multiple_values_review
back cove 34o,Back Cove,34O,Back Cove 34O,34.0,attribute,powertrain,engine_power_hp,Engine Power Hp,600 hp,hp,0.89,2,1CRUlmHUL2Y;-eMiNeFveMc,...telling us to get a cabin boat get a couple of twin 300 horsepower yamahas on the back get yourself some redundancy,
back cove 34o,Back Cove,34O,Back Cove 34O,34.0,attribute,systems,generator,Generator,true,,0.93,4,1CRUlmHUL2Y;-eMiNeFveMc,...and a two burner electric cooktop because we do have a generator just here um this one is your rubbish bin and...,
back cove 34o,Back Cove,34O,Back Cove 34O,34.0,attribute,performance,max_observed_speed_knots,Max Observed Speed Knots,7 kn,kn,0.89,1,1CRUlmHUL2Y;-eMiNeFveMc,i'm just doing seven knots through the water now the boats tracks nicely before we get up and on the plane will...,numeric_sanity_review
back cove 34o,Back Cove,34O,Back Cove 34O,34.0,attribute,mission,overnight_capable,Overnight Capable,true,,0.86,1,1CRUlmHUL2Y;-eMiNeFveMc,...and you know what you want you know you want to overnight you know you want something beautiful and you're sure you...,
back cove 34o,Back Cove,34O,Back Cove 34O,34.0,attribute,character,premium_styling,Premium Styling,true,,0.82,2,1CRUlmHUL2Y;-eMiNeFveMc,...some of that heat load the roof itself apart from being sexy and mounting your aerials and your other grab handles it's...,
back cove 390,Back Cove,390,Back Cove 390,39.0,category,category,centre-console,Centre Console,true,,0.96,1,1geTVgjJKTc,Pursuits you name it um intrepids uh with more open style center consoles or half cabins with big horsepower on the back...,
back cove 390,Back Cove,390,Back Cove 390,39.0,category,category,weekender-commuter,Weekender Commuter,true,,0.91,1,1geTVgjJKTc,"boats before this is a full cabin family Weekender should you need it to be and at 4,000 revs the fuel consumption...",
back cove 390,Back Cove,390,Back Cove 390,39.0,attribute,dimensions,length_feet,Length Feet,39 ft,ft,0.937,0,1geTVgjJKTc,,
back cove 390,Back Cove,390,Back Cove 390,39.0,attribute,performance,cruise_speed_knots,Cruise Speed Knots,30 kn,kn,0.93,5,1geTVgjJKTc,"...checking my speeds uh on my Navionics and a 29 knot 30 knot cruising speed going down stream at 3,500 ribs the...",
back cove 390,Back Cove,390,Back Cove 390,39.0,attribute,powertrain,drive_type,Drive Type,ips-pod,,0.96,2,1geTVgjJKTc,[Music] so this is the difference guys between a sha Drive IPS and Stern Drive boat that you might have been considering...,multiple_values_review
back cove 390,Back Cove,390,Back Cove 390,39.0,attribute,powertrain,drive_type,Drive Type,outboard,,0.94,2,1geTVgjJKTc,"...4,100 revs so just get that into your mind you've probably had outboard powered boats before this is a full cabin family",multiple_values_review
back cove 390,Back Cove,390,Back Cove 390,39.0,attribute,powertrain,drive_type,Drive Type,shaft,,0.95,1,1geTVgjJKTc,...you you don't really want to go back do you so shaft drives IPS drives whilst they have a place for many...,multiple_values_review
back cove 390,Back Cove,390,Back Cove 390,39.0,attribute,powertrain,drive_type,Drive Type,sterndrive,,0.94,1,1geTVgjJKTc,...this is the difference guys between a sha Drive IPS and Stern Drive boat that you might have been considering or Granddad...,multiple_values_review
back cove 390,Back Cove,390,Back Cove 390,39.0,attribute,mission,family_suitable,Family Suitable,true,,0.85,1,1geTVgjJKTc,...now you're looking for maybe something which is more like a family boat however you want to maintain those high speeds if...,
back cove 390,Back Cove,390,Back Cove 390,39.0,attribute,performance,max_observed_speed_knots,Max Observed Speed Knots,7 kn,kn,0.89,2,1geTVgjJKTc,...at all all so we'll just come through here we're just doing six knots I can feel the water now rushing under...,numeric_sanity_review
barbaros 33,Barbaros,33 lobster,Barbaros 33 lobster,33.0,category,category,lobster-downeast,Lobster Downeast,true,,0.96,2,H35AKVyRvs4;wwdD90jl8Vc,welcome to Scotland Island this is a absolutely beautiful part of Sydney guys and I'm on the barbarous 33 Lobster Boat,
barbaros 33,Barbaros,33 lobster,Barbaros 33 lobster,33.0,attribute,dimensions,length_feet,Length Feet,33 ft,ft,0.937,0,H35AKVyRvs4;wwdD90jl8Vc,,
barbaros 33,Barbaros,33 lobster,Barbaros 33 lobster,33.0,attribute,powertrain,drive_type,Drive Type,ips-pod,,0.96,1,H35AKVyRvs4;wwdD90jl8Vc,...with a Shar Drive compared to uh say Outboards or an IPS and um you just got to get used to it...,comparison_context_review;multiple_values_review
barbaros 33,Barbaros,33 lobster,Barbaros 33 lobster,33.0,attribute,powertrain,drive_type,Drive Type,outboard,,0.96,4,H35AKVyRvs4;wwdD90jl8Vc,with outboard engine so that's where I'm going with that a shaft drive does behave very differently if you've come out of...,comparison_context_review;multiple_values_review
barbaros 33,Barbaros,33 lobster,Barbaros 33 lobster,33.0,attribute,powertrain,drive_type,Drive Type,shaft,,0.97,5,H35AKVyRvs4;wwdD90jl8Vc,single shaft drive diesel classic good looks and practical well practical for some of you let me [Music] explain he tracking quite...,multiple_values_review
barbaros 33,Barbaros,33 lobster,Barbaros 33 lobster,33.0,attribute,powertrain,engine_power_hp,Engine Power Hp,340 hp,hp,0.89,1,H35AKVyRvs4;wwdD90jl8Vc,[Music] Yanmar 340 horsepower on this boat on a Straight Shaft bow and St thrusters guys and initially for this part of...,
barbaros 33,Barbaros,33 lobster,Barbaros 33 lobster,33.0,attribute,capacity,fuel_capacity_l,Fuel Capacity L,600 L,L,0.93,1,H35AKVyRvs4;wwdD90jl8Vc,...there that's the electric head with holding tank so we got 600 L of fuel we got 200 of water and we've...,
barbaros 33,Barbaros,33 lobster,Barbaros 33 lobster,33.0,attribute,mission,overnight_capable,Overnight Capable,true,,0.86,1,H35AKVyRvs4;wwdD90jl8Vc,you and your partner and overnighting with one other you absolutely can do that as well this is cool I'm Keen to...,
barbaros 33,Barbaros,33 lobster,Barbaros 33 lobster,33.0,attribute,handling,stern_thruster,Stern Thruster,true,,0.96,2,H35AKVyRvs4;wwdD90jl8Vc,...pretty good she's pretty good okay I've got my bow and Stern Thruster on and I'm going to just put the boat...,
barbaros 33,Barbaros,33 lobster,Barbaros 33 lobster,33.0,attribute,performance,top_speed_knots,Top Speed Knots,20 kn,kn,0.93,2,H35AKVyRvs4;wwdD90jl8Vc,...get the vat dived on in time for today so the top speed which is 20 knots of this boat it's not...,
barbaros 33,Barbaros,33 lobster,Barbaros 33 lobster,33.0,attribute,access,walkaround_decks,Walkaround Decks,true,,0.91,1,H35AKVyRvs4;wwdD90jl8Vc,...over the um the console just here the stone I can walk around access to the the four decks easy with the...,
belize 66 daybridge,Belize,66 daybridge,Belize 66 daybridge,66.0,attribute,dimensions,length_feet,Length Feet,66 ft,ft,0.937,0,dsx0pWapzMg;SArDpFV2viE,,
belize 66 daybridge,Belize,66 daybridge,Belize 66 daybridge,66.0,attribute,comfort,air_conditioning,Air Conditioning,true,,0.92,5,dsx0pWapzMg;SArDpFV2viE,...bit of an all weather situation and I've even got beautiful air conditioning on me right now. I'm quite comfortable in this...,
belize 66 daybridge,Belize,66 daybridge,Belize 66 daybridge,66.0,attribute,handling,bow_thruster,Bow Thruster,true,,0.96,4,dsx0pWapzMg;SArDpFV2viE,This boat's got the variable speed bow thruster. Electric.,
belize 66 daybridge,Belize,66 daybridge,Belize 66 daybridge,66.0,attribute,accommodation,cabins,Cabins,4 count,count,0.93,2,dsx0pWapzMg;SArDpFV2viE,"...have. Um, starting with the Grande Presidential, um, that is a three cabin, no crew. Okay. And then the presidential plus crew...",
belize 66 daybridge,Belize,66 daybridge,Belize 66 daybridge,66.0,attribute,accommodation,crew_cabin,Crew Cabin,configuration-dependent,,0.84,5,dsx0pWapzMg;SArDpFV2viE,"...for you because there's three different interior options in terms of crew cabin and cabins depending on what you want. So, we'll...",configuration_dependent
belize 66 daybridge,Belize,66 daybridge,Belize 66 daybridge,66.0,attribute,powertrain,drive_type,Drive Type,ips-pod,,0.98,5,dsx0pWapzMg;SArDpFV2viE,"...the sea breeze 25 odd knots. Like this boat handles it so well, especially with the side. Even though the IPS is",multiple_values_review
belize 66 daybridge,Belize,66 daybridge,Belize 66 daybridge,66.0,attribute,powertrain,drive_type,Drive Type,outboard,,0.94,1,dsx0pWapzMg;SArDpFV2viE,...got a brrig with a little center console and a bigger outboard. So this is what this particular owner has decided to...,multiple_values_review
belize 66 daybridge,Belize,66 daybridge,Belize 66 daybridge,66.0,attribute,powertrain,engine_power_hp,Engine Power Hp,1000 hp,hp,0.89,1,dsx0pWapzMg;SArDpFV2viE,"...the shelves, port aft. We're running the D13, so we got 1000 horsepower each. They're IPS's. The gen set is mounted on...",
belize 66 daybridge,Belize,66 daybridge,Belize 66 daybridge,66.0,attribute,accommodation,galley,Galley,true,,0.9,2,dsx0pWapzMg;SArDpFV2viE,...straight upstairs and then we're going to come back to the galley and the saloon and the lower helm because there's a...,
belize 66 daybridge,Belize,66 daybridge,Belize 66 daybridge,66.0,attribute,systems,generator,Generator,true,,0.93,3,dsx0pWapzMg;SArDpFV2viE,"...So you can basically get on the boat, turn on the generator, disconnect the shore power, it'll switch over automatically, and with...",
belize 66 daybridge,Belize,66 daybridge,Belize 66 daybridge,66.0,attribute,weather,opening_sunroof,Opening Sunroof,true,,0.93,2,dsx0pWapzMg;SArDpFV2viE,has been enclosed in clears. We do have an opening sunroof uh above us as well.,
belize 66 daybridge,Belize,66 daybridge,Belize 66 daybridge,66.0,attribute,accommodation,separate_shower,Separate Shower,true,,0.94,2,dsx0pWapzMg;SArDpFV2viE,"...you're going to be familiar with this fit and finish. So, just have a look in there. Proper separate shower. Lots of",
belize 66 daybridge,Belize,66 daybridge,Belize 66 daybridge,66.0,attribute,storage,tender_garage,Tender Garage,true,,0.96,3,dsx0pWapzMg;SArDpFV2viE,...engine bay. And it's actually not bad considering we have a tender garage. I'm going to take the camera and bring you...,
beneteau 32 gran turismo,Beneteau,32 GRAN turismo,Beneteau 32 GRAN turismo,32.0,category,category,sports-cruiser,Sports Cruiser,true,,0.97,1,GY3rcRcwfHc;WsqDzwkFNFs,of this space so what is really uh awesome about these full beam Sports Cruisers is,
beneteau 32 gran turismo,Beneteau,32 GRAN turismo,Beneteau 32 GRAN turismo,32.0,attribute,dimensions,length_feet,Length Feet,32 ft,ft,0.937,0,GY3rcRcwfHc;WsqDzwkFNFs,,
beneteau 32 gran turismo,Beneteau,32 GRAN turismo,Beneteau 32 GRAN turismo,32.0,attribute,comfort,air_conditioning,Air Conditioning,true,,0.92,5,GY3rcRcwfHc;WsqDzwkFNFs,conditioning this boat does have the generator and it's got the air conditioning including at the dash as well waist out is...,
beneteau 32 gran turismo,Beneteau,32 GRAN turismo,Beneteau 32 GRAN turismo,32.0,attribute,handling,bow_thruster,Bow Thruster,true,,0.96,2,GY3rcRcwfHc;WsqDzwkFNFs,...in the totally calm water there so that's perfectly fine the bow thruster let's just see how she behaves all right sounds...,
beneteau 32 gran turismo,Beneteau,32 GRAN turismo,Beneteau 32 GRAN turismo,32.0,attribute,powertrain,engine_power_hp,Engine Power Hp,230 hp,hp,0.91,4,GY3rcRcwfHc;WsqDzwkFNFs,...be a good little demonstration for you we are running the 230 horsepower Mercury is at diesels so this boat's you can...,
beneteau 32 gran turismo,Beneteau,32 GRAN turismo,Beneteau 32 GRAN turismo,32.0,attribute,capacity,fuel_capacity_l,Fuel Capacity L,800 L,L,0.95,3,GY3rcRcwfHc;WsqDzwkFNFs,...the zip Lakes which is about 4.7 tonne got 800 liter fuel capacity in two tanks of 400 liters and my first...,
beneteau 32 gran turismo,Beneteau,32 GRAN turismo,Beneteau 32 GRAN turismo,32.0,attribute,accommodation,galley,Galley,true,,0.9,1,GY3rcRcwfHc;WsqDzwkFNFs,...boat and forward I have the bow thruster battery now just here we have more Galley facilities because we have a second,
beneteau 32 gran turismo,Beneteau,32 GRAN turismo,Beneteau 32 GRAN turismo,32.0,attribute,systems,generator,Generator,true,,0.93,2,GY3rcRcwfHc;WsqDzwkFNFs,conditioning this boat does have the generator and it's got the air conditioning including at the dash as well waist out is...,
beneteau 32 gran turismo,Beneteau,32 GRAN turismo,Beneteau 32 GRAN turismo,32.0,attribute,performance,max_observed_speed_knots,Max Observed Speed Knots,20 kn,kn,0.89,2,GY3rcRcwfHc;WsqDzwkFNFs,...chart sonar no there we go play again let's try charts there we go okay 20 knots I'm doing 20 knots right,
beneteau 32 gran turismo,Beneteau,32 GRAN turismo,Beneteau 32 GRAN turismo,32.0,attribute,weather,opening_sunroof,Opening Sunroof,true,,0.93,2,GY3rcRcwfHc;WsqDzwkFNFs,...this style of boats don't always have the sunroofs you do want a sunroof an opening sunroof on this because with all,
beneteau 32 gran turismo,Beneteau,32 GRAN turismo,Beneteau 32 GRAN turismo,32.0,attribute,mission,overnight_capable,Overnight Capable,true,,0.86,2,GY3rcRcwfHc;WsqDzwkFNFs,...here so if you do have some an extra couple staying overnight on this boat they might utilize this area just here...,
beneteau 32 gran turismo,Beneteau,32 GRAN turismo,Beneteau 32 GRAN turismo,32.0,attribute,accommodation,separate_shower,Separate Shower,true,,0.94,1,GY3rcRcwfHc;WsqDzwkFNFs,you probably can so separate shower this is what I love like we we're only on a 32 foot boat,
beneteau 45 gran turismo,Beneteau,45 GRAN turismo,Beneteau 45 GRAN turismo,45.0,category,category,sport-yacht,Sport Yacht,true,,0.99,3,rUAtLUD1jmU;AvHZcGr5Uaw,13 minutesgot the Riviera 4600 sport yacht and you've got the c-line c430 I see this one being the Epic awesome day...,
beneteau 45 gran turismo,Beneteau,45 GRAN turismo,Beneteau 45 GRAN turismo,45.0,category,category,sports-cruiser,Sports Cruiser,true,,0.99,5,rUAtLUD1jmU;AvHZcGr5Uaw,so welcome to the mass Market of sports Cruisers in Sydney guys this size of boat will fit in any Marina any...,
beneteau 45 gran turismo,Beneteau,45 GRAN turismo,Beneteau 45 GRAN turismo,45.0,category,category,walkaround-day-boat,Walkaround Day Boat,true,,0.89,5,rUAtLUD1jmU;AvHZcGr5Uaw,...it's really going to be easy to operate for your social day boat scene but it's a busy part of the market...,
beneteau 45 gran turismo,Beneteau,45 GRAN turismo,Beneteau 45 GRAN turismo,45.0,attribute,dimensions,length_feet,Length Feet,45 ft,ft,0.937,0,rUAtLUD1jmU;AvHZcGr5Uaw,,
beneteau 45 gran turismo,Beneteau,45 GRAN turismo,Beneteau 45 GRAN turismo,45.0,attribute,comfort,air_conditioning,Air Conditioning,true,,0.92,5,rUAtLUD1jmU;AvHZcGr5Uaw,...whether it's here Dubai or Miami you could just run the air conditioning so that's a super big benefit or on this...,
beneteau 45 gran turismo,Beneteau,45 GRAN turismo,Beneteau 45 GRAN turismo,45.0,attribute,handling,bow_thruster,Bow Thruster,true,,0.96,4,rUAtLUD1jmU;AvHZcGr5Uaw,solution so it is what it is the bow thruster logical place forward just there and then we have our engine diagnostics...,
beneteau 45 gran turismo,Beneteau,45 GRAN turismo,Beneteau 45 GRAN turismo,45.0,attribute,accommodation,cabins,Cabins,3 count,count,0.95,4,rUAtLUD1jmU;AvHZcGr5Uaw,three cabins worth of boat your own tender garage all of that set up it's really really good,
beneteau 45 gran turismo,Beneteau,45 GRAN turismo,Beneteau 45 GRAN turismo,45.0,attribute,performance,cruise_speed_knots,Cruise Speed Knots,27 kn,kn,0.93,1,rUAtLUD1jmU;AvHZcGr5Uaw,Cruiser should be like it's fun it's sporty and having a 27 knot cruising,
beneteau 45 gran turismo,Beneteau,45 GRAN turismo,Beneteau 45 GRAN turismo,45.0,attribute,powertrain,drive_type,Drive Type,ips-pod,,0.98,5,rUAtLUD1jmU;AvHZcGr5Uaw,some fish and chips and then Anchor It Camp Cove perfect destinations for this boat so IPS,multiple_values_review
beneteau 45 gran turismo,Beneteau,45 GRAN turismo,Beneteau 45 GRAN turismo,45.0,attribute,powertrain,drive_type,Drive Type,sterndrive,,0.94,1,rUAtLUD1jmU;AvHZcGr5Uaw,...say the 32 Gran Turismo all we're doing is going from Stern drives to ips's so you may have already had the,multiple_values_review
beneteau 45 gran turismo,Beneteau,45 GRAN turismo,Beneteau 45 GRAN turismo,45.0,attribute,accommodation,galley,Galley,true,,0.9,3,rUAtLUD1jmU;AvHZcGr5Uaw,...got beautiful views out through this window same again over the galley we've got this fixed table which is good enough for...,
beneteau 45 gran turismo,Beneteau,45 GRAN turismo,Beneteau 45 GRAN turismo,45.0,attribute,hull,hull_form,Hull Form,rib,,0.95,1,rUAtLUD1jmU;AvHZcGr5Uaw,knots okay that rib's going to pass me to Port my fuel consumption's now popping at 73 aside and I'm gonna pop...,
beneteau 45 gran turismo,Beneteau,45 GRAN turismo,Beneteau 45 GRAN turismo,45.0,attribute,character,premium_styling,Premium Styling,true,,0.82,1,rUAtLUD1jmU;AvHZcGr5Uaw,...functionality of this because it's still keeping the boats lined it's sexy and it's super practical which we'll get to in a...,
beneteau 45 gran turismo,Beneteau,45 GRAN turismo,Beneteau 45 GRAN turismo,45.0,attribute,accommodation,separate_shower,Separate Shower,true,,0.94,2,rUAtLUD1jmU;AvHZcGr5Uaw,...you the day head two toilets in this boat so pay attention separate shower so all of you thinking or about treating,
beneteau 45 gran turismo,Beneteau,45 GRAN turismo,Beneteau 45 GRAN turismo,45.0,attribute,storage,tender_garage,Tender Garage,true,,0.96,1,rUAtLUD1jmU;AvHZcGr5Uaw,three cabins worth of boat your own tender garage all of that set up it's really really good,
beneteau gt36,Beneteau,GT36 GIVES YOU,Beneteau GT36 GIVES YOU,36.0,category,category,sports-cruiser,Sports Cruiser,true,,0.97,2,F99W1d-Kd-k;8G9FJJPHQDI,...enough for this style of boat it's not millimeter accuracy but it's not a highspeed high performance boat it's a sports Cruiser,
beneteau gt36,Beneteau,GT36 GIVES YOU,Beneteau GT36 GIVES YOU,36.0,category,category,walkaround-day-boat,Walkaround Day Boat,true,,0.87,1,F99W1d-Kd-k;8G9FJJPHQDI,...you get lots of stuff in there remember this is a day boat which you go out for the weekend got some...,
beneteau gt36,Beneteau,GT36 GIVES YOU,Beneteau GT36 GIVES YOU,36.0,attribute,dimensions,length_feet,Length Feet,36 ft,ft,0.937,0,F99W1d-Kd-k;8G9FJJPHQDI,,
beneteau gt36,Beneteau,GT36 GIVES YOU,Beneteau GT36 GIVES YOU,36.0,attribute,comfort,air_conditioning,Air Conditioning,true,,0.92,4,F99W1d-Kd-k;8G9FJJPHQDI,...it's raining we just use these windows but we also have air conditioning just here at the helm so that's good and...,
beneteau gt36,Beneteau,GT36 GIVES YOU,Beneteau GT36 GIVES YOU,36.0,attribute,accommodation,cabins,Cabins,2 count,count,0.93,2,F99W1d-Kd-k;8G9FJJPHQDI,...see value because it's almost hard to tell the difference obviously they're very different boats uh inherently but still two cabins a,
beneteau gt36,Beneteau,GT36 GIVES YOU,Beneteau GT36 GIVES YOU,36.0,attribute,performance,cruise_speed_knots,Cruise Speed Knots,27 kn,kn,0.93,5,F99W1d-Kd-k;8G9FJJPHQDI,...cruise for eating up miles is probably prob about that 27 knot range the slow cruise is 23 knots noise levels are,
beneteau gt36,Beneteau,GT36 GIVES YOU,Beneteau GT36 GIVES YOU,36.0,attribute,powertrain,drive_type,Drive Type,outboard,,0.96,4,F99W1d-Kd-k;8G9FJJPHQDI,...for you today because we're on the Beno 36 GT with Outboards not the inboards so you can come to places like...,
beneteau gt36,Beneteau,GT36 GIVES YOU,Beneteau GT36 GIVES YOU,36.0,attribute,powertrain,engine_power_hp,Engine Power Hp,300 hp,hp,0.89,1,F99W1d-Kd-k;8G9FJJPHQDI,...side uh that's 108 Gall but it's normally powered by twin 300 horsepower Volvo inboards but on this boat we got twin...,
beneteau gt36,Beneteau,GT36 GIVES YOU,Beneteau GT36 GIVES YOU,36.0,attribute,capacity,fuel_capacity_l,Fuel Capacity L,48 L,L,0.93,1,F99W1d-Kd-k;8G9FJJPHQDI,"...I've written this down that's 5,849 for the Americans watching and fuel capacity we have two tanks 48 L on each side...",numeric_sanity_review
beneteau gt36,Beneteau,GT36 GIVES YOU,Beneteau GT36 GIVES YOU,36.0,attribute,accommodation,galley,Galley,true,,0.9,1,F99W1d-Kd-k;8G9FJJPHQDI,...should be and then come forward and we'll check out the galley neat Galley remember we've already got the barbecue station out...,
beneteau gt36,Beneteau,GT36 GIVES YOU,Beneteau GT36 GIVES YOU,36.0,attribute,mission,overnight_capable,Overnight Capable,true,,0.86,2,F99W1d-Kd-k;8G9FJJPHQDI,...of people and how comfortable you're going to be for an overnight keep [Music] watching a boat like this equipped with Elon...,
beneteau gt36,Beneteau,GT36 GIVES YOU,Beneteau GT36 GIVES YOU,36.0,attribute,accommodation,separate_shower,Separate Shower,true,,0.94,2,F99W1d-Kd-k;8G9FJJPHQDI,...um the head is quite impressive because we have a proper separate shower I note on the 41 GT the toilet is...,
beneteau gt41,Beneteau,GT41,Beneteau GT41,41.0,category,category,sports-cruiser,Sports Cruiser,true,,0.99,5,0rjO01hve44;I9jTfGBYnEI,...like this in under an hour that's the benefit of a sports Cruiser I suspect many of you that are interested in...,
beneteau gt41,Beneteau,GT41,Beneteau GT41,41.0,category,category,weekender-commuter,Weekender Commuter,true,,0.91,1,0rjO01hve44;I9jTfGBYnEI,...odd pot and pan don't go overboard it is still a Weekender it's not a boat that you spend weeks and months...,
beneteau gt41,Beneteau,GT41,Beneteau GT41,41.0,attribute,dimensions,length_feet,Length Feet,41 ft,ft,0.937,0,0rjO01hve44;I9jTfGBYnEI,,
beneteau gt41,Beneteau,GT41,Beneteau GT41,41.0,attribute,comfort,air_conditioning,Air Conditioning,true,,0.92,5,0rjO01hve44;I9jTfGBYnEI,...mass Market family friendly two cabins one toilet separate shower generator air conditioning or options and all your toys and swimming capabilities...,
beneteau gt41,Beneteau,GT41,Beneteau GT41,41.0,attribute,access,beach_club,Beach Club,true,,0.97,2,0rjO01hve44;I9jTfGBYnEI,...need to think about this platform as a bit of a beach club it's not so much a huge tender deployment system...,
beneteau gt41,Beneteau,GT41,Beneteau GT41,41.0,attribute,accommodation,cabins,Cabins,3 count,count,0.93,3,0rjO01hve44;I9jTfGBYnEI,...is what I would consider the mass mass Market family friendly two cabins one toilet separate shower generator air conditioning or options...,
beneteau gt41,Beneteau,GT41,Beneteau GT41,41.0,attribute,powertrain,drive_type,Drive Type,sterndrive,,0.96,4,0rjO01hve44;I9jTfGBYnEI,...quite efficient the diesels compared to the petrol Alternatives um inboard stern drive if that wasn't obvious already that's how we get...,comparison_context_review
beneteau gt41,Beneteau,GT41,Beneteau GT41,41.0,attribute,mission,family_suitable,Family Suitable,true,,0.85,1,0rjO01hve44;I9jTfGBYnEI,...so this is what I would consider the mass mass Market family friendly two cabins one toilet separate shower generator air conditioning...,
beneteau gt41,Beneteau,GT41,Beneteau GT41,41.0,attribute,capacity,fuel_capacity_l,Fuel Capacity L,80 L,L,0.93,2,0rjO01hve44;I9jTfGBYnEI,"...,150 RPM 3,150 26 knots 26 knots let's go to 3200 80 L Fuel flow okay 3200 revs just there just touching...",
beneteau gt41,Beneteau,GT41,Beneteau GT41,41.0,attribute,accommodation,galley,Galley,true,,0.9,1,0rjO01hve44;I9jTfGBYnEI,...and see if I missed anything we better look at the galley before we have a look at the engine sorry guys...,
beneteau gt41,Beneteau,GT41,Beneteau GT41,41.0,attribute,systems,generator,Generator,true,,0.93,1,0rjO01hve44;I9jTfGBYnEI,...mass mass Market family friendly two cabins one toilet separate shower generator air conditioning or options and all your toys and swimming...,
beneteau gt41,Beneteau,GT41,Beneteau GT41,41.0,attribute,handling,joystick_control,Joystick Control,true,,0.94,1,0rjO01hve44;I9jTfGBYnEI,you need um electronic throttles the joystick control here bath Thruster I'm going to dedicate my right hand primarily for all those...,
beneteau gt41,Beneteau,GT41,Beneteau GT41,41.0,attribute,weather,opening_sunroof,Opening Sunroof,true,,0.93,1,0rjO01hve44;I9jTfGBYnEI,...hand straight up here which is actually the structure of the opening sunroof that that gives you the ability to hold on...,
beneteau gt41,Beneteau,GT41,Beneteau GT41,41.0,attribute,character,premium_styling,Premium Styling,true,,0.82,1,0rjO01hve44;I9jTfGBYnEI,...appreciate something like this this is a lux y kind of sexy apartment that comes with you at speed so that's that's...,
beneteau gt41,Beneteau,GT41,Beneteau GT41,41.0,attribute,accommodation,separate_shower,Separate Shower,true,,0.94,3,0rjO01hve44;I9jTfGBYnEI,...consider the mass mass Market family friendly two cabins one toilet separate shower generator air conditioning or options and all your toys...,
beneteau 41,Beneteau,SWIFT trawler 41,Beneteau SWIFT trawler 41,41.0,attribute,dimensions,length_feet,Length Feet,41 ft,ft,0.937,0,RtIxBYpkbcA;fsfHtoVBVDs,,
beneteau 41,Beneteau,SWIFT trawler 41,Beneteau SWIFT trawler 41,41.0,attribute,handling,bow_thruster,Bow Thruster,true,,0.96,4,RtIxBYpkbcA;fsfHtoVBVDs,...showing up on my autopilot on the port side of the wheel as well if i needed to use the bow thruster,
beneteau 41,Beneteau,SWIFT trawler 41,Beneteau SWIFT trawler 41,41.0,attribute,accommodation,crew_cabin,Crew Cabin,true,,0.96,1,RtIxBYpkbcA;fsfHtoVBVDs,...in europe this would probably refer be referred to as the crew cabin because it's got a single bed it's actually got...,
beneteau 41,Beneteau,SWIFT trawler 41,Beneteau SWIFT trawler 41,41.0,attribute,performance,cruise_speed_knots,Cruise Speed Knots,6 kn,kn,0.93,3,RtIxBYpkbcA;fsfHtoVBVDs,...to see that's really good to see but yeah we're just cruising down the broad water here we're in a six knot...,
beneteau 41,Beneteau,SWIFT trawler 41,Beneteau SWIFT trawler 41,41.0,attribute,powertrain,drive_type,Drive Type,shaft,,0.95,1,RtIxBYpkbcA;fsfHtoVBVDs,...bay um we got our tanks on either side so it's two tanks we're straight shaft i got easy access so i,
beneteau 41,Beneteau,SWIFT trawler 41,Beneteau SWIFT trawler 41,41.0,attribute,accommodation,galley,Galley,true,,0.9,3,RtIxBYpkbcA;fsfHtoVBVDs,heaps of storage so moving into the galley it's a bit of a u-shaped gallery you can sort of operate quite easily...,
beneteau 41,Beneteau,SWIFT trawler 41,Beneteau SWIFT trawler 41,41.0,attribute,systems,generator,Generator,true,,0.93,1,RtIxBYpkbcA;fsfHtoVBVDs,the boat and then we have a generator stern thruster with its own battery and more storage all the way around so...,
beneteau 41,Beneteau,SWIFT trawler 41,Beneteau SWIFT trawler 41,41.0,attribute,accommodation,separate_shower,Separate Shower,configuration-dependent,,0.82,2,RtIxBYpkbcA;fsfHtoVBVDs,area up the top two toilets separate shower washing machine you name it you can go away for a long time so...,configuration_dependent
beneteau 41,Beneteau,SWIFT trawler 41,Beneteau SWIFT trawler 41,41.0,attribute,handling,stern_thruster,Stern Thruster,true,,0.96,1,RtIxBYpkbcA;fsfHtoVBVDs,the boat and then we have a generator stern thruster with its own battery and more storage all the way around so...,
bluegame bgx63,Bluegame,BGX63 IN thailand,Bluegame BGX63 IN thailand,63.0,attribute,dimensions,length_feet,Length Feet,63 ft,ft,0.937,0,1hCb5aJK73M;fAS1mdb1bHk,,
bluegame bgx63,Bluegame,BGX63 IN thailand,Bluegame BGX63 IN thailand,63.0,attribute,comfort,air_conditioning,Air Conditioning,true,,0.92,5,1hCb5aJK73M;fAS1mdb1bHk,...with the seat here but it's all functional I got my air conditioning which you definitely need here in Thailand I've got...,
bluegame bgx63,Bluegame,BGX63 IN thailand,Bluegame BGX63 IN thailand,63.0,attribute,access,beach_club,Beach Club,true,,0.97,1,1hCb5aJK73M;fAS1mdb1bHk,...water you have the ability to go out onto the huge beach club area once the tenders jet skis are deployed you're...,
bluegame bgx63,Bluegame,BGX63 IN thailand,Bluegame BGX63 IN thailand,63.0,attribute,accommodation,cabins,Cabins,2 count,count,0.93,1,1hCb5aJK73M;fAS1mdb1bHk,so if you went for the standard two cabin layout you don't necessarily need to have a door here it can be...,
bluegame bgx63,Bluegame,BGX63 IN thailand,Bluegame BGX63 IN thailand,63.0,attribute,accommodation,crew_cabin,Crew Cabin,true,,0.96,2,1hCb5aJK73M;fAS1mdb1bHk,you're in perfect for sun lounging or coming up here when the sun isn't too strong we also have a crew cabin,
bluegame bgx63,Bluegame,BGX63 IN thailand,Bluegame BGX63 IN thailand,63.0,attribute,performance,cruise_speed_knots,Cruise Speed Knots,23 kn,kn,0.93,2,1hCb5aJK73M;fAS1mdb1bHk,...the wide open and let's bring it back and find our cruise which feels much more like a 21 to 23 knots...,
bluegame bgx63,Bluegame,BGX63 IN thailand,Bluegame BGX63 IN thailand,63.0,attribute,powertrain,drive_type,Drive Type,ips-pod,,0.98,3,1hCb5aJK73M;fAS1mdb1bHk,...commanding like this is really cool okay so we got the IPS uh 1200s on this boat but that means 900 horsepower...,
bluegame bgx63,Bluegame,BGX63 IN thailand,Bluegame BGX63 IN thailand,63.0,attribute,powertrain,engine_power_hp,Engine Power Hp,900 hp,hp,0.89,1,1hCb5aJK73M;fAS1mdb1bHk,...we got the IPS uh 1200s on this boat but that means 900 horsepower guys so that's the upgraded from the standard,
bluegame bgx63,Bluegame,BGX63 IN thailand,Bluegame BGX63 IN thailand,63.0,attribute,systems,generator,Generator,true,,0.93,1,1hCb5aJK73M;fAS1mdb1bHk,the generator raw water pickup and then you've got the extractor cooling fans just there that's your gen set location,
bluegame bgx63,Bluegame,BGX63 IN thailand,Bluegame BGX63 IN thailand,63.0,attribute,hull,hull_form,Hull Form,rib,,0.95,1,1hCb5aJK73M;fAS1mdb1bHk,...back here so you might do a jet ski here and a rib there you work it out and once all your,
bluegame bgx63,Bluegame,BGX63 IN thailand,Bluegame BGX63 IN thailand,63.0,attribute,mission,overnight_capable,Overnight Capable,true,,0.86,1,1hCb5aJK73M;fAS1mdb1bHk,sweet and you've also got private access into the day head that door's lockable so if that becomes comes an overnight,
bluegame bgx63,Bluegame,BGX63 IN thailand,Bluegame BGX63 IN thailand,63.0,attribute,accommodation,separate_shower,Separate Shower,true,,0.94,2,1hCb5aJK73M;fAS1mdb1bHk,...it it feels so homely and stylish so you got a separate shower in there look at the look at the tap...,
boston whaler 330 vantage,Boston Whaler,330 vantage SAFETY SPACE,Boston Whaler 330 vantage SAFETY SPACE,33.0,category,category,bowrider-runabout,Bowrider Runabout,true,,0.95,2,c6PyinjcLDQ;3Ee3MGTvavY,"...a fishing boat. Okay, that's okay. What I don't want to do is rip past a little low bow bow rider and",
boston whaler 330 vantage,Boston Whaler,330 vantage SAFETY SPACE,Boston Whaler 330 vantage SAFETY SPACE,33.0,category,category,walkaround-day-boat,Walkaround Day Boat,true,,0.89,3,c6PyinjcLDQ;3Ee3MGTvavY,riders and and day boats. And,
boston whaler 330 vantage,Boston Whaler,330 vantage SAFETY SPACE,Boston Whaler 330 vantage SAFETY SPACE,33.0,attribute,dimensions,length_feet,Length Feet,33 ft,ft,0.937,0,c6PyinjcLDQ;3Ee3MGTvavY,,
boston whaler 330 vantage,Boston Whaler,330 vantage SAFETY SPACE,Boston Whaler 330 vantage SAFETY SPACE,33.0,attribute,comfort,air_conditioning,Air Conditioning,true,,0.92,3,c6PyinjcLDQ;3Ee3MGTvavY,"also, if you're not air conditioning",
boston whaler 330 vantage,Boston Whaler,330 vantage SAFETY SPACE,Boston Whaler 330 vantage SAFETY SPACE,33.0,attribute,performance,cruise_speed_knots,Cruise Speed Knots,29 kn,kn,0.93,1,c6PyinjcLDQ;3Ee3MGTvavY,"We can load this thing up, maintain a cruising speed of that 29 knots, no",
boston whaler 330 vantage,Boston Whaler,330 vantage SAFETY SPACE,Boston Whaler 330 vantage SAFETY SPACE,33.0,attribute,handling,dynamic_positioning,Dynamic Positioning,true,,0.94,3,c6PyinjcLDQ;3Ee3MGTvavY,...going to not scare them and I'm just going to press skyhook before they get confused and we'll stay out of their...,
boston whaler 330 vantage,Boston Whaler,330 vantage SAFETY SPACE,Boston Whaler 330 vantage SAFETY SPACE,33.0,attribute,weather,enclosable_cockpit,Enclosable Cockpit,true,,0.95,1,c6PyinjcLDQ;3Ee3MGTvavY,"...store the boat with removing the Eisen glass, which does uh enclose the back of the boat, keeps this area uh protected...",
boston whaler 330 vantage,Boston Whaler,330 vantage SAFETY SPACE,Boston Whaler 330 vantage SAFETY SPACE,33.0,attribute,systems,generator,Generator,true,,0.93,1,c6PyinjcLDQ;3Ee3MGTvavY,"genset back after, but this makes more",
boston whaler 330 vantage,Boston Whaler,330 vantage SAFETY SPACE,Boston Whaler 330 vantage SAFETY SPACE,33.0,attribute,performance,max_observed_speed_knots,Max Observed Speed Knots,43 kn,kn,0.89,2,c6PyinjcLDQ;3Ee3MGTvavY,"now I'm at 19 knots. So, I suspect you'll want to drop off the plane soon.",
boston whaler 330 vantage,Boston Whaler,330 vantage SAFETY SPACE,Boston Whaler 330 vantage SAFETY SPACE,33.0,attribute,access,side_boarding_door,Side Boarding Door,true,,0.93,4,c6PyinjcLDQ;3Ee3MGTvavY,"Uh, first things first, we've got the boarding door. So, this is just a public dock, so we've just we haven't secured...",
boston whaler 330 vantage,Boston Whaler,330 vantage SAFETY SPACE,Boston Whaler 330 vantage SAFETY SPACE,33.0,attribute,performance,top_speed_knots,Top Speed Knots,50 kn,kn,0.93,1,c6PyinjcLDQ;3Ee3MGTvavY,"can do 50 knots with just two people on board, obviously we're in light ship mode, that equates to an easy 30...",
boston whaler 365 conquest,Boston Whaler,365 conquest,Boston Whaler 365 conquest,36.5,attribute,dimensions,length_feet,Length Feet,36.5 ft,ft,0.937,0,lAtcstXXx0k,,
boston whaler 365 conquest,Boston Whaler,365 conquest,Boston Whaler 365 conquest,36.5,attribute,comfort,air_conditioning,Air Conditioning,true,,0.92,1,lAtcstXXx0k,"...if I want to get some air in, yes, we have air conditioning available to us, but I can just open these...",
boston whaler 365 conquest,Boston Whaler,365 conquest,Boston Whaler 365 conquest,36.5,attribute,performance,cruise_speed_knots,Cruise Speed Knots,8 kn,kn,0.93,1,lAtcstXXx0k,Uh I'm going to go from an 8 knot cruise straight up into the low 20s. I've got trim down and I'm...,
boston whaler 365 conquest,Boston Whaler,365 conquest,Boston Whaler 365 conquest,36.5,attribute,handling,dynamic_positioning,Dynamic Positioning,true,,0.94,5,lAtcstXXx0k,practice this joystick. I've deactivated Skyhook now. And I do have some wind and tide pushing me in that direction. And let's...,
boston whaler 365 conquest,Boston Whaler,365 conquest,Boston Whaler 365 conquest,36.5,attribute,mission,fishing_suitable,Fishing Suitable,true,,0.88,2,lAtcstXXx0k,And we got some boys with the fishing rods here. Okay. So I won't actually get too close because I don't want...,
boston whaler 365 conquest,Boston Whaler,365 conquest,Boston Whaler 365 conquest,36.5,attribute,systems,generator,Generator,true,,0.93,1,lAtcstXXx0k,"...big boat. You've got all the comforts of a big boat. Generator, gyro, accommodation, lots and lots of space here for socializing....",
boston whaler 365 conquest,Boston Whaler,365 conquest,Boston Whaler 365 conquest,36.5,attribute,performance,max_observed_speed_knots,Max Observed Speed Knots,40 kn,kn,0.89,1,lAtcstXXx0k,"it 15. There I'm at 40 knots. Ripping along. Actually, this is this is noticeable and blistering acceleration",
boston whaler 405 conquest,Boston Whaler,405 conquest,Boston Whaler 405 conquest,40.5,attribute,dimensions,length_feet,Length Feet,40.5 ft,ft,0.937,0,M6EyPDhCFos;Cdk1Cj2-f38,,
boston whaler 405 conquest,Boston Whaler,405 conquest,Boston Whaler 405 conquest,40.5,attribute,comfort,air_conditioning,Air Conditioning,true,,0.92,5,M6EyPDhCFos;Cdk1Cj2-f38,windless operation horn this is our air conditioning navigation lights build pumps and that's your high water alarms just there I like...,
boston whaler 405 conquest,Boston Whaler,405 conquest,Boston Whaler 405 conquest,40.5,attribute,performance,cruise_speed_knots,Cruise Speed Knots,27 kn,kn,0.93,2,M6EyPDhCFos;Cdk1Cj2-f38,...you may have at this point in time so super easy cruising 23 knots and once again if I run down swell...,
boston whaler 405 conquest,Boston Whaler,405 conquest,Boston Whaler 405 conquest,40.5,attribute,powertrain,drive_type,Drive Type,ips-pod,,0.98,3,M6EyPDhCFos;Cdk1Cj2-f38,...you're running at a Sim similar speed if you had an IPS a lot of them are quite quiet so it may...,multiple_values_review
boston whaler 405 conquest,Boston Whaler,405 conquest,Boston Whaler 405 conquest,40.5,attribute,powertrain,drive_type,Drive Type,outboard,,0.94,1,M6EyPDhCFos;Cdk1Cj2-f38,...if you had uh anything up to you know 450 horsepower Outboards they are going to um they're going to turn left...,multiple_values_review
boston whaler 405 conquest,Boston Whaler,405 conquest,Boston Whaler 405 conquest,40.5,attribute,powertrain,drive_type,Drive Type,shaft,,0.97,3,M6EyPDhCFos;Cdk1Cj2-f38,...you're going to be used to if you've had a big shaft drive it's going to be a much noisier experience down...,multiple_values_review
boston whaler 405 conquest,Boston Whaler,405 conquest,Boston Whaler 405 conquest,40.5,attribute,handling,dynamic_positioning,Dynamic Positioning,true,,0.94,1,M6EyPDhCFos;Cdk1Cj2-f38,...I'm bring the joystick back and now I'm going to go Skyhook just see how long it takes to respond because okay...,
boston whaler 405 conquest,Boston Whaler,405 conquest,Boston Whaler 405 conquest,40.5,attribute,powertrain,engine_count,Engine Count,2 count,count,0.93,1,M6EyPDhCFos;Cdk1Cj2-f38,...um it's whil I have operated the joystick on couple of twin engine v12s this is my first time on a triple...,
boston whaler 405 conquest,Boston Whaler,405 conquest,Boston Whaler 405 conquest,40.5,attribute,powertrain,engine_power_hp,Engine Power Hp,600 hp,hp,0.91,2,M6EyPDhCFos;Cdk1Cj2-f38,...going to be the very detailed tool we're running triple V12 600 horsepower so you may have seen these with quad rigs...,
boston whaler 405 conquest,Boston Whaler,405 conquest,Boston Whaler 405 conquest,40.5,attribute,accommodation,galley,Galley,true,,0.9,3,M6EyPDhCFos;Cdk1Cj2-f38,...but let's come in here and have a look at the galley so we actually have an ice maker just in there...,
boston whaler 405 conquest,Boston Whaler,405 conquest,Boston Whaler 405 conquest,40.5,attribute,systems,generator,Generator,true,,0.93,1,M6EyPDhCFos;Cdk1Cj2-f38,...batteries just here then you got your house battery and your generator battery so all of these need to go on then...,
boston whaler 405 conquest,Boston Whaler,405 conquest,Boston Whaler 405 conquest,40.5,attribute,handling,joystick_control,Joystick Control,true,,0.94,1,M6EyPDhCFos;Cdk1Cj2-f38,...guys um normally I'm not a huge fan of the Mercury joystick system because every every boat's different and I'm used to,
boston whaler 405 conquest,Boston Whaler,405 conquest,Boston Whaler 405 conquest,40.5,attribute,access,side_boarding_door,Side Boarding Door,true,,0.93,2,M6EyPDhCFos;Cdk1Cj2-f38,...handy so on the port side we've got a door a dive door and the dive ladder stows just under there and...,
cantiere delle marche 102,Cantiere Delle Marche,Darwin 102,Cantiere Delle Marche Darwin 102,102.0,category,category,explorer-expedition,Explorer Expedition,true,,0.97,2,KBkfpbS3lCw;XzoKu_BS4Sw,...zero two there you go we're close enough um a true Explorer yacht so uh in this video we're going to be...,
cantiere delle marche 102,Cantiere Delle Marche,Darwin 102,Cantiere Delle Marche Darwin 102,102.0,attribute,dimensions,length_feet,Length Feet,102 ft,ft,0.99,0,KBkfpbS3lCw;XzoKu_BS4Sw,,
cantiere delle marche 102,Cantiere Delle Marche,Darwin 102,Cantiere Delle Marche Darwin 102,102.0,attribute,accommodation,cabins,Cabins,2 count,count,0.93,1,KBkfpbS3lCw;XzoKu_BS4Sw,...the stowed position so you can do six kids in these two cabins if you choose another toilet and separate shower and...,
cantiere delle marche 102,Cantiere Delle Marche,Darwin 102,Cantiere Delle Marche Darwin 102,102.0,attribute,accommodation,crew_cabin,Crew Cabin,true,,0.96,1,KBkfpbS3lCw;XzoKu_BS4Sw,...are more than adequate up forward and the separation between the crew cabin and my cabin up in the wheel behind the...,
cantiere delle marche 102,Cantiere Delle Marche,Darwin 102,Cantiere Delle Marche Darwin 102,102.0,attribute,powertrain,drive_type,Drive Type,outboard,,0.94,2,KBkfpbS3lCw;XzoKu_BS4Sw,...didn't no right no some there were sections that could so you could swing the outboard around and slide it in okay,
cantiere delle marche 102,Cantiere Delle Marche,Darwin 102,Cantiere Delle Marche Darwin 102,102.0,attribute,accommodation,galley,Galley,true,,0.9,2,KBkfpbS3lCw;XzoKu_BS4Sw,no one's in here so here we go full on professional galley,
cantiere delle marche 102,Cantiere Delle Marche,Darwin 102,Cantiere Delle Marche Darwin 102,102.0,attribute,systems,generator,Generator,true,,0.93,1,KBkfpbS3lCw;XzoKu_BS4Sw,...wrap this up so this is clearly um all your fuses generator operation distribution board yep okay um equal size equal size...,
cantiere delle marche 102,Cantiere Delle Marche,Darwin 102,Cantiere Delle Marche Darwin 102,102.0,attribute,mission,long_range_suitable,Long Range Suitable,true,,0.91,2,KBkfpbS3lCw;XzoKu_BS4Sw,...radar overlay on them as well and then secondary radar so long range end short range radar as well as just our...,
cantiere delle marche 102,Cantiere Delle Marche,Darwin 102,Cantiere Delle Marche Darwin 102,102.0,attribute,character,quiet_ride,Quiet Ride,true,,0.85,1,KBkfpbS3lCw;XzoKu_BS4Sw,this boat so it's quite a quiet boat 12 millimeter plate steel so you don't really hear the ocean on this one...,
cantiere delle marche 102,Cantiere Delle Marche,Darwin 102,Cantiere Delle Marche Darwin 102,102.0,attribute,accommodation,separate_shower,Separate Shower,true,,0.94,4,KBkfpbS3lCw;XzoKu_BS4Sw,forward full Beam with it lovely head and separate shower and then so a,
cantiere delle marche 102,Cantiere Delle Marche,Darwin 102,Cantiere Delle Marche Darwin 102,102.0,attribute,systems,watermaker,Watermaker,true,,0.96,2,KBkfpbS3lCw;XzoKu_BS4Sw,...and your tanks and everything on the starboard side I see rod holders as well yeah that looks like a water maker,
cantiere delle marche 102,Cantiere Delle Marche,Darwin 102,Cantiere Delle Marche Darwin 102,102.0,attribute,mission,watersports_suitable,Watersports Suitable,true,,0.87,1,KBkfpbS3lCw;XzoKu_BS4Sw,...fish for the afternoon you've been burning around on the tenders maybe doing some wakeboarding going for a dive or a fish,
capelli 43,Capelli,stradivari 43,Capelli stradivari 43,43.0,category,category,walkaround-day-boat,Walkaround Day Boat,true,,0.87,1,1pFkxf_i6i8;BZG_rrmVzkY,...of these gunnels as opposed to some of the Mediterranean style day boats that you've seen me test which have got very...,
capelli 43,Capelli,stradivari 43,Capelli stradivari 43,43.0,attribute,dimensions,length_feet,Length Feet,43 ft,ft,0.937,0,1pFkxf_i6i8;BZG_rrmVzkY,,
capelli 43,Capelli,stradivari 43,Capelli stradivari 43,43.0,attribute,dimensions,beam_feet,Beam Feet,11.81 ft,ft,0.93,1,1pFkxf_i6i8;BZG_rrmVzkY,...have a very low center of gravity a good amount of beam I think it's like 3.6 meter beam but the tubes...,
capelli 43,Capelli,stradivari 43,Capelli stradivari 43,43.0,attribute,handling,bow_thruster,Bow Thruster,true,,0.96,4,1pFkxf_i6i8;BZG_rrmVzkY,...Yamahas on the back we have the joysticks we've got the bow thruster I've got the digital throttle and I've got the...,
capelli 43,Capelli,stradivari 43,Capelli stradivari 43,43.0,attribute,performance,cruise_speed_knots,Cruise Speed Knots,28 kn,kn,0.95,4,1pFkxf_i6i8;BZG_rrmVzkY,...it a little trim up just to see if that does anything differently 25.7 knots to 26 knots cruising at 3 700,
capelli 43,Capelli,stradivari 43,Capelli stradivari 43,43.0,attribute,powertrain,drive_type,Drive Type,outboard,,0.94,1,1pFkxf_i6i8;BZG_rrmVzkY,...700 liters you fill it up from here petrol obviously being outboard motors and then you come over to the starboard side...,
capelli 43,Capelli,stradivari 43,Capelli stradivari 43,43.0,attribute,capacity,fuel_capacity_l,Fuel Capacity L,700 L,L,0.95,3,1pFkxf_i6i8;BZG_rrmVzkY,...fiber poles going to the AFT section of the sun sunshade fuel tank 700 liters you fill it up from here petrol...,
capelli 43,Capelli,stradivari 43,Capelli stradivari 43,43.0,attribute,hull,hull_form,Hull Form,rib,,0.97,4,1pFkxf_i6i8;BZG_rrmVzkY,...am I seeing so many people stepping down into a maxi rib sounds a bit crazy doesn't it you know this is...,
capelli 43,Capelli,stradivari 43,Capelli stradivari 43,43.0,attribute,mission,overnight_capable,Overnight Capable,true,,0.86,2,1pFkxf_i6i8;BZG_rrmVzkY,...bed is probably storage for all your friends bags maybe you'll sleep on a boat like this but you've probably got a...,
capelli 43,Capelli,stradivari 43,Capelli stradivari 43,43.0,attribute,performance,top_speed_knots,Top Speed Knots,45.1 kn,kn,0.93,1,1pFkxf_i6i8;BZG_rrmVzkY,...fun honestly that never gets boring Okay so we got a top speed of 45.1 knots I think that was five thousand...,
capelli 1000,Capelli,tempest 1000,Capelli tempest 1000,32.81,category,category,walkaround-day-boat,Walkaround Day Boat,true,,0.87,1,Vkg1QLa4qTQ;VmfvrEdpXPc,Sydney Harbor day boat you need to check out this Tempest 1000. if you like this content give us a like subscribe...,
capelli 1000,Capelli,tempest 1000,Capelli tempest 1000,32.81,attribute,dimensions,length_feet,Length Feet,32.81 ft,ft,0.937,0,Vkg1QLa4qTQ;VmfvrEdpXPc,,
capelli 1000,Capelli,tempest 1000,Capelli tempest 1000,32.81,attribute,handling,bow_thruster,Bow Thruster,true,,0.96,1,Vkg1QLa4qTQ;VmfvrEdpXPc,...minutesand my right hand can operate that joystick I can get on the bow thruster as well and I can see everything,
capelli 1000,Capelli,tempest 1000,Capelli tempest 1000,32.81,attribute,powertrain,engine_power_hp,Engine Power Hp,300 hp,hp,0.89,1,Vkg1QLa4qTQ;VmfvrEdpXPc,twin 300 horsepower yammies on the back this is the test drive video if you want to look at the walkthrough video...,
capelli 1000,Capelli,tempest 1000,Capelli tempest 1000,32.81,attribute,hull,hull_form,Hull Form,rib,,0.97,5,Vkg1QLa4qTQ;VmfvrEdpXPc,...these boats I think they got 10 arriving this month alone so the rib market we've known for a little while if,
capelli 1000,Capelli,tempest 1000,Capelli tempest 1000,32.81,attribute,mission,overnight_capable,Overnight Capable,true,,0.86,1,Vkg1QLa4qTQ;VmfvrEdpXPc,know you could totally overnight on this it doesn't have airflow so it's only going to be in the right conditions not...,
centouno navi 55,Centouno Navi,Vespro 55,Centouno Navi Vespro 55,54.13,attribute,dimensions,length_feet,Length Feet,54.13 ft,ft,0.99,0,Es3cI1nAbhE;NL0jVDGVpvc,,
centouno navi 55,Centouno Navi,Vespro 55,Centouno Navi Vespro 55,54.13,attribute,comfort,air_conditioning,Air Conditioning,true,,0.92,3,Es3cI1nAbhE;NL0jVDGVpvc,...soft finish wrapped and then you've got space for your phones air conditioning control TV on the port side got a mirror...,
centouno navi 55,Centouno Navi,Vespro 55,Centouno Navi Vespro 55,54.13,attribute,performance,cruise_speed_knots,Cruise Speed Knots,50 kn,kn,0.93,1,Es3cI1nAbhE;NL0jVDGVpvc,...of course if you're seriously interested we're going driving this thing cruises is at 50 knots so ladies if you miss your...,
centouno navi 55,Centouno Navi,Vespro 55,Centouno Navi Vespro 55,54.13,attribute,powertrain,drive_type,Drive Type,ips-pod,,0.98,5,Es3cI1nAbhE;NL0jVDGVpvc,...of quite a few of you have experienced what it's like to operate an IPS but I'm telling you right now from,multiple_values_review
centouno navi 55,Centouno Navi,Vespro 55,Centouno Navi Vespro 55,54.13,attribute,powertrain,drive_type,Drive Type,outboard,,0.96,2,Es3cI1nAbhE;NL0jVDGVpvc,...before you will have already had I expect a high performance outboard boat you might have had Stern drives or out drives...,comparison_context_review;multiple_values_review
centouno navi 55,Centouno Navi,Vespro 55,Centouno Navi Vespro 55,54.13,attribute,powertrain,drive_type,Drive Type,sterndrive,,0.94,1,Es3cI1nAbhE;NL0jVDGVpvc,...I expect a high performance outboard boat you might have had Stern drives or out drives um in terms of surface Drive...,multiple_values_review
centouno navi 55,Centouno Navi,Vespro 55,Centouno Navi Vespro 55,54.13,attribute,powertrain,drive_type,Drive Type,surface-drive,,0.96,1,Es3cI1nAbhE;NL0jVDGVpvc,...have had Stern drives or out drives um in terms of surface Drive is what I'm referring to there and quite a...,multiple_values_review
centouno navi 55,Centouno Navi,Vespro 55,Centouno Navi Vespro 55,54.13,attribute,powertrain,drive_type,Drive Type,waterjet,,0.96,5,Es3cI1nAbhE;NL0jVDGVpvc,jet drives that's the point I want to make to you guys today cuz many of you if you're looking at this...,multiple_values_review
centouno navi 55,Centouno Navi,Vespro 55,Centouno Navi Vespro 55,54.13,attribute,powertrain,engine_power_hp,Engine Power Hp,200 hp,hp,0.89,1,Es3cI1nAbhE;NL0jVDGVpvc,"...take inspiration from a B2 stealth bomber couple of V8 mans 1,200 horsepower and jet driv and you make it go 50...",
centouno navi 55,Centouno Navi,Vespro 55,Centouno Navi Vespro 55,54.13,attribute,access,folding_balconies,Folding Balconies,true,,0.94,1,Es3cI1nAbhE;NL0jVDGVpvc,...huge fixed swim platform but we do have the possibility to drop down Wings on either side and exp expand this whole...,
centouno navi 55,Centouno Navi,Vespro 55,Centouno Navi Vespro 55,54.13,attribute,accommodation,galley,Galley,true,,0.9,1,Es3cI1nAbhE;NL0jVDGVpvc,that around and do Nick Burnham style so L-shaped Galley over here on the starage side you've got two fridges top loading...,
centouno navi 55,Centouno Navi,Vespro 55,Centouno Navi Vespro 55,54.13,attribute,systems,generator,Generator,true,,0.93,1,Es3cI1nAbhE;NL0jVDGVpvc,...the raw water and then it goes individually to each motor generator air conditioning through sea strainers you can see the generator...,
centouno navi 55,Centouno Navi,Vespro 55,Centouno Navi Vespro 55,54.13,attribute,weather,hardtop,Hardtop,true,,0.92,1,Es3cI1nAbhE;NL0jVDGVpvc,wipers and then we go over onto the hard top roof there I absolutely would not be putting surfboards or anything like...,
centouno navi 55,Centouno Navi,Vespro 55,Centouno Navi Vespro 55,54.13,attribute,performance,max_observed_speed_knots,Max Observed Speed Knots,51 kn,kn,0.91,3,Es3cI1nAbhE;NL0jVDGVpvc,it's okay what I have to point out to you guys I'm now doing 50 knots on a 55 ft boat little...,
centouno navi 55,Centouno Navi,Vespro 55,Centouno Navi Vespro 55,54.13,attribute,character,premium_styling,Premium Styling,true,,0.82,4,Es3cI1nAbhE;NL0jVDGVpvc,...that is for deployment of Life rafts we've obviously got the sexy cleat just here they've got the name uh embossed into...,
centouno navi 55,Centouno Navi,Vespro 55,Centouno Navi Vespro 55,54.13,attribute,accommodation,separate_shower,Separate Shower,true,,0.94,1,Es3cI1nAbhE;NL0jVDGVpvc,...port side got a mirror just there and we actually have separate shower and head on this boat so but look at...,
centouno navi 55,Centouno Navi,Vespro 55,Centouno Navi Vespro 55,54.13,attribute,performance,top_speed_knots,Top Speed Knots,56 kn,kn,0.93,1,Es3cI1nAbhE;NL0jVDGVpvc,builting along at 51 knots this thing will do 56 knots um when we were doing 51 knots just earlier the wind...,
chris craft 30,Chris-Craft,30 catalina,Chris-Craft 30 catalina,30.0,category,category,walkaround-day-boat,Walkaround Day Boat,true,,0.87,2,SZgo0Dbgis8;cwLfo1VRBxI,gorgeous day boat for many reasons and I'll touch on them as we make our way through but come out the back...,
chris craft 30,Chris-Craft,30 catalina,Chris-Craft 30 catalina,30.0,attribute,dimensions,length_feet,Length Feet,30 ft,ft,0.937,0,SZgo0Dbgis8;cwLfo1VRBxI,,
chris craft 30,Chris-Craft,30 catalina,Chris-Craft 30 catalina,30.0,attribute,handling,bow_thruster,Bow Thruster,true,,0.89,1,SZgo0Dbgis8;cwLfo1VRBxI,...this one and we have the option to go for a bow thruster as well I'm just going to see how the...,
chris craft 30,Chris-Craft,30 catalina,Chris-Craft 30 catalina,30.0,attribute,performance,cruise_speed_knots,Cruise Speed Knots,34 kn,kn,0.93,2,SZgo0Dbgis8;cwLfo1VRBxI,...take the boat around the corner up here I'm doing a cruising speed of 35 knots right right now sitting at 5...,
chris craft 30,Chris-Craft,30 catalina,Chris-Craft 30 catalina,30.0,attribute,powertrain,drive_type,Drive Type,outboard,,0.94,3,SZgo0Dbgis8;cwLfo1VRBxI,definitely got more of that practical outboard center console Vibe which so many of us Aussies appreciate for so,
chris craft 30,Chris-Craft,30 catalina,Chris-Craft 30 catalina,30.0,attribute,powertrain,engine_count,Engine Count,2 count,count,0.93,1,SZgo0Dbgis8;cwLfo1VRBxI,...let's see how this boat Maneuvers in close quarters uh obviously twin engine joystick on this one and we have the option...,
chris craft 30,Chris-Craft,30 catalina,Chris-Craft 30 catalina,30.0,attribute,powertrain,engine_power_hp,Engine Power Hp,400 hp,hp,0.89,1,SZgo0Dbgis8;cwLfo1VRBxI,...make our way forward from here so we've got the two 400 horsepower mercs you can do twin 300s twin 350s or,
chris craft 30,Chris-Craft,30 catalina,Chris-Craft 30 catalina,30.0,attribute,capacity,fuel_capacity_l,Fuel Capacity L,500 L,L,0.93,1,SZgo0Dbgis8;cwLfo1VRBxI,...sensible giving me a cruising speed of 33 knots I've got 500 liters of fuel on board today so what I'm going...,
chris craft 30,Chris-Craft,30 catalina,Chris-Craft 30 catalina,30.0,attribute,character,premium_styling,Premium Styling,true,,0.82,1,SZgo0Dbgis8;cwLfo1VRBxI,...the front of the boat to allow aim the beautiful gorgeous sexy lines the thing this thing has but also that great...,
chris craft 30,Chris-Craft,30 catalina,Chris-Craft 30 catalina,30.0,attribute,capacity,water_capacity_l,Water Capacity L,117 L,L,0.95,2,SZgo0Dbgis8;cwLfo1VRBxI,another 750 liters and 117 liters of water so add all that up we're well over five ton pushing six probably and...,
chris craft 35gt,Chris-Craft,35GT,Chris-Craft 35GT,35.0,category,category,walkaround-day-boat,Walkaround Day Boat,true,,0.87,3,7VJeCeJhwrc;W5EpZTuM2hc,ladies and gentlemen welcome to the Chris Craft 35 GT so if you've had dreams of really sexy day boats perhaps,
chris craft 35gt,Chris-Craft,35GT,Chris-Craft 35GT,35.0,attribute,dimensions,length_feet,Length Feet,35 ft,ft,0.937,0,7VJeCeJhwrc;W5EpZTuM2hc,,
chris craft 35gt,Chris-Craft,35GT,Chris-Craft 35GT,35.0,attribute,handling,bow_thruster,Bow Thruster,true,,0.96,2,7VJeCeJhwrc;W5EpZTuM2hc,...a station hole as well and I might add that the bow thruster is just at the starboard side joystick so from...,
chris craft 35gt,Chris-Craft,35GT,Chris-Craft 35GT,35.0,attribute,performance,cruise_speed_knots,Cruise Speed Knots,27.5 kn,kn,0.95,4,7VJeCeJhwrc;W5EpZTuM2hc,...on 4 800 4 900 revs just there giving me a cruising speed of 28 knots I'm just gonna run with that...,
chris craft 35gt,Chris-Craft,35GT,Chris-Craft 35GT,35.0,attribute,powertrain,drive_type,Drive Type,outboard,,0.94,2,7VJeCeJhwrc;W5EpZTuM2hc,...of you and I'll touch on that in a sec the outboard options are the Mercury v10s the new ones it's a...,multiple_values_review
chris craft 35gt,Chris-Craft,35GT,Chris-Craft 35GT,35.0,attribute,powertrain,drive_type,Drive Type,sterndrive,,0.94,2,7VJeCeJhwrc;W5EpZTuM2hc,...a lot of you guys going to be going for these Stern drives because you hear me talking about Outboards a lot...,multiple_values_review
chris craft 35gt,Chris-Craft,35GT,Chris-Craft 35GT,35.0,attribute,powertrain,engine_power_hp,Engine Power Hp,430 hp,hp,0.89,2,7VJeCeJhwrc;W5EpZTuM2hc,so you've got six inboard options on this boat for 350 horsepower to 430 horsepower and multiple different drive options I do...,
chris craft 35gt,Chris-Craft,35GT,Chris-Craft 35GT,35.0,attribute,capacity,fuel_capacity_l,Fuel Capacity L,700 L,L,0.93,1,7VJeCeJhwrc;W5EpZTuM2hc,...with the 350s or the 400s this boat we have a 700 liter fuel capacity we're running about 64 at the moment...,
chris craft 35gt,Chris-Craft,35GT,Chris-Craft 35GT,35.0,attribute,character,premium_styling,Premium Styling,true,,0.82,4,7VJeCeJhwrc;W5EpZTuM2hc,ladies and gentlemen welcome to the Chris Craft 35 GT so if you've had dreams of really sexy day boats perhaps,
chris craft 35gt,Chris-Craft,35GT,Chris-Craft 35GT,35.0,attribute,performance,top_speed_knots,Top Speed Knots,31 kn,kn,0.93,1,7VJeCeJhwrc;W5EpZTuM2hc,...reps 5550 so I think you're going to see about a max speed of about 31 knots with these motors like assumptions...,
chris craft 32,Chris-Craft,calypso 32,Chris-Craft calypso 32,32.0,attribute,dimensions,length_feet,Length Feet,32 ft,ft,0.937,0,XqfgfG1Aw48,,
chris craft 32,Chris-Craft,calypso 32,Chris-Craft calypso 32,32.0,attribute,comfort,air_conditioning,Air Conditioning,true,,0.92,5,XqfgfG1Aw48,...you'll see that in the test drive but we've got our air conditioning vent just forward of the throttle we got our...,
chris craft 32,Chris-Craft,calypso 32,Chris-Craft calypso 32,32.0,attribute,mission,fishing_suitable,Fishing Suitable,true,,0.88,1,XqfgfG1Aw48,...but that's also going to be okay for store in a fishing rod we've got two usb chargers just here grab handle...,
chris craft 32,Chris-Craft,calypso 32,Chris-Craft calypso 32,32.0,attribute,handling,joystick_control,Joystick Control,true,,0.94,1,XqfgfG1Aw48,...that in the test drive but we've got our air conditioning vent just forward of the throttle we got our joystick control,
chris craft 32,Chris-Craft,calypso 32,Chris-Craft calypso 32,32.0,attribute,access,side_boarding_door,Side Boarding Door,true,,0.93,2,XqfgfG1Aw48,here but we have a much better dive ladder from the dive door which we'll check out in one tick so when...,
chris craft 35,Chris-Craft,calypso 35 PURE excitement,Chris-Craft calypso 35 PURE excitement,35.0,category,category,walkaround-day-boat,Walkaround Day Boat,true,,0.87,3,GKuGj8W3XzM;Gh4cEhVwFk0,...just built they built some of the classiest and most beautiful day boats hands down so we've got the 350 stacked up...,
chris craft 35,Chris-Craft,calypso 35 PURE excitement,Chris-Craft calypso 35 PURE excitement,35.0,attribute,dimensions,length_feet,Length Feet,35 ft,ft,0.937,0,GKuGj8W3XzM;Gh4cEhVwFk0,,
chris craft 35,Chris-Craft,calypso 35 PURE excitement,Chris-Craft calypso 35 PURE excitement,35.0,attribute,comfort,air_conditioning,Air Conditioning,true,,0.92,4,GKuGj8W3XzM;Gh4cEhVwFk0,...in the car and your partner might be cold with the air conditioning that you're very comfortable and you can select the...,
chris craft 35,Chris-Craft,calypso 35 PURE excitement,Chris-Craft calypso 35 PURE excitement,35.0,attribute,powertrain,drive_type,Drive Type,outboard,,0.96,3,GKuGj8W3XzM;Gh4cEhVwFk0,...you got excellent communication with your guests even with these big outboard engines noise levels are acceptable as well so that's all...,
chris craft 35,Chris-Craft,calypso 35 PURE excitement,Chris-Craft calypso 35 PURE excitement,35.0,attribute,handling,dynamic_positioning,Dynamic Positioning,true,,0.94,1,GKuGj8W3XzM;Gh4cEhVwFk0,okay so I'm just operating the joystick control we have Skyhook on this boat and triple engine she works beautifully and I'm...,
chris craft 35,Chris-Craft,calypso 35 PURE excitement,Chris-Craft calypso 35 PURE excitement,35.0,attribute,powertrain,engine_count,Engine Count,3 count,count,0.93,2,GKuGj8W3XzM;Gh4cEhVwFk0,...operating the joystick control we have Skyhook on this boat and triple engine she works beautifully and I'm just going to get...,
chris craft 35,Chris-Craft,calypso 35 PURE excitement,Chris-Craft calypso 35 PURE excitement,35.0,attribute,mission,fishing_suitable,Fishing Suitable,true,,0.88,1,GKuGj8W3XzM;Gh4cEhVwFk0,...radar just there and then we've got the uh that's the fishing setup at the back navigation light and VHF just there...,
chris craft 35,Chris-Craft,calypso 35 PURE excitement,Chris-Craft calypso 35 PURE excitement,35.0,attribute,handling,joystick_control,Joystick Control,true,,0.94,1,GKuGj8W3XzM;Gh4cEhVwFk0,okay so I'm just operating the joystick control we have Skyhook on this boat and triple engine she works beautifully and I'm...,
chris craft 35,Chris-Craft,calypso 35 PURE excitement,Chris-Craft calypso 35 PURE excitement,35.0,attribute,mission,overnight_capable,Overnight Capable,true,,0.79,1,GKuGj8W3XzM;Gh4cEhVwFk0,...it for day boating but you do have the option for overnighting I suspect a lot of the time a cabin like...,
chris craft 35,Chris-Craft,calypso 35 PURE excitement,Chris-Craft calypso 35 PURE excitement,35.0,attribute,character,premium_styling,Premium Styling,true,,0.82,1,GKuGj8W3XzM;Gh4cEhVwFk0,...someone who wants an epic day boat someone who wants a beautiful boat someone who wants convenience of Outboards and I really...,
clb 65,CLB,65,CLB 65,65.0,attribute,dimensions,length_feet,Length Feet,65 ft,ft,0.937,0,D1weWDwVZAc;5z4RXhIV5sE,,
clb 65,CLB,65,CLB 65,65.0,attribute,comfort,air_conditioning,Air Conditioning,true,,0.92,4,D1weWDwVZAc;5z4RXhIV5sE,...the relaxation Zone one thing I'm going to point out the air conditioning is fantastic we've got the tropical air con I...,comparison_context_review
clb 65,CLB,65,CLB 65,65.0,attribute,accommodation,crew_cabin,Crew Cabin,true,,0.89,1,D1weWDwVZAc;5z4RXhIV5sE,...of families we have three double cabins with heads plus a crew cabin optional can also be a storage space so we're...,
clb 65,CLB,65,CLB 65,65.0,attribute,dimensions,draft_feet,Draft Feet,4.92 ft,ft,0.93,1,D1weWDwVZAc;5z4RXhIV5sE,...to make it reasonably tight I'm mean 3 m depth I draw 1.5 M so I'm going to get the anchor down...,
clb 65,CLB,65,CLB 65,65.0,attribute,powertrain,drive_type,Drive Type,ips-pod,,0.98,4,D1weWDwVZAc;5z4RXhIV5sE,...worthy of your attention she's feels like a little ship but she's IPS we're running D13 Volvos so you've got the joystick,multiple_values_review
clb 65,CLB,65,CLB 65,65.0,attribute,powertrain,drive_type,Drive Type,outboard,,0.94,1,D1weWDwVZAc;5z4RXhIV5sE,...real important thing because if you're trying to climb over an outboard engine and some you know securing STP or whatever the...,multiple_values_review
clb 65,CLB,65,CLB 65,65.0,attribute,systems,fin_stabilisers,Fin Stabilisers,true,,0.96,1,D1weWDwVZAc;5z4RXhIV5sE,around but we do have the fin stabilizers on at the moment so pay attention we do have a bit of wind...,
clb 65,CLB,65,CLB 65,65.0,attribute,accommodation,galley,Galley,true,,0.9,1,D1weWDwVZAc;5z4RXhIV5sE,...top I quite like it so let's let's go through The Galley you've got a deep sink just here we've actually got...,
clb 65,CLB,65,CLB 65,65.0,attribute,systems,generator,Generator,true,,0.93,1,D1weWDwVZAc;5z4RXhIV5sE,...open it all but you're going to need to activate your generator battery and then your port and starboard engine batteries are...,
clb 65,CLB,65,CLB 65,65.0,attribute,handling,joystick_control,Joystick Control,true,,0.94,1,D1weWDwVZAc;5z4RXhIV5sE,D13 Volvos so you've got the joystick control that many of of you are going to be used to but we have...,
clb 65,CLB,65,CLB 65,65.0,attribute,mission,long_range_suitable,Long Range Suitable,true,,0.91,1,D1weWDwVZAc;5z4RXhIV5sE,...the perspective of you and your wife running the thing for extended cruising yes this is a sensible boat to looking at...,
clb 65,CLB,65,CLB 65,65.0,attribute,performance,max_observed_speed_knots,Max Observed Speed Knots,20 kn,kn,0.89,2,D1weWDwVZAc;5z4RXhIV5sE,...watching the revs climb I'm going to start doing a bit of trim down in a second I'm at 20 knots we've,
clb 65,CLB,65,CLB 65,65.0,attribute,mission,offshore_capable,Offshore Capable,true,,0.88,1,D1weWDwVZAc;5z4RXhIV5sE,...I've got the fin stabilization working for us we are in offshore conditions right now we've got pretty longwave period but there...,
clb 65,CLB,65,CLB 65,65.0,attribute,accommodation,separate_shower,Separate Shower,true,,0.94,1,D1weWDwVZAc;5z4RXhIV5sE,...let everyone appreciate it really really nice hugely spacious toilet and separate shower like that's going to be more spacious than a...,
clb 65,CLB,65,CLB 65,65.0,attribute,systems,watermaker,Watermaker,true,,0.96,1,D1weWDwVZAc;5z4RXhIV5sE,...all the piping is there and ready to go for a water maker as well should you choose you got the the...,
clipper 70,Clipper,cordova 70,Clipper cordova 70,70.0,category,category,walkaround-day-boat,Walkaround Day Boat,true,,0.87,1,6K5EijiGQuM;9d_JEx8XdkA,could you could run this as a day boat,
clipper 70,Clipper,cordova 70,Clipper cordova 70,70.0,attribute,dimensions,length_feet,Length Feet,70 ft,ft,0.937,0,6K5EijiGQuM;9d_JEx8XdkA,,
clipper 70,Clipper,cordova 70,Clipper cordova 70,70.0,attribute,comfort,air_conditioning,Air Conditioning,true,,0.92,3,6K5EijiGQuM;9d_JEx8XdkA,on the port side. The air conditioning,
clipper 70,Clipper,cordova 70,Clipper cordova 70,70.0,attribute,accommodation,cabins,Cabins,4 count,count,0.93,2,6K5EijiGQuM;9d_JEx8XdkA,"she's a four-cabin boat, but you can",
clipper 70,Clipper,cordova 70,Clipper cordova 70,70.0,attribute,accommodation,crew_cabin,Crew Cabin,true,,0.89,2,6K5EijiGQuM;9d_JEx8XdkA,"...but um the lazarette, optional lazarette cuz it could be a crew cabin, is massive. And you can see we've also got...",
clipper 70,Clipper,cordova 70,Clipper cordova 70,70.0,attribute,performance,cruise_speed_knots,Cruise Speed Knots,9.8 kn,kn,0.93,1,6K5EijiGQuM;9d_JEx8XdkA,"...obviously I've got control, and I've just accelerated. We're currently just cruising along at 9.8 knots. And from here, uh I'm going...",
clipper 70,Clipper,cordova 70,Clipper cordova 70,70.0,attribute,powertrain,drive_type,Drive Type,ips-pod,,0.98,3,6K5EijiGQuM;9d_JEx8XdkA,"videos, this same joystick system through IPS, that's not the case on this boat. We are a shaft drive boat. So, we're...",multiple_values_review
clipper 70,Clipper,cordova 70,Clipper cordova 70,70.0,attribute,powertrain,drive_type,Drive Type,shaft,,0.97,5,6K5EijiGQuM;9d_JEx8XdkA,"Shaft drive diesels, a keel, variable",multiple_values_review
clipper 70,Clipper,cordova 70,Clipper cordova 70,70.0,attribute,powertrain,engine_count,Engine Count,2 count,count,0.93,1,6K5EijiGQuM;9d_JEx8XdkA,"...that I've tested that are full keel, deep draft, uh and twin engines, you have to put a great deal of engine...",
clipper 70,Clipper,cordova 70,Clipper cordova 70,70.0,attribute,accommodation,galley,Galley,true,,0.9,1,6K5EijiGQuM;9d_JEx8XdkA,"And then the galley center mounted. So,",
clipper 70,Clipper,cordova 70,Clipper cordova 70,70.0,attribute,systems,generator,Generator,true,,0.93,5,6K5EijiGQuM;9d_JEx8XdkA,"right now, so we've got the genset",
clipper 70,Clipper,cordova 70,Clipper cordova 70,70.0,attribute,weather,hardtop,Hardtop,true,,0.92,1,6K5EijiGQuM;9d_JEx8XdkA,"open fly with a full hardtop roof, or",
clipper 70,Clipper,cordova 70,Clipper cordova 70,70.0,attribute,access,hydraulic_swim_platform,Hydraulic Swim Platform,true,,0.96,1,6K5EijiGQuM;9d_JEx8XdkA,"extended swim platform, the hydraulic swim platform on this one. So, to be honest, you could store them from the bow to...",
clipper 70,Clipper,cordova 70,Clipper cordova 70,70.0,attribute,handling,joystick_control,Joystick Control,true,,0.94,2,6K5EijiGQuM;9d_JEx8XdkA,"...props five blade props, straight shafts. Um but, we do have joystick docking. So, if it's some of you have seen on...",
clipper 70,Clipper,cordova 70,Clipper cordova 70,70.0,attribute,mission,long_range_suitable,Long Range Suitable,true,,0.91,1,6K5EijiGQuM;9d_JEx8XdkA,and long range and serious capability on,
clipper 70,Clipper,cordova 70,Clipper cordova 70,70.0,attribute,weather,opening_sunroof,Opening Sunroof,true,,0.93,1,6K5EijiGQuM;9d_JEx8XdkA,"is like a concertina opening roof. So,",
clipper 70,Clipper,cordova 70,Clipper cordova 70,70.0,attribute,handling,stern_thruster,Stern Thruster,true,,0.96,2,6K5EijiGQuM;9d_JEx8XdkA,operating the bow and stern thruster,
cranchi a46,Cranchi,A46 LUXURY TENDER,Cranchi A46 LUXURY TENDER,46.0,category,category,luxury-med-day-boat,Luxury Med Day Boat,true,,0.96,2,d5NVE_362bE,of those older Fashion flybridge sports style boats that we have all seen before with really really sexy Med day boats,
cranchi a46,Cranchi,A46 LUXURY TENDER,Cranchi A46 LUXURY TENDER,46.0,category,category,walkaround-day-boat,Walkaround Day Boat,true,,0.87,5,d5NVE_362bE,only a day boat I don't know join me and let's find out if you're interested in the pricing I've left that...,
cranchi a46,Cranchi,A46 LUXURY TENDER,Cranchi A46 LUXURY TENDER,46.0,attribute,dimensions,length_feet,Length Feet,46 ft,ft,0.937,0,d5NVE_362bE,,
cranchi a46,Cranchi,A46 LUXURY TENDER,Cranchi A46 LUXURY TENDER,46.0,attribute,comfort,air_conditioning,Air Conditioning,true,,0.92,1,d5NVE_362bE,do have a little outlet and the whole boat's air conditioned so I'm looking at air conditioning Vents and Outlets all,
cranchi a46,Cranchi,A46 LUXURY TENDER,Cranchi A46 LUXURY TENDER,46.0,attribute,handling,bow_thruster,Bow Thruster,true,,0.96,1,d5NVE_362bE,side power variable speed bow thruster super handy for a high sided boat which this is these mad sexy day boats often,
cranchi a46,Cranchi,A46 LUXURY TENDER,Cranchi A46 LUXURY TENDER,46.0,attribute,powertrain,drive_type,Drive Type,ips-pod,,0.96,1,d5NVE_362bE,on the joystick it is an IPS we got the IPS Volvo 650 so they're a 480 horsepower and this Boat Works...,
cranchi a46,Cranchi,A46 LUXURY TENDER,Cranchi A46 LUXURY TENDER,46.0,attribute,powertrain,engine_power_hp,Engine Power Hp,480 hp,hp,0.89,1,d5NVE_362bE,...the joystick it is an IPS we got the IPS Volvo 650 so they're a 480 horsepower and this Boat Works really,
cranchi a46,Cranchi,A46 LUXURY TENDER,Cranchi A46 LUXURY TENDER,46.0,attribute,accommodation,galley,Galley,true,,0.9,2,d5NVE_362bE,galley so I'll get to that in a second it's super cool but just come down and soak this up so,
cranchi a46,Cranchi,A46 LUXURY TENDER,Cranchi A46 LUXURY TENDER,46.0,attribute,systems,generator,Generator,true,,0.93,1,d5NVE_362bE,generator all there and then you've got some more storage for Essentials which is Handy two very large speakers I think they're,
cranchi a46,Cranchi,A46 LUXURY TENDER,Cranchi A46 LUXURY TENDER,46.0,attribute,mission,overnight_capable,Overnight Capable,true,,0.86,3,d5NVE_362bE,...with this boat so I think I've covered everything up here let's go downstairs and see if this is an overnight boat,
cranchi a46,Cranchi,A46 LUXURY TENDER,Cranchi A46 LUXURY TENDER,46.0,attribute,character,premium_styling,Premium Styling,true,,0.82,5,d5NVE_362bE,of those older Fashion flybridge sports style boats that we have all seen before with really really sexy Med day boats,
deantonio d50 coupe,DeAntonio,D50 COUPE WHO,DeAntonio D50 COUPE WHO,50.0,category,category,walkaround-day-boat,Walkaround Day Boat,true,,0.87,1,ybP1GBQdrwY,"...for an hour. But if you're on a little adventure style day boat that just goes from A to B, but you're",
deantonio d50 coupe,DeAntonio,D50 COUPE WHO,DeAntonio D50 COUPE WHO,50.0,attribute,dimensions,length_feet,Length Feet,50 ft,ft,0.937,0,ybP1GBQdrwY,,
deantonio d50 coupe,DeAntonio,D50 COUPE WHO,DeAntonio D50 COUPE WHO,50.0,attribute,comfort,air_conditioning,Air Conditioning,true,,0.92,4,ybP1GBQdrwY,"out my sweat towel and enjoy the air conditioning, which is on. So, this AC does actually pump into this area and...",
deantonio d50 coupe,DeAntonio,D50 COUPE WHO,DeAntonio D50 COUPE WHO,50.0,attribute,handling,bow_thruster,Bow Thruster,true,,0.96,1,ybP1GBQdrwY,"your bow thruster joystick. It's also got a autopilot incorporated into it, which is good for eating up some of those miles....",
deantonio d50 coupe,DeAntonio,D50 COUPE WHO,DeAntonio D50 COUPE WHO,50.0,attribute,powertrain,engine_power_hp,Engine Power Hp,600 hp,hp,0.89,2,ybP1GBQdrwY,"quad V10 400 horsepower Mercuries. You can option it or you can also have it with twin V12s, but we're running the",
deantonio d50 coupe,DeAntonio,D50 COUPE WHO,DeAntonio D50 COUPE WHO,50.0,attribute,accommodation,galley,Galley,true,,0.9,1,ybP1GBQdrwY,"But this is the galley area. We've got a couple more uh cookers just here. Two more hot plates, single sink, and...",
deantonio d50 coupe,DeAntonio,D50 COUPE WHO,DeAntonio D50 COUPE WHO,50.0,attribute,mission,offshore_capable,Offshore Capable,true,,0.88,1,ybP1GBQdrwY,itself to crazy offshore conditions. go and look at a fishing boat or something slightly different. But if you want to,
deantonio d50 coupe,DeAntonio,D50 COUPE WHO,DeAntonio D50 COUPE WHO,50.0,attribute,mission,overnight_capable,Overnight Capable,true,,0.86,2,ybP1GBQdrwY,"...couple of cabins and you thought you were going to just overnight all the time with your partner, but you ended up...",
deantonio d50 coupe,DeAntonio,D50 COUPE WHO,DeAntonio D50 COUPE WHO,50.0,attribute,accommodation,separate_shower,Separate Shower,true,,0.94,1,ybP1GBQdrwY,sliding door just here. And you got a beautiful big separate shower just after. So instead of having a second,
delta 33 open,Delta,33 OPEN,Delta 33 OPEN,33.0,category,category,walkaround-day-boat,Walkaround Day Boat,true,,0.87,2,1z8Ts0O4Igs;SAsdcNd8ems,...accommodation down downstairs when you look at the profile from outside it looks like a gorgeous luxurious day boat but we've actually,
delta 33 open,Delta,33 OPEN,Delta 33 OPEN,33.0,attribute,dimensions,length_feet,Length Feet,33 ft,ft,0.937,0,1z8Ts0O4Igs;SAsdcNd8ems,,
delta 33 open,Delta,33 OPEN,Delta 33 OPEN,33.0,attribute,comfort,air_conditioning,Air Conditioning,true,,0.92,1,1z8Ts0O4Igs;SAsdcNd8ems,...same again there and there if you optioned this boat with air conditioning you would also have air conditioning compressors there and...,
delta 33 open,Delta,33 OPEN,Delta 33 OPEN,33.0,attribute,powertrain,drive_type,Drive Type,outboard,,0.96,4,1z8Ts0O4Igs;SAsdcNd8ems,...the twin V10 400 horsepower you have three options with the Outboards and you can also do inboards with two options if...,
delta 33 open,Delta,33 OPEN,Delta 33 OPEN,33.0,attribute,handling,dynamic_positioning,Dynamic Positioning,true,,0.94,3,1z8Ts0O4Igs;SAsdcNd8ems,...get a feel for how maneuverable she is first things first Skyhook Bo boom super handy when you need to buy yourself...,
delta 33 open,Delta,33 OPEN,Delta 33 OPEN,33.0,attribute,powertrain,engine_power_hp,Engine Power Hp,400 hp,hp,0.89,1,1z8Ts0O4Igs;SAsdcNd8ems,okay so this test is going to be the twin V10 400 horsepower you have three options with the Outboards and you...,
delta 33 open,Delta,33 OPEN,Delta 33 OPEN,33.0,attribute,accommodation,galley,Galley,true,,0.9,2,1z8Ts0O4Igs;SAsdcNd8ems,...area and we're going to make our way through into the galley Helm and down into the accommodation before coming back to...,
delta 33 open,Delta,33 OPEN,Delta 33 OPEN,33.0,attribute,systems,generator,Generator,true,,0.86,1,1z8Ts0O4Igs;SAsdcNd8ems,...electric cooker which you can do cuz you can have a generator um this one would be a slightly different setup but...,
delta 33 open,Delta,33 OPEN,Delta 33 OPEN,33.0,attribute,weather,hardtop,Hardtop,true,,0.92,1,1z8Ts0O4Igs;SAsdcNd8ems,...cleats just here but see these vertical uprights here for the hard top you've got something to hold on to and then...,
delta 33 open,Delta,33 OPEN,Delta 33 OPEN,33.0,attribute,performance,max_observed_speed_knots,Max Observed Speed Knots,30 kn,kn,0.89,3,1z8Ts0O4Igs;SAsdcNd8ems,...my zip wakes on and and I'm just going to maintain I'm at 18 knots right now and I just want to...,
delta 33 open,Delta,33 OPEN,Delta 33 OPEN,33.0,attribute,mission,overnight_capable,Overnight Capable,true,,0.86,3,1z8Ts0O4Igs;SAsdcNd8ems,...good place to store shoes and then this is your other sleeping accommodation which is it's super spacious again I'm going to...,
delta 33 open,Delta,33 OPEN,Delta 33 OPEN,33.0,attribute,character,premium_styling,Premium Styling,true,,0.82,1,1z8Ts0O4Igs;SAsdcNd8ems,...trim love the timber just here the white against the timber looks beautiful and we got this little area here it's very...,
delta 33 open,Delta,33 OPEN,Delta 33 OPEN,33.0,attribute,accommodation,separate_shower,Separate Shower,true,,0.94,4,1z8Ts0O4Igs;SAsdcNd8ems,luxurious day boat but we've actually got a toilet a separate shower and accommodation for four people and there is more going...,
delta 48 coupe,Delta,48 COUPE,Delta 48 COUPE,48.0,category,category,walkaround-day-boat,Walkaround Day Boat,true,,0.87,1,yWG6fwGlooM,this is this is the feeling that you get on a real sporty day boat but we're,
delta 48 coupe,Delta,48 COUPE,Delta 48 COUPE,48.0,attribute,dimensions,length_feet,Length Feet,48 ft,ft,0.937,0,yWG6fwGlooM,,
delta 48 coupe,Delta,48 COUPE,Delta 48 COUPE,48.0,attribute,accommodation,cabins,Cabins,3 count,count,0.93,1,yWG6fwGlooM,nautical m per gallon and 100 Gall an hour for a three cabin two toilet boat in the,
delta 48 coupe,Delta,48 COUPE,Delta 48 COUPE,48.0,attribute,performance,cruise_speed_knots,Cruise Speed Knots,31 kn,kn,0.93,3,yWG6fwGlooM,cruising at 31 or over 31 knots so I'm actually going to go past to these boats,
delta 48 coupe,Delta,48 COUPE,Delta 48 COUPE,48.0,attribute,powertrain,engine_power_hp,Engine Power Hp,200 hp,hp,0.89,1,yWG6fwGlooM,"passenger side over on the port side and the afo we got 1,200 horsepower guys so we got the twin",
delta 48 coupe,Delta,48 COUPE,Delta 48 COUPE,48.0,attribute,performance,max_observed_speed_knots,Max Observed Speed Knots,33 kn,kn,0.89,1,yWG6fwGlooM,"the noise of the ocean under the hull I'm doing 33 knots just there at 5,300",
delta 48 coupe,Delta,48 COUPE,Delta 48 COUPE,48.0,attribute,performance,top_speed_knots,Top Speed Knots,44 kn,kn,0.93,1,yWG6fwGlooM,"boat so we're going to wind this thing right up to full speed I'm sitting on 5,700 revs getting an easy 44...",
dromeas 28wa,Dromeas,28WA,Dromeas 28WA,28.0,attribute,dimensions,length_feet,Length Feet,28 ft,ft,0.937,0,zh8X9ow1Me8;IhRqai1VqsE,,
dromeas 28wa,Dromeas,28WA,Dromeas 28WA,28.0,attribute,handling,bow_thruster,Bow Thruster,true,,0.96,3,zh8X9ow1Me8;IhRqai1VqsE,...day down one two three you can do them from here so I've got bow thruster engine service Happy Days sensible why,
dromeas 28wa,Dromeas,28WA,Dromeas 28WA,28.0,attribute,performance,cruise_speed_knots,Cruise Speed Knots,27 kn,kn,0.93,1,zh8X9ow1Me8;IhRqai1VqsE,...in what felt like 30 31 knots I saw a normal Cruise speed of what felt like 27 knots and I was...,
dromeas 28wa,Dromeas,28WA,Dromeas 28WA,28.0,attribute,powertrain,drive_type,Drive Type,outboard,,0.96,2,zh8X9ow1Me8;IhRqai1VqsE,...the dromia 28 built in Turkey um a deep V air-step outboard powered boat based on a single Hull which is very...,
dromeas 28wa,Dromeas,28WA,Dromeas 28WA,28.0,attribute,character,dry_ride,Dry Ride,true,,0.87,1,zh8X9ow1Me8;IhRqai1VqsE,a boat that will keep you dry this is a boat that will keep you comfortable and from what I'm observing of...,
dromeas 28wa,Dromeas,28WA,Dromeas 28WA,28.0,attribute,powertrain,engine_power_hp,Engine Power Hp,300 hp,hp,0.89,2,zh8X9ow1Me8;IhRqai1VqsE,um what have we got 300 horsepower v8 on the back option for twin rigs from what I just discovered don't know...,
dromeas 28wa,Dromeas,28WA,Dromeas 28WA,28.0,attribute,capacity,fuel_capacity_l,Fuel Capacity L,340 L,L,0.93,1,zh8X9ow1Me8;IhRqai1VqsE,um 300 feels like plenty 340 liters of fuel in total which is,
dromeas 28wa,Dromeas,28WA,Dromeas 28WA,28.0,attribute,mission,offshore_capable,Offshore Capable,true,,0.88,1,zh8X9ow1Me8;IhRqai1VqsE,okay guys so watch this video if you are looking for a offshore capable really,
dromeas 28wa,Dromeas,28WA,Dromeas 28WA,28.0,attribute,mission,overnight_capable,Overnight Capable,true,,0.86,1,zh8X9ow1Me8;IhRqai1VqsE,...guest bags throughout the day if you're not going to be sleeping on board and a lot of people are going to...,
dromeas 28wa,Dromeas,28WA,Dromeas 28WA,28.0,attribute,access,side_boarding_door,Side Boarding Door,true,,0.93,2,zh8X9ow1Me8;IhRqai1VqsE,...in this price category and this is an affordable price category having something like this check out this boarding door you just,
dromeas 28wa,Dromeas,28WA,Dromeas 28WA,28.0,attribute,mission,watersports_suitable,Watersports Suitable,true,,0.87,2,zh8X9ow1Me8;IhRqai1VqsE,...have the custom fenders you can put more things you could even probably get a wakeboard or something other water toys probably,
duchy 27,Duchy,27,Duchy 27,27.0,attribute,dimensions,length_feet,Length Feet,27 ft,ft,0.937,0,l9-K08rUO3I,,
duchy 27,Duchy,27,Duchy 27,27.0,attribute,handling,bow_thruster,Bow Thruster,true,,0.96,3,l9-K08rUO3I,...Yanmar but it comes with the nanny so I've got the wheel here forward of the wheel I have a bow thruster,
duchy 27,Duchy,27,Duchy 27,27.0,attribute,powertrain,drive_type,Drive Type,shaft,,0.95,2,l9-K08rUO3I,...which goes all the way to the back of the boat shaft drive full bladed prop and a Rudder behind that so,
duchy 27,Duchy,27,Duchy 27,27.0,attribute,character,dry_ride,Dry Ride,true,,0.87,1,l9-K08rUO3I,that's going to pass through a wide variation of conditions and keep you comfortable and keep you dry and just,
duchy 27,Duchy,27,Duchy 27,27.0,attribute,powertrain,engine_power_hp,Engine Power Hp,205 hp,hp,0.89,1,l9-K08rUO3I,it comes with one engine option Nanny 205 205 horsepower Nanny this one's got a Yanmar because you can do,
duchy 27,Duchy,27,Duchy 27,27.0,attribute,accommodation,galley,Galley,true,,0.9,1,l9-K08rUO3I,...keep the air flowing through the boat so why don't you come over here Sam and then look back at this galley,
duchy 27,Duchy,27,Duchy 27,27.0,attribute,performance,max_observed_speed_knots,Max Observed Speed Knots,18.8 kn,kn,0.89,1,l9-K08rUO3I,I'm doing 18.8 knots he'll have all left in the Rev range so,
duchy 27,Duchy,27,Duchy 27,27.0,attribute,weather,opening_sunroof,Opening Sunroof,true,,0.93,1,l9-K08rUO3I,starboard side and make my way around I've got an opening roof hatch just here so that's going to be great for...,
duchy 27,Duchy,27,Duchy 27,27.0,attribute,mission,overnight_capable,Overnight Capable,true,,0.86,3,l9-K08rUO3I,sleep on it probably not you've probably got a nice Waterfront house and your mate does too and he's got a big...,
duchy 27,Duchy,27,Duchy 27,27.0,attribute,character,premium_styling,Premium Styling,true,,0.82,3,l9-K08rUO3I,...might have gotten you've had enough sailing and you want a beautiful boat a boat that's going to last a boat that's...,
duchy 27,Duchy,27,Duchy 27,27.0,attribute,systems,solar,Solar,true,,0.94,1,l9-K08rUO3I,...they're not opening they're toughened glass but this particular boat has got it's got some solar panels running down the middle of,
duchy 35,Duchy,35 optioned,Duchy 35 optioned,35.0,category,category,chase-tender,Chase Tender,true,,0.96,2,ML3r08ofmbs;_pQTpxilzvo;6i7c3fgky6w,...focus or their history or their specialty is custom luxury super yacht tenders so just imagine the detail and the care that...,
duchy 35,Duchy,35 optioned,Duchy 35 optioned,35.0,category,category,walkaround-day-boat,Walkaround Day Boat,true,,0.87,1,ML3r08ofmbs;_pQTpxilzvo;6i7c3fgky6w,...this boat which is also more suitable perhaps for your Sydney day boat scene and I'll go through that in more detail...,
duchy 35,Duchy,35 optioned,Duchy 35 optioned,35.0,attribute,dimensions,length_feet,Length Feet,35 ft,ft,0.937,0,ML3r08ofmbs;_pQTpxilzvo;6i7c3fgky6w,,
duchy 35,Duchy,35 optioned,Duchy 35 optioned,35.0,attribute,comfort,air_conditioning,Air Conditioning,true,,0.92,2,ML3r08ofmbs;_pQTpxilzvo;6i7c3fgky6w,...for the trip so just an idea so we've got an air conditioning Outlet just next to the skipper just here we...,
duchy 35,Duchy,35 optioned,Duchy 35 optioned,35.0,attribute,handling,bow_thruster,Bow Thruster,true,,0.96,2,ML3r08ofmbs;_pQTpxilzvo;6i7c3fgky6w,...equip yourself with bound Stone thrusters if you see the need or you can just put a bow thruster on it because,
duchy 35,Duchy,35 optioned,Duchy 35 optioned,35.0,attribute,accommodation,cabins,Cabins,2 count,count,0.95,3,ML3r08ofmbs;_pQTpxilzvo;6i7c3fgky6w,...style a boat and this is a shaft drive Twin diesel two cabin vessel that will take you anywhere you want to...,
duchy 35,Duchy,35 optioned,Duchy 35 optioned,35.0,attribute,performance,cruise_speed_knots,Cruise Speed Knots,5.5 kn,kn,0.93,1,ML3r08ofmbs;_pQTpxilzvo;6i7c3fgky6w,that's okay just just cruising along here at 5.5 knots we're in an 8 knot Zone at the moment so we don't...,
duchy 35,Duchy,35 optioned,Duchy 35 optioned,35.0,attribute,powertrain,drive_type,Drive Type,shaft,,0.97,5,ML3r08ofmbs;_pQTpxilzvo;6i7c3fgky6w,shaft drive diesels long range full Keel and classic good looks [Music] if you've seen my previous video on the duchy 35...,
duchy 35,Duchy,35 optioned,Duchy 35 optioned,35.0,attribute,powertrain,engine_count,Engine Count,2 count,count,0.95,2,ML3r08ofmbs;_pQTpxilzvo;6i7c3fgky6w,...a picnic style a boat and this is a shaft drive Twin diesel two cabin vessel that will take you anywhere you...,
duchy 35,Duchy,35 optioned,Duchy 35 optioned,35.0,attribute,powertrain,engine_power_hp,Engine Power Hp,350 hp,hp,0.93,3,ML3r08ofmbs;_pQTpxilzvo;6i7c3fgky6w,to operate at slow speed um first things first I'm driving these nannies these are twin uh 270 horsepower,
duchy 35,Duchy,35 optioned,Duchy 35 optioned,35.0,attribute,accommodation,galley,Galley,true,,0.9,5,ML3r08ofmbs;_pQTpxilzvo;6i7c3fgky6w,...enjoyment out of this thing so yes you can put a galley up this that's possible and I think we had that...,
duchy 35,Duchy,35 optioned,Duchy 35 optioned,35.0,attribute,systems,generator,Generator,true,,0.93,4,ML3r08ofmbs;_pQTpxilzvo;6i7c3fgky6w,...a couple perfectly in my opinion we have sea keeper gyro we have the generator we have a fisher Panda generator it,
duchy 35,Duchy,35 optioned,Duchy 35 optioned,35.0,attribute,mission,long_range_suitable,Long Range Suitable,true,,0.91,1,ML3r08ofmbs;_pQTpxilzvo;6i7c3fgky6w,shaft drive diesels long range full Keel and classic good looks [Music] if you've seen my previous video on the duchy 35...,
duchy 35,Duchy,35 optioned,Duchy 35 optioned,35.0,attribute,weather,opening_sunroof,Opening Sunroof,true,,0.93,2,ML3r08ofmbs;_pQTpxilzvo;6i7c3fgky6w,...decks which is all important on a vessel like this electric opening sunroof with blinds that pull in from both directions so...,
duchy 35,Duchy,35 optioned,Duchy 35 optioned,35.0,attribute,mission,overnight_capable,Overnight Capable,true,,0.86,2,ML3r08ofmbs;_pQTpxilzvo;6i7c3fgky6w,...people and you do a lot of day boating and then occasional overnighting and Coastal trips are your friends really going to,
duchy 35,Duchy,35 optioned,Duchy 35 optioned,35.0,attribute,performance,range_nm,Range Nm,650 nm,nm,0.93,1,ML3r08ofmbs;_pQTpxilzvo;6i7c3fgky6w,...and a half knots there of 1 600 reps she's got 650 nautical mile range at eight knots over a thousand liters...,
duchy 35,Duchy,35 optioned,Duchy 35 optioned,35.0,attribute,accommodation,separate_shower,Separate Shower,true,,0.94,1,ML3r08ofmbs;_pQTpxilzvo;6i7c3fgky6w,...you're going to sacrifice is you're not going to have a separate shower so get in there and have a look so...,
duchy 35,Duchy,35 optioned,Duchy 35 optioned,35.0,attribute,handling,stern_thruster,Stern Thruster,true,,0.96,2,ML3r08ofmbs;_pQTpxilzvo;6i7c3fgky6w,...Close Quarters situation just using the throttles and the bow and Stern Thruster so keep watching if that's of interest to you...,
duchy 35,Duchy,35 optioned,Duchy 35 optioned,35.0,attribute,performance,top_speed_knots,Top Speed Knots,30 kn,kn,0.93,2,ML3r08ofmbs;_pQTpxilzvo;6i7c3fgky6w,...odd liters you could still get a pretty decent range at a sailing yacht speed obviously we can do 30 knots on,
duchy 35,Duchy,35 optioned,Duchy 35 optioned,35.0,attribute,capacity,water_capacity_l,Water Capacity L,300 L,L,0.93,1,ML3r08ofmbs;_pQTpxilzvo;6i7c3fgky6w,...cylindrical tank on the starboard side I forgot to mention the water tanks they are after 300 liters aside they're hard plastic...,
fairline f33,Fairline,F33,Fairline F33,33.0,attribute,dimensions,length_feet,Length Feet,33 ft,ft,0.99,0,jxc0Sk0T6qo;uq841919wS0,,
fairline f33,Fairline,F33,Fairline F33,33.0,attribute,comfort,air_conditioning,Air Conditioning,true,,0.92,3,jxc0Sk0T6qo;uq841919wS0,...sure you can air condition this space and this one is air conditioning there you go so you you enjoy your time...,
fairline f33,Fairline,F33,Fairline F33,33.0,attribute,handling,bow_thruster,Bow Thruster,true,,0.96,2,jxc0Sk0T6qo;uq841919wS0,phone holder to port of that vhf radio coming down the side bow thruster to port which is kind of,
fairline f33,Fairline,F33,Fairline F33,33.0,attribute,powertrain,drive_type,Drive Type,outboard,,0.94,4,jxc0Sk0T6qo;uq841919wS0,see maybe some people being attracted because they've come from outboards and they want outboards but i'm going to make an argument...,multiple_values_review
fairline f33,Fairline,F33,Fairline F33,33.0,attribute,powertrain,drive_type,Drive Type,sterndrive,,0.94,1,jxc0Sk0T6qo;uq841919wS0,...my volvo digital throttles above that we've got the joystick through stern drive so we have the joystick parking on this one,multiple_values_review
fairline f33,Fairline,F33,Fairline F33,33.0,attribute,powertrain,engine_power_hp,Engine Power Hp,430 hp,hp,0.89,2,jxc0Sk0T6qo;uq841919wS0,been fitted with the biggest motors it's the inboard volvo 430 horsepower twin setup,
fairline f33,Fairline,F33,Fairline F33,33.0,attribute,accommodation,galley,Galley,configuration-dependent,,0.78,2,jxc0Sk0T6qo;uq841919wS0,...is more like a little prep station for your lunch or your picnics it's not a galley because we've got the galley,configuration_dependent
fairline f33,Fairline,F33,Fairline F33,33.0,attribute,character,premium_styling,Premium Styling,true,,0.82,5,jxc0Sk0T6qo;uq841919wS0,outboards for a boat like this and my argument is this um why would you have a sexy boat if you,
fairline 65 gto,Fairline,TARGA 65 GTO,Fairline TARGA 65 GTO,65.0,attribute,dimensions,length_feet,Length Feet,65 ft,ft,0.937,0,oNumNB8Mhyo;eb_llB5SAck,,
fairline 65 gto,Fairline,TARGA 65 GTO,Fairline TARGA 65 GTO,65.0,attribute,comfort,air_conditioning,Air Conditioning,true,,0.92,5,oNumNB8Mhyo;eb_llB5SAck,...i can i can feel air wafting through we do have air conditioning of course but we haven't got it on and...,
fairline 65 gto,Fairline,TARGA 65 GTO,Fairline TARGA 65 GTO,65.0,attribute,accommodation,cabins,Cabins,4 count,count,0.93,2,oNumNB8Mhyo;eb_llB5SAck,...to have a cabin in this space so we're on a three cabin layout it can be a four cabin layout so,
fairline 65 gto,Fairline,TARGA 65 GTO,Fairline TARGA 65 GTO,65.0,attribute,accommodation,crew_cabin,Crew Cabin,true,,0.96,3,oNumNB8Mhyo;eb_llB5SAck,...social zone you can actually stow these down below in the crew cabin or in the tender garage and have the teak...,
fairline 65 gto,Fairline,TARGA 65 GTO,Fairline TARGA 65 GTO,65.0,attribute,powertrain,drive_type,Drive Type,shaft,,0.95,2,oNumNB8Mhyo;eb_llB5SAck,...it's incredibly manageable um you know we are before i get up and moving you know we are shaft drives we've got,
fairline 65 gto,Fairline,TARGA 65 GTO,Fairline TARGA 65 GTO,65.0,attribute,accommodation,galley,Galley,true,,0.9,2,oNumNB8Mhyo;eb_llB5SAck,tap there this is your primary galley and this is a good place for knives and,
fairline 65 gto,Fairline,TARGA 65 GTO,Fairline TARGA 65 GTO,65.0,attribute,hull,hull_form,Hull Form,rib,,0.95,1,oNumNB8Mhyo;eb_llB5SAck,you're going to keep your rib and on the port side shore power so you've got two cables on this one so...,
fairline 65 gto,Fairline,TARGA 65 GTO,Fairline TARGA 65 GTO,65.0,attribute,mission,offshore_capable,Offshore Capable,true,,0.88,1,oNumNB8Mhyo;eb_llB5SAck,in uh semi offshore conditions right now and i'm just going to turn i've got some swell it's a nor east breeze...,
fairline 65 gto,Fairline,TARGA 65 GTO,Fairline TARGA 65 GTO,65.0,attribute,weather,opening_sunroof,Opening Sunroof,true,,0.93,2,oNumNB8Mhyo;eb_llB5SAck,the electric opening sunroof and that's got blinds i saw and then we're carrying this glass lots of glass on this boat...,
fairline 65 gto,Fairline,TARGA 65 GTO,Fairline TARGA 65 GTO,65.0,attribute,character,premium_styling,Premium Styling,true,,0.82,4,oNumNB8Mhyo;eb_llB5SAck,some practical features and made it sexy so this stainless steel here you might have the odd rope going over the bow...,
fairline 65 gto,Fairline,TARGA 65 GTO,Fairline TARGA 65 GTO,65.0,attribute,accommodation,separate_shower,Separate Shower,true,,0.94,2,oNumNB8Mhyo;eb_llB5SAck,let's just show you there can you see that so head separate shower and,
fairline 65 gto,Fairline,TARGA 65 GTO,Fairline TARGA 65 GTO,65.0,attribute,handling,stern_thruster,Stern Thruster,true,,0.96,2,oNumNB8Mhyo;eb_llB5SAck,bow and stern thruster they are electric thrusters but variable speed so you're constant and variable speed so,
fairline 65 gto,Fairline,TARGA 65 GTO,Fairline TARGA 65 GTO,65.0,attribute,storage,tender_garage,Tender Garage,true,,0.96,2,oNumNB8Mhyo;eb_llB5SAck,...zone you can actually stow these down below in the crew cabin or in the tender garage and have the teak entrance,
fairline 65 gto,Fairline,TARGA 65 GTO,Fairline TARGA 65 GTO,65.0,attribute,mission,watersports_suitable,Watersports Suitable,true,,0.87,1,oNumNB8Mhyo;eb_llB5SAck,...kids or for storing stuff but you know what if you're into some of your water sports like if you're a scuba,
fairline 65gto,Fairline,TARGA 65GTO,Fairline TARGA 65GTO,65.0,category,category,sport-yacht,Sport Yacht,true,,0.97,1,T-ugZZS9tnw;1qnENJvAxHI,...the action that's what I love about this sedan style of sports yacht you're not up there uh disconnected from all your...,
fairline 65gto,Fairline,TARGA 65GTO,Fairline TARGA 65GTO,65.0,attribute,dimensions,length_feet,Length Feet,65 ft,ft,0.937,0,T-ugZZS9tnw;1qnENJvAxHI,,
fairline 65gto,Fairline,TARGA 65GTO,Fairline TARGA 65GTO,65.0,attribute,comfort,air_conditioning,Air Conditioning,true,,0.92,5,T-ugZZS9tnw;1qnENJvAxHI,...two plugs that's going to be one for charging one for air conditioning I assume your platform and garage operation is also...,
fairline 65gto,Fairline,TARGA 65GTO,Fairline TARGA 65GTO,65.0,attribute,access,beach_club,Beach Club,true,,0.97,1,T-ugZZS9tnw;1qnENJvAxHI,...that is a cool little feature so this is our own Beach Club area it's now been converted into the beach club...,
fairline 65gto,Fairline,TARGA 65GTO,Fairline TARGA 65GTO,65.0,attribute,accommodation,crew_cabin,Crew Cabin,true,,0.96,1,T-ugZZS9tnw;1qnENJvAxHI,...you can open these stairs which will take you into the crew cabin a lot of people would run a captain on...,
fairline 65gto,Fairline,TARGA 65GTO,Fairline TARGA 65GTO,65.0,attribute,performance,cruise_speed_knots,Cruise Speed Knots,20 kn,kn,0.93,1,T-ugZZS9tnw;1qnENJvAxHI,knots in parts and so just cruising along there at yeah 20 knots fuel flow of 120 liters and I've actually got...,
fairline 65gto,Fairline,TARGA 65GTO,Fairline TARGA 65GTO,65.0,attribute,powertrain,drive_type,Drive Type,ips-pod,,0.98,5,T-ugZZS9tnw;1qnENJvAxHI,...European Brands and what do you have you have shaft drive IPS drive and surface drives you need to think about all...,multiple_values_review
fairline 65gto,Fairline,TARGA 65GTO,Fairline TARGA 65GTO,65.0,attribute,powertrain,drive_type,Drive Type,shaft,,0.97,5,T-ugZZS9tnw;1qnENJvAxHI,...more expensive to service and maintain though so where does a shaft drive fit in somebody who's had some boats before probably...,multiple_values_review
fairline 65gto,Fairline,TARGA 65GTO,Fairline TARGA 65GTO,65.0,attribute,powertrain,drive_type,Drive Type,surface-drive,,0.98,5,T-ugZZS9tnw;1qnENJvAxHI,...what do you have you have shaft drive IPS drive and surface drives you need to think about all those options options...,multiple_values_review
fairline 65gto,Fairline,TARGA 65GTO,Fairline TARGA 65GTO,65.0,attribute,systems,fin_stabilisers,Fin Stabilisers,true,,0.96,5,T-ugZZS9tnw;1qnENJvAxHI,...around and turn down 12 I'm actually going to turn the fin stabilizer station off and just let you appreciate uh how...,
fairline 65gto,Fairline,TARGA 65GTO,Fairline TARGA 65GTO,65.0,attribute,accommodation,galley,Galley,true,,0.9,2,T-ugZZS9tnw;1qnENJvAxHI,...about communication and inclusion you know you can be at the galley you're part of the action you beat the Barbie you're...,
fairline 65gto,Fairline,TARGA 65GTO,Fairline TARGA 65GTO,65.0,attribute,hull,hull_form,Hull Form,rib,,0.95,1,T-ugZZS9tnw;1qnENJvAxHI,tender and you can quite clearly get a considerably sized inflatable rigid inflatable in here no problems and a jet ski or...,
fairline 65gto,Fairline,TARGA 65GTO,Fairline TARGA 65GTO,65.0,attribute,character,premium_styling,Premium Styling,true,,0.82,5,T-ugZZS9tnw;1qnENJvAxHI,...if that's important to you if you want a boat that looks beautiful from every angle a fair line is is definitely...,
fairline 65gto,Fairline,TARGA 65GTO,Fairline TARGA 65GTO,65.0,attribute,accommodation,separate_shower,Separate Shower,true,,0.94,2,T-ugZZS9tnw;1qnENJvAxHI,...mirrors storage nice Basin Beautiful Finish proper loose on this one separate shower you do need to point out the uh the...,
fairline 65gto,Fairline,TARGA 65GTO,Fairline TARGA 65GTO,65.0,attribute,storage,tender_garage,Tender Garage,true,,0.96,1,T-ugZZS9tnw;1qnENJvAxHI,...that we're out of the back of the boat there's a tender garage we'll open that in a second sorry live YouTube...,
fjord 38,Fjord,38 XPRESS,Fjord 38 XPRESS,38.0,category,category,walkaround-day-boat,Walkaround Day Boat,true,,0.89,5,GWTWusJx4VI;L80a-KaySbk,...sexy it's kind of what i would expect on a sexy day boat [Music] g'day guys welcome to the walk through fjord...,
fjord 38,Fjord,38 XPRESS,Fjord 38 XPRESS,38.0,category,category,weekender-commuter,Weekender Commuter,true,,0.91,1,GWTWusJx4VI;L80a-KaySbk,...and the hansi group that builds this fjord have a wonderful commuter boat or commuter style called the rick which i've tested...,
fjord 38,Fjord,38 XPRESS,Fjord 38 XPRESS,38.0,attribute,dimensions,length_feet,Length Feet,38 ft,ft,0.937,0,GWTWusJx4VI;L80a-KaySbk,,
fjord 38,Fjord,38 XPRESS,Fjord 38 XPRESS,38.0,attribute,handling,bow_thruster,Bow Thruster,true,,0.96,2,GWTWusJx4VI;L80a-KaySbk,...going to be reversing in on port side i've activated the bow thruster and done a test i'll do that one more...,
fjord 38,Fjord,38 XPRESS,Fjord 38 XPRESS,38.0,attribute,performance,cruise_speed_knots,Cruise Speed Knots,33 kn,kn,0.93,1,GWTWusJx4VI;L80a-KaySbk,epic day boat central cruising around at 27 to 33 knots top speed at 43 knots mixture of engine operations or choices...,
fjord 38,Fjord,38 XPRESS,Fjord 38 XPRESS,38.0,attribute,powertrain,drive_type,Drive Type,outboard,,0.94,4,GWTWusJx4VI;L80a-KaySbk,this and out here on the transom as you can see outboards you have many options if you want to go with...,
fjord 38,Fjord,38 XPRESS,Fjord 38 XPRESS,38.0,attribute,capacity,fuel_capacity_l,Fuel Capacity L,760 L,L,0.93,1,GWTWusJx4VI;L80a-KaySbk,...excellent amount of shade under this t-top about six tons uh fuel capacity we're at 760 litres and we are um moderately...,
fjord 38,Fjord,38 XPRESS,Fjord 38 XPRESS,38.0,attribute,performance,max_observed_speed_knots,Max Observed Speed Knots,6 kn,kn,0.89,1,GWTWusJx4VI;L80a-KaySbk,...okay clear the wreath nobody ahead of me engine trimmed down i'm doing six knots i don't really care about like your...,numeric_sanity_review
fjord 38,Fjord,38 XPRESS,Fjord 38 XPRESS,38.0,attribute,mission,offshore_capable,Offshore Capable,true,,0.88,1,GWTWusJx4VI;L80a-KaySbk,so yeah what does that tell me in choppy water in offshore conditions run the boat at your 25 to 27 knot...,
fjord 38,Fjord,38 XPRESS,Fjord 38 XPRESS,38.0,attribute,mission,overnight_capable,Overnight Capable,true,,0.86,5,GWTWusJx4VI;L80a-KaySbk,...pieces if you've got a little gear grab bag or an overnight bag so to speak the perfect place for those are...,
fjord 38,Fjord,38 XPRESS,Fjord 38 XPRESS,38.0,attribute,character,premium_styling,Premium Styling,true,,0.82,5,GWTWusJx4VI;L80a-KaySbk,that just says summer right there [Music] sexy it's kind of what i would expect on a sexy day boat [Music] g'day...,
fjord 38,Fjord,38 XPRESS,Fjord 38 XPRESS,38.0,attribute,performance,top_speed_knots,Top Speed Knots,43 kn,kn,0.93,1,GWTWusJx4VI;L80a-KaySbk,epic day boat central cruising around at 27 to 33 knots top speed at 43 knots mixture of engine operations or choices...,
fjord 39xl,Fjord,39XL,Fjord 39XL,39.0,category,category,luxury-med-day-boat,Luxury Med Day Boat,true,,0.96,3,itSoR4Zai3k;UBeOFPxi0Kk,...the sort of person who's looking for perhaps your first super luxury day boat uh maybe you're coming up from a smaller...,
fjord 39xl,Fjord,39XL,Fjord 39XL,39.0,category,category,walkaround-day-boat,Walkaround Day Boat,true,,0.87,4,itSoR4Zai3k;UBeOFPxi0Kk,...sort of person who's looking for perhaps your first super luxury day boat uh maybe you're coming up from a smaller boat...,
fjord 39xl,Fjord,39XL,Fjord 39XL,39.0,attribute,dimensions,length_feet,Length Feet,39 ft,ft,0.937,0,itSoR4Zai3k;UBeOFPxi0Kk,,
fjord 39xl,Fjord,39XL,Fjord 39XL,39.0,attribute,comfort,air_conditioning,Air Conditioning,true,,0.92,1,itSoR4Zai3k;UBeOFPxi0Kk,...for ventilation and same again on that side so even if you don't choose air conditioning you should still be able to,
fjord 39xl,Fjord,39XL,Fjord 39XL,39.0,attribute,performance,cruise_speed_knots,Cruise Speed Knots,25 kn,kn,0.93,1,itSoR4Zai3k;UBeOFPxi0Kk,Cruise 25 knots 37 l an hour at 25 knots,
fjord 39xl,Fjord,39XL,Fjord 39XL,39.0,attribute,powertrain,drive_type,Drive Type,outboard,,0.94,1,itSoR4Zai3k;UBeOFPxi0Kk,particular model so if you went for the XP version that's Outboards it's going to be different cuz you're going to have...,multiple_values_review
fjord 39xl,Fjord,39XL,Fjord 39XL,39.0,attribute,powertrain,drive_type,Drive Type,sterndrive,,0.94,4,itSoR4Zai3k;UBeOFPxi0Kk,and I'm on the joystick through Stern drives we've got the twin 440 horsepower Volvos they are the upgraded motor I'm just...,multiple_values_review
fjord 39xl,Fjord,39XL,Fjord 39XL,39.0,attribute,powertrain,engine_power_hp,Engine Power Hp,440 hp,hp,0.89,1,itSoR4Zai3k;UBeOFPxi0Kk,...I'm on the joystick through Stern drives we've got the twin 440 horsepower Volvos they are the upgraded motor I'm just going...,
fjord 39xl,Fjord,39XL,Fjord 39XL,39.0,attribute,performance,max_observed_speed_knots,Max Observed Speed Knots,28 kn,kn,0.89,1,itSoR4Zai3k;UBeOFPxi0Kk,I'm going to turn my hat back I'm doing 28 knots already and I'm just going to now Bank,
fjord 39xl,Fjord,39XL,Fjord 39XL,39.0,attribute,mission,overnight_capable,Overnight Capable,true,,0.86,1,itSoR4Zai3k;UBeOFPxi0Kk,...the options there but let's just go downstairs cuz it is still an overnight boat we've got a decent amount AC of,
fjord 39xl,Fjord,39XL,Fjord 39XL,39.0,attribute,accommodation,separate_shower,Separate Shower,true,,0.94,1,itSoR4Zai3k;UBeOFPxi0Kk,...things but before we finish up I better show you the separate shower because on a boat of this size a lot...,
fjord 40 open,Fjord,40 OPEN customized,Fjord 40 OPEN customized,40.0,category,category,walkaround-day-boat,Walkaround Day Boat,true,,0.89,5,IJgztXoHu08;D5YHLa2qnvk,...description below to the 38 which I tested earlier this year these boats are the meaning of sick mad day boats and,
fjord 40 open,Fjord,40 OPEN customized,Fjord 40 OPEN customized,40.0,attribute,dimensions,length_feet,Length Feet,40 ft,ft,0.937,0,IJgztXoHu08;D5YHLa2qnvk,,
fjord 40 open,Fjord,40 OPEN customized,Fjord 40 OPEN customized,40.0,attribute,performance,cruise_speed_knots,Cruise Speed Knots,26 kn,kn,0.93,2,IJgztXoHu08;D5YHLa2qnvk,...and that 23 knots is really really comfortable you could also Cruise quite efficiently at around about 20 knots but I want...,
fjord 40 open,Fjord,40 OPEN customized,Fjord 40 OPEN customized,40.0,attribute,powertrain,drive_type,Drive Type,ips-pod,,0.98,5,IJgztXoHu08;D5YHLa2qnvk,...support me on the patreon thanks very much hope you enjoy okay guys so um a twin IPS 500 they're about 370,multiple_values_review
fjord 40 open,Fjord,40 OPEN customized,Fjord 40 OPEN customized,40.0,attribute,powertrain,drive_type,Drive Type,outboard,,0.94,1,IJgztXoHu08;D5YHLa2qnvk,...was saying before if you are used to a go fast outboard powered day boat and let's face it this is the...,multiple_values_review
fjord 40 open,Fjord,40 OPEN customized,Fjord 40 OPEN customized,40.0,attribute,powertrain,engine_power_hp,Engine Power Hp,370 hp,hp,0.91,2,IJgztXoHu08;D5YHLa2qnvk,a twin IPS 500 they're about 370 horsepower each we've got electronic throttles just here we've got the power assisted steering just...,
fjord 40 open,Fjord,40 OPEN customized,Fjord 40 OPEN customized,40.0,attribute,performance,max_observed_speed_knots,Max Observed Speed Knots,7 kn,kn,0.89,1,IJgztXoHu08;D5YHLa2qnvk,...position I'm just going to get the boat up and moving I'm doing seven knot seven knots SOG a little bit uh...,numeric_sanity_review
fjord 40 open,Fjord,40 OPEN customized,Fjord 40 OPEN customized,40.0,attribute,systems,solar,Solar,true,,0.94,1,IJgztXoHu08;D5YHLa2qnvk,...it's a framed roof but a soft top we've got four solar panels built into the top we can see our horn...,
fjord 41xl,Fjord,41XL,Fjord 41XL,41.0,category,category,chase-tender,Chase Tender,true,,0.94,1,j5mU1AkuZew;mfK9MN7T6_M,is this Fjord 41xl more suited to be a super yacht tender or a luxury day boat I don't know but it's...,
fjord 41xl,Fjord,41XL,Fjord 41XL,41.0,category,category,luxury-med-day-boat,Luxury Med Day Boat,true,,0.98,5,j5mU1AkuZew;mfK9MN7T6_M,...41xl more suited to be a super yacht tender or a luxury day boat I don't know but it's a cracking day...,
fjord 41xl,Fjord,41XL,Fjord 41XL,41.0,category,category,walkaround-day-boat,Walkaround Day Boat,true,,0.89,5,j5mU1AkuZew;mfK9MN7T6_M,...more suited to be a super yacht tender or a luxury day boat I don't know but it's a cracking day for,
fjord 41xl,Fjord,41XL,Fjord 41XL,41.0,attribute,dimensions,length_feet,Length Feet,41 ft,ft,0.937,0,j5mU1AkuZew;mfK9MN7T6_M,,
fjord 41xl,Fjord,41XL,Fjord 41XL,41.0,attribute,handling,bow_thruster,Bow Thruster,true,,0.96,2,j5mU1AkuZew;mfK9MN7T6_M,...parking you might you just need to remember to flip this up then activate your bow thruster before you use it so,
fjord 41xl,Fjord,41XL,Fjord 41XL,41.0,attribute,powertrain,drive_type,Drive Type,ips-pod,,0.96,1,j5mU1AkuZew;mfK9MN7T6_M,the stern drives this is a lot more sporty to drive than with IPS,multiple_values_review
fjord 41xl,Fjord,41XL,Fjord 41XL,41.0,attribute,powertrain,drive_type,Drive Type,sterndrive,,0.94,3,j5mU1AkuZew;mfK9MN7T6_M,cruising along Yanmar 370 horsepower through Yanmar stern drive so the standard boat comes,multiple_values_review
fjord 41xl,Fjord,41XL,Fjord 41XL,41.0,attribute,powertrain,engine_power_hp,Engine Power Hp,370 hp,hp,0.89,1,j5mU1AkuZew;mfK9MN7T6_M,cruising along Yanmar 370 horsepower through Yanmar stern drive so the standard boat comes,
fjord 41xl,Fjord,41XL,Fjord 41XL,41.0,attribute,mission,fishing_suitable,Fishing Suitable,true,,0.88,1,j5mU1AkuZew;mfK9MN7T6_M,actually fishing rod storage no I can do it I can do it I believe this would be fishing rod storage but...,
fjord 41xl,Fjord,41XL,Fjord 41XL,41.0,attribute,capacity,fuel_capacity_l,Fuel Capacity L,50 L,L,0.93,1,j5mU1AkuZew;mfK9MN7T6_M,...the port beam and I'm still maintaining 25 and a half knots my 50 liter fuel flow per side yeah this is,
fjord 41xl,Fjord,41XL,Fjord 41XL,41.0,attribute,accommodation,galley,Galley,true,,0.9,1,j5mU1AkuZew;mfK9MN7T6_M,a fridge I think you can't even do a small little Galley down here if you choose as well well we've got...,
fjord 41xl,Fjord,41XL,Fjord 41XL,41.0,attribute,systems,generator,Generator,true,,0.93,1,j5mU1AkuZew;mfK9MN7T6_M,conveniently located I suspect um you know that's uh facility or a space for a generator or Gyro just there,
fjord 41xl,Fjord,41XL,Fjord 41XL,41.0,attribute,hull,hull_form,Hull Form,rib,,0.95,1,j5mU1AkuZew;mfK9MN7T6_M,rib which is low sided and you've got lots of protection and maybe a bit easier particularly for older people or short...,
fjord 41xl,Fjord,41XL,Fjord 41XL,41.0,attribute,handling,joystick_control,Joystick Control,true,,0.94,1,j5mU1AkuZew;mfK9MN7T6_M,definitely quieter and this joystick joystick system has got plenty of torque and maneuverability so it's just,
fjord 41xl,Fjord,41XL,Fjord 41XL,41.0,attribute,character,premium_styling,Premium Styling,true,,0.82,5,j5mU1AkuZew;mfK9MN7T6_M,half the time so uh is this Fjord 41xl now a bit of a crossover between sexy,
fjord 41xp,Fjord,41XP,Fjord 41XP,41.0,category,category,walkaround-day-boat,Walkaround Day Boat,true,,0.87,2,vK4V0OQs-6M,and a proper open day boat met day boat because of the design of the roof I'm just going to come through...,
fjord 41xp,Fjord,41XP,Fjord 41XP,41.0,attribute,dimensions,length_feet,Length Feet,41 ft,ft,0.937,0,vK4V0OQs-6M,,
fjord 41xp,Fjord,41XP,Fjord 41XP,41.0,attribute,performance,cruise_speed_knots,Cruise Speed Knots,33.02 kn,kn,0.93,1,vK4V0OQs-6M,...I'm just going to actually dial back the speed a little bit cuz I was cruising at 38 mph before and I'm,
fjord 41xp,Fjord,41XP,Fjord 41XP,41.0,attribute,powertrain,drive_type,Drive Type,outboard,,0.94,2,vK4V0OQs-6M,this is American suitable and this is probably good for some of you guys uh in Palmer as well because the Outboards,multiple_values_review
fjord 41xp,Fjord,41XP,Fjord 41XP,41.0,attribute,powertrain,drive_type,Drive Type,sterndrive,,0.94,1,vK4V0OQs-6M,we're on the same hle but what we're on this time instead of having the inboard Stern drives this is Australian suitable,multiple_values_review
fjord 41xp,Fjord,41XP,Fjord 41XP,41.0,attribute,character,dry_ride,Dry Ride,true,,0.87,1,vK4V0OQs-6M,it's a very dry ride we're in the ocean there is a little bit of swell left over from this the wind...,
fjord 41xp,Fjord,41XP,Fjord 41XP,41.0,attribute,handling,dynamic_positioning,Dynamic Positioning,true,,0.94,1,vK4V0OQs-6M,...want to Transit from throttle to joystick this particular system you have the Skyhook so you can just press the button and,
fjord 41xp,Fjord,41XP,Fjord 41XP,41.0,attribute,powertrain,engine_power_hp,Engine Power Hp,600 hp,hp,0.89,1,vK4V0OQs-6M,B huge amount of volume and twin V12 600 horsepower Mercury's on the back this,
fjord 41xp,Fjord,41XP,Fjord 41XP,41.0,attribute,handling,joystick_control,Joystick Control,true,,0.94,1,vK4V0OQs-6M,600s I I've not been a huge fan of the Mercury joystick system on some of the smaller Motors in the past...,
fjord 41xp,Fjord,41XP,Fjord 41XP,41.0,attribute,mission,overnight_capable,Overnight Capable,true,,0.86,1,vK4V0OQs-6M,plus people she'll take 14 in total think about overnighting you and a partner all the whole family the accommodation is amazing...,
fjord 53xl,Fjord,53XL,Fjord 53XL,53.0,category,category,walkaround-day-boat,Walkaround Day Boat,true,,0.87,2,hiV2YiZ730I,they have built a day boat with protection so some of the earlier fjords and some of the,
fjord 53xl,Fjord,53XL,Fjord 53XL,53.0,attribute,dimensions,length_feet,Length Feet,53 ft,ft,0.937,0,hiV2YiZ730I,,
fjord 53xl,Fjord,53XL,Fjord 53XL,53.0,attribute,performance,cruise_speed_knots,Cruise Speed Knots,25 kn,kn,0.93,1,hiV2YiZ730I,...360 of water and we've got about seven or eight people on board today um I'm just cruising along with 25 knots,
fjord 53xl,Fjord,53XL,Fjord 53XL,53.0,attribute,powertrain,drive_type,Drive Type,ips-pod,,0.96,2,hiV2YiZ730I,...came to understand the performance so let's talk about that we've got the twin IPS 800 today are the upgraded Motors and,
flipper 900st,Flipper,900ST,Flipper 900ST,90.0,category,category,pilothouse-crossover,Pilothouse Crossover,true,,0.93,1,-HWI25JEFMU;3MrYB-RPxyk,...a second when I go through the cockpit means it's an all-weather boat particularly for a climate like Sydney and basically for...,
flipper 900st,Flipper,900ST,Flipper 900ST,90.0,category,category,sports-cruiser,Sports Cruiser,true,,0.99,5,-HWI25JEFMU;3MrYB-RPxyk,...have kids and see some value and doing that whole family together thing well today I'm on a modern day sports Cruiser,
flipper 900st,Flipper,900ST,Flipper 900ST,90.0,category,category,walkaround-day-boat,Walkaround Day Boat,true,,0.87,1,-HWI25JEFMU;3MrYB-RPxyk,...boat you really need to take seriously if you love the day boat modern sports Cruiser lifestyle and you see yourself getting...,
flipper 900st,Flipper,900ST,Flipper 900ST,90.0,category,category,weekender-commuter,Weekender Commuter,true,,0.93,2,-HWI25JEFMU;3MrYB-RPxyk,...this is what I'm thinking about say you have had that commuter boat um you know how much space you have internally...,
flipper 900st,Flipper,900ST,Flipper 900ST,90.0,attribute,dimensions,length_feet,Length Feet,90 ft,ft,0.937,0,-HWI25JEFMU;3MrYB-RPxyk,,
flipper 900st,Flipper,900ST,Flipper 900ST,90.0,attribute,comfort,air_conditioning,Air Conditioning,true,,0.85,1,-HWI25JEFMU;3MrYB-RPxyk,...a little vent here so that's going to I don't know air conditioning or heater option I've got two down lights just...,
flipper 900st,Flipper,900ST,Flipper 900ST,90.0,attribute,handling,bow_thruster,Bow Thruster,true,,0.96,1,-HWI25JEFMU;3MrYB-RPxyk,...did look underneath me just here we have access into the bow thruster so nothing is hidden from us on this boat...,
flipper 900st,Flipper,900ST,Flipper 900ST,90.0,attribute,performance,cruise_speed_knots,Cruise Speed Knots,27 kn,kn,0.93,1,-HWI25JEFMU;3MrYB-RPxyk,...just get these motors because the fuel flow is really good cruising around 50 liters an hour speed return 25 27 knots...,
flipper 900st,Flipper,900ST,Flipper 900ST,90.0,attribute,powertrain,drive_type,Drive Type,outboard,,0.94,1,-HWI25JEFMU;3MrYB-RPxyk,...in Australia is going nose up on the beach and with Outboards you can do that and I'll demonstrate where I'll explain...,
flipper 900st,Flipper,900ST,Flipper 900ST,90.0,attribute,powertrain,engine_power_hp,Engine Power Hp,225 hp,hp,0.91,3,-HWI25JEFMU;3MrYB-RPxyk,...it feels like to hook through a turn with a twin 225 horsepower Mercury's currently doing that 21 knots it is the...,
flipper 900st,Flipper,900ST,Flipper 900ST,90.0,attribute,mission,overnight_capable,Overnight Capable,true,,0.86,3,-HWI25JEFMU;3MrYB-RPxyk,...you're ready for more space maybe you want to do some overnighting you might have kids and see some value and doing...,
flipper 900st,Flipper,900ST,Flipper 900ST,90.0,attribute,performance,top_speed_knots,Top Speed Knots,8 kn,kn,0.93,1,-HWI25JEFMU;3MrYB-RPxyk,give it full speed a little bit of a trim up this I'm getting 8 knots 38 knots and a half not...,numeric_sanity_review
flipper 900st,Flipper,900ST,Flipper 900ST,90.0,attribute,capacity,water_capacity_l,Water Capacity L,100 L,L,0.93,1,-HWI25JEFMU;3MrYB-RPxyk,...could see I've got my water in just there so it's 100 liters of water capacity on this boat and then making...,
four winns th36,Four Winns,TH36 catamaran,Four Winns TH36 catamaran,36.0,category,category,sports-cruiser,Sports Cruiser,true,,0.97,1,i4LumMvutRA,Sports Cruiser but I tell you what going from uh the stern drive monoh whole Sports Cruisers of uh back in the...,
four winns th36,Four Winns,TH36 catamaran,Four Winns TH36 catamaran,36.0,attribute,dimensions,length_feet,Length Feet,36 ft,ft,0.937,0,i4LumMvutRA,,
four winns th36,Four Winns,TH36 catamaran,Four Winns TH36 catamaran,36.0,attribute,powertrain,drive_type,Drive Type,sterndrive,,0.94,1,i4LumMvutRA,Sports Cruiser but I tell you what going from uh the stern drive monoh whole Sports Cruisers of uh back in the...,
four winns th36,Four Winns,TH36 catamaran,Four Winns TH36 catamaran,36.0,attribute,mission,family_suitable,Family Suitable,true,,0.85,1,i4LumMvutRA,really is family friendly um we can do the fast run but running okay it's not ocean,
four winns th36,Four Winns,TH36 catamaran,Four Winns TH36 catamaran,36.0,attribute,performance,max_observed_speed_knots,Max Observed Speed Knots,11 kn,kn,0.89,1,i4LumMvutRA,to speak American so um we're doing 11 knots right now GPS overground 11 miles,
four winns th36,Four Winns,TH36 catamaran,Four Winns TH36 catamaran,36.0,attribute,mission,offshore_capable,Offshore Capable,true,,0.88,1,i4LumMvutRA,remaining now we're going into some wind chop cuz we're going to be getting more exposed to the offshore conditions when,
frauscher 1017gt,Frauscher,1017GT,Frauscher 1017GT,33.37,category,category,walkaround-day-boat,Walkaround Day Boat,true,,0.87,1,ZQ1ATYwPU9s;UQ8HjgkEc80,...this quite luxurious accommodation space remember this is a externally gorgeous day boat you don't always expect to have this much room...,
frauscher 1017gt,Frauscher,1017GT,Frauscher 1017GT,33.37,attribute,dimensions,length_feet,Length Feet,33.37 ft,ft,0.937,0,ZQ1ATYwPU9s;UQ8HjgkEc80,,
frauscher 1017gt,Frauscher,1017GT,Frauscher 1017GT,33.37,attribute,handling,bow_thruster,Bow Thruster,true,,0.96,1,ZQ1ATYwPU9s;UQ8HjgkEc80,...running the 430 the V8 Big Blocks on this one your bow thruster is forward of that that's a drink holder there...,
frauscher 1017gt,Frauscher,1017GT,Frauscher 1017GT,33.37,attribute,powertrain,drive_type,Drive Type,sterndrive,,0.96,2,ZQ1ATYwPU9s;UQ8HjgkEc80,...we've got the big motors on this one they're Duo prop Stern drives trim the legs up and down no trim tabs...,
frauscher 1017gt,Frauscher,1017GT,Frauscher 1017GT,33.37,attribute,accommodation,galley,Galley,true,,0.9,1,ZQ1ATYwPU9s;UQ8HjgkEc80,...decking all the way through and we've got a proper neat Galley so two fridges a little bit of storage underneath this...,
frauscher 1017gt,Frauscher,1017GT,Frauscher 1017GT,33.37,attribute,character,premium_styling,Premium Styling,true,,0.82,1,ZQ1ATYwPU9s;UQ8HjgkEc80,...of a time limit so I hope you can appreciate the beautiful boat this is the 1017 frauscher GT if you're interested...,
frauscher 1212,Frauscher,1212 GHOST,Frauscher 1212 GHOST,39.76,category,category,walkaround-day-boat,Walkaround Day Boat,true,,0.87,5,U28T0RvYhlo,they're at the total upper end of the day boat Spectrum so don't put a frosher in your everyday boat class this...,
frauscher 1212,Frauscher,1212 GHOST,Frauscher 1212 GHOST,39.76,attribute,dimensions,length_feet,Length Feet,39.76 ft,ft,0.937,0,U28T0RvYhlo,,
frauscher 1212,Frauscher,1212 GHOST,Frauscher 1212 GHOST,39.76,attribute,access,beach_club,Beach Club,true,,0.97,2,U28T0RvYhlo,you would feel fantastic going to the beach club in this and pulling up to the day Club look at that gracefully...,
frauscher 1212,Frauscher,1212 GHOST,Frauscher 1212 GHOST,39.76,attribute,handling,bow_thruster,Bow Thruster,true,,0.96,2,U28T0RvYhlo,...in the center of the boat having a joystick and your bow thruster forward of that and having visibility to the bow...,
frauscher 1212,Frauscher,1212 GHOST,Frauscher 1212 GHOST,39.76,attribute,performance,cruise_speed_knots,Cruise Speed Knots,25 kn,kn,0.93,1,U28T0RvYhlo,...second but this feels like a fuel efficient slow crew slow cruise at 25 knots still Level attitude and I can real...,
frauscher 1212,Frauscher,1212 GHOST,Frauscher 1212 GHOST,39.76,attribute,powertrain,drive_type,Drive Type,sterndrive,,0.94,1,U28T0RvYhlo,...got the bow thruster just here we've got the joystick through stern drive so we can walk this boat sideways if you...,
frauscher 1212,Frauscher,1212 GHOST,Frauscher 1212 GHOST,39.76,attribute,capacity,fuel_capacity_l,Fuel Capacity L,850 L,L,0.93,1,U28T0RvYhlo,...and you can also go the petrol we've got the 440 horsepowers 850 liter fuel tank um but the experience continues you,
frauscher 1212,Frauscher,1212 GHOST,Frauscher 1212 GHOST,39.76,attribute,character,premium_styling,Premium Styling,true,,0.82,1,U28T0RvYhlo,...I think that's the idea they're designing a super stylish super beautiful boat that to the educated eye those people are going...,
frauscher 1414,Frauscher,1414 DEMON,Frauscher 1414 DEMON,46.39,category,category,walkaround-day-boat,Walkaround Day Boat,true,,0.89,3,lRJ2YM2fhWc;BemSngFIkmI,responds 32 knots 33 knots the wind over the decks is quite pleasurable this is a sunny day boat,
frauscher 1414,Frauscher,1414 DEMON,Frauscher 1414 DEMON,46.39,attribute,dimensions,length_feet,Length Feet,46.39 ft,ft,0.937,0,lRJ2YM2fhWc;BemSngFIkmI,,
frauscher 1414,Frauscher,1414 DEMON,Frauscher 1414 DEMON,46.39,attribute,comfort,air_conditioning,Air Conditioning,true,,0.92,5,lRJ2YM2fhWc;BemSngFIkmI,...uh all the flying that I've been doing lately too much air conditioning in airplanes got a barbecue just here and over...,
frauscher 1414,Frauscher,1414 DEMON,Frauscher 1414 DEMON,46.39,attribute,powertrain,drive_type,Drive Type,ips-pod,,0.96,1,lRJ2YM2fhWc;BemSngFIkmI,compared to the IPS is always going to be a little bit more so now let's try this joystick and see what...,comparison_context_review;multiple_values_review
frauscher 1414,Frauscher,1414 DEMON,Frauscher 1414 DEMON,46.39,attribute,powertrain,drive_type,Drive Type,sterndrive,,0.94,4,lRJ2YM2fhWc;BemSngFIkmI,the moment so that's the trim assist button through the duo prop Stern drives and that just does all the thinking for,multiple_values_review
frauscher 1414,Frauscher,1414 DEMON,Frauscher 1414 DEMON,46.39,attribute,powertrain,engine_power_hp,Engine Power Hp,440 hp,hp,0.89,1,lRJ2YM2fhWc;BemSngFIkmI,on a boat like this we're running the twin 440 horsepower Volvos from what I've just discovered with the Drone,
frauscher 1414,Frauscher,1414 DEMON,Frauscher 1414 DEMON,46.39,attribute,accommodation,galley,Galley,true,,0.9,1,lRJ2YM2fhWc;BemSngFIkmI,...that's just really good to see but coming through to the galley we've just got these curved Timber I'm going to call...,
frauscher 1414,Frauscher,1414 DEMON,Frauscher 1414 DEMON,46.39,attribute,performance,max_observed_speed_knots,Max Observed Speed Knots,21 kn,kn,0.89,1,lRJ2YM2fhWc;BemSngFIkmI,...of 74 liters total and I'm just going to increase that because I'm doing 21 knots I feel the cruising speed on,
frauscher 1414,Frauscher,1414 DEMON,Frauscher 1414 DEMON,46.39,attribute,mission,overnight_capable,Overnight Capable,true,,0.86,1,lRJ2YM2fhWc;BemSngFIkmI,...more of a day boat the demon this is a proper overnight boat first thing I want to point out notice how...,
frauscher 1414,Frauscher,1414 DEMON,Frauscher 1414 DEMON,46.39,attribute,character,premium_styling,Premium Styling,true,,0.82,4,lRJ2YM2fhWc;BemSngFIkmI,...see on this boat are absolutely amazing as we enter we've got some practical features so it's not all sexy they've managed,
frauscher 1414,Frauscher,1414 DEMON,Frauscher 1414 DEMON,46.39,attribute,storage,tender_garage,Tender Garage,true,,0.96,1,lRJ2YM2fhWc;BemSngFIkmI,...Asha whilst we're here we've got access straight in to the tender garage so we see the Leading Edge of the tender...,
frauscher 850,Frauscher,x Porsche 850 Fantom Air,Frauscher x Porsche 850 Fantom Air,28.44,attribute,dimensions,length_feet,Length Feet,28.44 ft,ft,0.99,0,-ndiytdzPio,,
frauscher 850,Frauscher,x Porsche 850 Fantom Air,Frauscher x Porsche 850 Fantom Air,28.44,attribute,powertrain,drive_type,Drive Type,electric,,0.92,1,-ndiytdzPio,...boat is because it is a collaboration with Porsche it's a fully electric speedboat frer is doing the boat and Porsche is...,multiple_values_review
frauscher 850,Frauscher,x Porsche 850 Fantom Air,Frauscher x Porsche 850 Fantom Air,28.44,attribute,powertrain,drive_type,Drive Type,sterndrive,,0.94,2,-ndiytdzPio,...reduce the power send it through a transmission and into the stern drive which we can just see just come down a...,multiple_values_review
frauscher 850,Frauscher,x Porsche 850 Fantom Air,Frauscher x Porsche 850 Fantom Air,28.44,attribute,powertrain,engine_count,Engine Count,1 count,count,0.93,1,-ndiytdzPio,...Mercury prop on the back of the boat so she's a single motor and a b Thruster we did we did 77...,
frauscher 850,Frauscher,x Porsche 850 Fantom Air,Frauscher x Porsche 850 Fantom Air,28.44,attribute,performance,max_observed_speed_knots,Max Observed Speed Knots,23 kn,kn,0.89,2,-ndiytdzPio,...I mean I was running some yamy 450s the other day in khah and and you're doing 23 knots we'll be shouting,
frauscher 850,Frauscher,x Porsche 850 Fantom Air,Frauscher x Porsche 850 Fantom Air,28.44,attribute,character,premium_styling,Premium Styling,true,,0.82,1,-ndiytdzPio,...probably seen a few fres on my channel before they're freaking sexy and what they have done just look at those lines...,
frauscher 850,Frauscher,x Porsche 850 Fantom Air,Frauscher x Porsche 850 Fantom Air,28.44,attribute,storage,tender_garage,Tender Garage,true,,0.96,1,-ndiytdzPio,...a big boat because you're going to fit it into the tender garage really really well it's going to be for people...,
galeon 440,Galeon,440,Galeon 440,44.0,attribute,dimensions,length_feet,Length Feet,44 ft,ft,0.937,0,va5PeiL0JGY;M9aQt54wVB4,,
galeon 440,Galeon,440,Galeon 440,44.0,attribute,comfort,air_conditioning,Air Conditioning,true,,0.92,3,va5PeiL0JGY;M9aQt54wVB4,...in there I even noticed you can get access there's an air conditioning uh control just or not control air conditioning pump...,
galeon 440,Galeon,440,Galeon 440,44.0,attribute,accommodation,berths,Berths,6 count,count,0.93,1,va5PeiL0JGY;M9aQt54wVB4,...it's definitely a family boat we've got three cabins we can sleep six people downstairs and we have two toilets as well...,
galeon 440,Galeon,440,Galeon 440,44.0,attribute,handling,bow_thruster,Bow Thruster,true,,0.96,1,va5PeiL0JGY;M9aQt54wVB4,Quarters scenarios and we'll spin it around using those shafts we have a bow thruster we're going to have to drop the,
galeon 440,Galeon,440,Galeon 440,44.0,attribute,accommodation,cabins,Cabins,3 count,count,0.93,3,va5PeiL0JGY;M9aQt54wVB4,...um and this thing it's definitely a family boat we've got three cabins we can sleep six people downstairs and we have...,
galeon 440,Galeon,440,Galeon 440,44.0,attribute,powertrain,drive_type,Drive Type,shaft,,0.97,2,va5PeiL0JGY;M9aQt54wVB4,gallion 440 we've got shaft drive diesels and a b Thruster on this one so come with us guys we're going to...,
galeon 440,Galeon,440,Galeon 440,44.0,attribute,mission,family_suitable,Family Suitable,true,,0.85,1,va5PeiL0JGY;M9aQt54wVB4,...already aware of them um and this thing it's definitely a family boat we've got three cabins we can sleep six people...,
galeon 440,Galeon,440,Galeon 440,44.0,attribute,access,folding_balconies,Folding Balconies,true,,0.94,1,va5PeiL0JGY;M9aQt54wVB4,...to point out here but you obviously can't miss these massive drop down wings and they are huge it makes this thing...,
galeon 440,Galeon,440,Galeon 440,44.0,attribute,accommodation,galley,Galley,true,,0.9,1,va5PeiL0JGY;M9aQt54wVB4,...just here and come over and have a look at the galley so that's kind of workable semi U shape I guess...,
galeon 440,Galeon,440,Galeon 440,44.0,attribute,systems,gyro_stabiliser,Gyro Stabiliser,true,,0.96,1,va5PeiL0JGY;M9aQt54wVB4,...to use this boat in you might want to consider a gyro stabilizer because just going to make your life a lot...,
galeon 440,Galeon,440,Galeon 440,44.0,attribute,accommodation,separate_shower,Separate Shower,true,,0.94,2,va5PeiL0JGY;M9aQt54wVB4,...the toilet space so we can't really technically call this a separate shower but once again look at that beautiful window really...,
grady white 325,Grady-White,freedom 325,Grady-White freedom 325,32.5,category,category,adventure,Adventure,true,,0.95,1,L1QsNQLdGc4;l6bMOU8sR1E,this is a day boat this is an adventure boat this is a lunch boat this is a boat that you can...,
grady white 325,Grady-White,freedom 325,Grady-White freedom 325,32.5,category,category,explorer-expedition,Explorer Expedition,true,,0.97,1,L1QsNQLdGc4;l6bMOU8sR1E,runs like the captain of a CDM it's a 100 something foot 300 350 tonne Explorer yacht which I,
grady white 325,Grady-White,freedom 325,Grady-White freedom 325,32.5,category,category,sports-cruiser,Sports Cruiser,true,,0.99,4,L1QsNQLdGc4;l6bMOU8sR1E,35 to 40 foot Sports Cruiser because that's what you think you need then stop right now and watch this video because,
grady white 325,Grady-White,freedom 325,Grady-White freedom 325,32.5,category,category,walkaround-day-boat,Walkaround Day Boat,true,,0.89,3,L1QsNQLdGc4;l6bMOU8sR1E,this is a day boat this is an adventure boat this is a lunch boat this is a boat that you can...,
grady white 325,Grady-White,freedom 325,Grady-White freedom 325,32.5,attribute,dimensions,length_feet,Length Feet,32.5 ft,ft,0.937,0,L1QsNQLdGc4;l6bMOU8sR1E,,
grady white 325,Grady-White,freedom 325,Grady-White freedom 325,32.5,attribute,dimensions,beam_feet,Beam Feet,9.84 ft,ft,0.93,1,L1QsNQLdGc4;l6bMOU8sR1E,side that's very doable the beam is over you know well over three meters like 3.4 something meters so you do notice...,
grady white 325,Grady-White,freedom 325,Grady-White freedom 325,32.5,attribute,handling,bow_thruster,Bow Thruster,true,,0.96,1,L1QsNQLdGc4;l6bMOU8sR1E,...good place to put the instrument covers as well because it's just at hand you can see your bow thruster disconnect so,
grady white 325,Grady-White,freedom 325,Grady-White freedom 325,32.5,attribute,performance,cruise_speed_knots,Cruise Speed Knots,27 kn,kn,0.93,1,L1QsNQLdGc4;l6bMOU8sR1E,...so we're gonna put this hole to the test I'm just cruising in 4 300 reps got a speed of 27 knots...,
grady white 325,Grady-White,freedom 325,Grady-White freedom 325,32.5,attribute,powertrain,drive_type,Drive Type,outboard,,0.94,1,L1QsNQLdGc4;l6bMOU8sR1E,let's face it they've dominated the market down here in Sydney well I'm telling you outboards,multiple_values_review
grady white 325,Grady-White,freedom 325,Grady-White freedom 325,32.5,attribute,powertrain,drive_type,Drive Type,surface-drive,,0.96,1,L1QsNQLdGc4;l6bMOU8sR1E,...Hull forms there's uh triber ants race Yachts big boats of surface drives you know you name it and they all give...,multiple_values_review
grady white 325,Grady-White,freedom 325,Grady-White freedom 325,32.5,attribute,powertrain,engine_power_hp,Engine Power Hp,700 hp,hp,0.89,2,L1QsNQLdGc4;l6bMOU8sR1E,...a bit of a safety thing the yummies they are the 300 horsepower yammies on the back I think you could do,
grady white 325,Grady-White,freedom 325,Grady-White freedom 325,32.5,attribute,mission,fishing_suitable,Fishing Suitable,true,,0.88,1,L1QsNQLdGc4;l6bMOU8sR1E,...I'd say this could be raw water and that's fresh because this is a fishing boat I'll tell you right now guys...,
grady white 415,Grady-White,freedom 415,Grady-White freedom 415,41.5,category,category,flybridge-motor-yacht,Flybridge Motor Yacht,true,,0.96,2,GfvR3JhlcPo;6eXKjWYaDFw,"...Yeah, visibility is great. You know, if you're coming from a flybridge motor yacht or a larger sports cruiser, let's now speed...",
grady white 415,Grady-White,freedom 415,Grady-White freedom 415,41.5,category,category,sports-cruiser,Sports Cruiser,true,,0.97,1,GfvR3JhlcPo;6eXKjWYaDFw,"...if you're coming from a flybridge motor yacht or a larger sports cruiser, let's now speed up, we'll trim up. Um having...",
grady white 415,Grady-White,freedom 415,Grady-White freedom 415,41.5,category,category,walkaround-day-boat,Walkaround Day Boat,true,,0.89,3,GfvR3JhlcPo;6eXKjWYaDFw,"...that you should consider when you're upgrading to a super awesome day boat. Uh remember, you are sacrificing on accommodation, overnight accommodation...",
grady white 415,Grady-White,freedom 415,Grady-White freedom 415,41.5,attribute,dimensions,length_feet,Length Feet,41.5 ft,ft,0.937,0,GfvR3JhlcPo;6eXKjWYaDFw,,
grady white 415,Grady-White,freedom 415,Grady-White freedom 415,41.5,attribute,comfort,air_conditioning,Air Conditioning,true,,0.92,4,GfvR3JhlcPo;6eXKjWYaDFw,"...both operated from here and here. We Yes, we have the air conditioning, but summer's over, so I've just decided not to...",
grady white 415,Grady-White,freedom 415,Grady-White freedom 415,41.5,attribute,handling,bow_thruster,Bow Thruster,true,,0.96,2,GfvR3JhlcPo;6eXKjWYaDFw,"more. We still have a bow thruster, so",
grady white 415,Grady-White,freedom 415,Grady-White freedom 415,41.5,attribute,accommodation,cabins,Cabins,4 count,count,0.93,1,GfvR3JhlcPo;6eXKjWYaDFw,stage with three and four cabins on your,
grady white 415,Grady-White,freedom 415,Grady-White freedom 415,41.5,attribute,performance,cruise_speed_knots,Cruise Speed Knots,6 kn,kn,0.93,1,GfvR3JhlcPo;6eXKjWYaDFw,"...bit of traffic around. So, I'm just waiting for my opportunity. Cruising uh at a 6 knots SOG on 1,100 RPM and...",
grady white 415,Grady-White,freedom 415,Grady-White freedom 415,41.5,attribute,powertrain,drive_type,Drive Type,outboard,,0.96,5,GfvR3JhlcPo;6eXKjWYaDFw,luxury quad rig outboard [music],
grady white 415,Grady-White,freedom 415,Grady-White freedom 415,41.5,attribute,powertrain,engine_power_hp,Engine Power Hp,15 hp,hp,0.89,1,GfvR3JhlcPo;6eXKjWYaDFw,"...waves so that little tender there is ripping along with his 15 horsepower, but he doesn't need to throw his guests in...",
grady white 415,Grady-White,freedom 415,Grady-White freedom 415,41.5,attribute,systems,generator,Generator,true,,0.93,4,GfvR3JhlcPo;6eXKjWYaDFw,because we have a generator and a gyro,
grady white 415,Grady-White,freedom 415,Grady-White freedom 415,41.5,attribute,handling,joystick_control,Joystick Control,true,,0.94,1,GfvR3JhlcPo;6eXKjWYaDFw,"...very inherently stable platform. And because of that big beam, the joystick system allows for us to have quite an amount of...",
grady white 415,Grady-White,freedom 415,Grady-White freedom 415,41.5,attribute,performance,max_observed_speed_knots,Max Observed Speed Knots,23 kn,kn,0.89,2,GfvR3JhlcPo;6eXKjWYaDFw,"...I can still see over the bow. We're settling down already. I'm at 15 knots and climbing. So, we do want to...",
grady white 415,Grady-White,freedom 415,Grady-White freedom 415,41.5,attribute,mission,offshore_capable,Offshore Capable,true,,0.88,2,GfvR3JhlcPo;6eXKjWYaDFw,"Yeah, super comfy, guys. This is This is 100% a comfortable offshore boat, a luxurious offshore boat. Just feeling the hull right...",
grady white 415,Grady-White,freedom 415,Grady-White freedom 415,41.5,attribute,weather,opening_sunroof,Opening Sunroof,true,,0.93,1,GfvR3JhlcPo;6eXKjWYaDFw,also have this opening sunroof overhead.,
grady white 415,Grady-White,freedom 415,Grady-White freedom 415,41.5,attribute,mission,overnight_capable,Overnight Capable,true,,0.86,1,GfvR3JhlcPo;6eXKjWYaDFw,"...super awesome day boat. Uh remember, you are sacrificing on accommodation, overnight accommodation that you may have had on your previous boat....",
grady white 415,Grady-White,freedom 415,Grady-White freedom 415,41.5,attribute,character,premium_styling,Premium Styling,true,,0.82,1,GfvR3JhlcPo;6eXKjWYaDFw,"varnish, looks beautiful, and you",
gulf craft 101,Gulf Craft,Nomad 101,Gulf Craft Nomad 101,101.0,category,category,chase-tender,Chase Tender,true,,0.94,1,YIKdcAvwrWU;uJBOFUd4WR8;ymDYHloBcW8,console or a going fishing boat as a chase boat yep um you guess go fishing all day and they relax on...,
gulf craft 101,Gulf Craft,Nomad 101,Gulf Craft Nomad 101,101.0,category,category,explorer-expedition,Explorer Expedition,true,,0.97,1,YIKdcAvwrWU;uJBOFUd4WR8;ymDYHloBcW8,yes it's possible to own an Explorer yacht that will pay for itself I'm in Dubai looking at The Nomad Yachts,
gulf craft 101,Gulf Craft,Nomad 101,Gulf Craft Nomad 101,101.0,category,category,walkaround-day-boat,Walkaround Day Boat,true,,0.89,2,YIKdcAvwrWU;uJBOFUd4WR8;ymDYHloBcW8,...levels cuz fiberglass really does absorb I noticed that on the day boats that I test when I go from an aluminum,
gulf craft 101,Gulf Craft,Nomad 101,Gulf Craft Nomad 101,101.0,attribute,dimensions,length_feet,Length Feet,101 ft,ft,0.99,0,YIKdcAvwrWU;uJBOFUd4WR8;ymDYHloBcW8,,
gulf craft 101,Gulf Craft,Nomad 101,Gulf Craft Nomad 101,101.0,attribute,comfort,air_conditioning,Air Conditioning,true,,0.92,4,YIKdcAvwrWU;uJBOFUd4WR8;ymDYHloBcW8,going to want to see this we do have the air conditioning on yeah it's not that hot I know everyone says...,
gulf craft 101,Gulf Craft,Nomad 101,Gulf Craft Nomad 101,101.0,attribute,access,beach_club,Beach Club,true,,0.97,1,YIKdcAvwrWU;uJBOFUd4WR8;ymDYHloBcW8,...in three months time anyway check this out obviously a cool beach club Vibe we've got a Pirelli jet tender in the...,
gulf craft 101,Gulf Craft,Nomad 101,Gulf Craft Nomad 101,101.0,attribute,accommodation,berths,Berths,10 count,count,0.93,1,YIKdcAvwrWU;uJBOFUd4WR8;ymDYHloBcW8,the length and the capacity so in terms of accommodation she will sleep 10 guests in five cabins we're going to be,
gulf craft 101,Gulf Craft,Nomad 101,Gulf Craft Nomad 101,101.0,attribute,accommodation,cabins,Cabins,5 count,count,0.93,1,YIKdcAvwrWU;uJBOFUd4WR8;ymDYHloBcW8,the length and the capacity so in terms of accommodation she will sleep 10 guests in five cabins we're going to be,
gulf craft 101,Gulf Craft,Nomad 101,Gulf Craft Nomad 101,101.0,attribute,accommodation,crew_cabin,Crew Cabin,true,,0.96,2,YIKdcAvwrWU;uJBOFUd4WR8;ymDYHloBcW8,going through the accommodation and she's got an awesome crew quarters which means you're going to be happy because if the crew's...,
gulf craft 101,Gulf Craft,Nomad 101,Gulf Craft Nomad 101,101.0,attribute,performance,cruise_speed_knots,Cruise Speed Knots,12 kn,kn,0.95,3,YIKdcAvwrWU;uJBOFUd4WR8;ymDYHloBcW8,sort of cruising speed behind that it's 12 knots uh and at 12 knots you were pushing closer to the sort of...,
gulf craft 101,Gulf Craft,Nomad 101,Gulf Craft Nomad 101,101.0,attribute,powertrain,drive_type,Drive Type,shaft,,0.95,2,YIKdcAvwrWU;uJBOFUd4WR8;ymDYHloBcW8,all the systems you might expect she's shaft drive Rudder angle indicator controls just here we've got bound Stone thrusters and everything...,
gulf craft 101,Gulf Craft,Nomad 101,Gulf Craft Nomad 101,101.0,attribute,mission,fishing_suitable,Fishing Suitable,true,,0.88,2,YIKdcAvwrWU;uJBOFUd4WR8;ymDYHloBcW8,game fishing through the day and parties at night come on we'll head down from here so,
gulf craft 101,Gulf Craft,Nomad 101,Gulf Craft Nomad 101,101.0,attribute,accommodation,galley,Galley,true,,0.9,4,YIKdcAvwrWU;uJBOFUd4WR8;ymDYHloBcW8,labor things if if you were running full Galley Services plus your AC plus everything and you were maneuvering y,
gulf craft 101,Gulf Craft,Nomad 101,Gulf Craft Nomad 101,101.0,attribute,accommodation,heads,Heads,1 count,count,0.93,1,YIKdcAvwrWU;uJBOFUd4WR8;ymDYHloBcW8,hanging storage two more just there with Windows it's actually one head so they even though there's a door on either,
gulf craft 101,Gulf Craft,Nomad 101,Gulf Craft Nomad 101,101.0,attribute,mission,long_range_suitable,Long Range Suitable,true,,0.91,2,YIKdcAvwrWU;uJBOFUd4WR8;ymDYHloBcW8,knots n knots so let's think long range cruising this is this is Steady As She Goes right yeah that's that feels...,
gulf craft 101,Gulf Craft,Nomad 101,Gulf Craft Nomad 101,101.0,attribute,performance,max_observed_speed_knots,Max Observed Speed Knots,10 kn,kn,0.89,1,YIKdcAvwrWU;uJBOFUd4WR8;ymDYHloBcW8,...now and I'll you know kindly inform them that we're already doing 10 knots and motoring down the road right which is...,
gulf craft 101,Gulf Craft,Nomad 101,Gulf Craft Nomad 101,101.0,attribute,performance,range_nm,Range Nm,700 nm,nm,0.93,1,YIKdcAvwrWU;uJBOFUd4WR8;ymDYHloBcW8,the range of the vessel gives us about sort of 700 nautical mile working range and we're burning you know,
gulf craft 101,Gulf Craft,Nomad 101,Gulf Craft Nomad 101,101.0,attribute,accommodation,separate_shower,Separate Shower,true,,0.94,1,YIKdcAvwrWU;uJBOFUd4WR8;ymDYHloBcW8,another separate shower so doing well I'll just get in this one for perspective,
gulf craft 101,Gulf Craft,Nomad 101,Gulf Craft Nomad 101,101.0,attribute,systems,watermaker,Watermaker,true,,0.96,2,YIKdcAvwrWU;uJBOFUd4WR8;ymDYHloBcW8,to the water maker there's no need to bleed Valves and all this sort of stuff anymore um and you know it's...,
gulf craft 101,Gulf Craft,Nomad 101,Gulf Craft Nomad 101,101.0,attribute,mission,watersports_suitable,Watersports Suitable,true,,0.87,1,YIKdcAvwrWU;uJBOFUd4WR8;ymDYHloBcW8,8 minutesis used on Board Water Sports and all sorts of things the way that you know that you might forget about...,
hampton 680,Hampton,680 comfort MEETS capability,Hampton 680 comfort MEETS capability,68.0,attribute,dimensions,length_feet,Length Feet,68 ft,ft,0.937,0,rp7pKK2nByk;oEfIP3ehCTI,,
hampton 680,Hampton,680 comfort MEETS capability,Hampton 680 comfort MEETS capability,68.0,attribute,comfort,air_conditioning,Air Conditioning,true,,0.92,5,rp7pKK2nByk;oEfIP3ehCTI,air conditioning pumping. I really don't have any sun annoying me at the moment.,
hampton 680,Hampton,680 comfort MEETS capability,Hampton 680 comfort MEETS capability,68.0,attribute,accommodation,cabins,Cabins,2 count,count,0.93,1,rp7pKK2nByk;oEfIP3ehCTI,"...but we'll go forward to the VIP. So, this is the head that is shared by these two cabins. And I think",
hampton 680,Hampton,680 comfort MEETS capability,Hampton 680 comfort MEETS capability,68.0,attribute,accommodation,crew_cabin,Crew Cabin,true,,0.96,4,rp7pKK2nByk;oEfIP3ehCTI,"smooth. Four staterooms, a hell of a lot of toilets, and wait until you see the crew cabin. It's like a freaking",
hampton 680,Hampton,680 comfort MEETS capability,Hampton 680 comfort MEETS capability,68.0,attribute,performance,cruise_speed_knots,Cruise Speed Knots,11 kn,kn,0.93,1,rp7pKK2nByk;oEfIP3ehCTI,"You know, she's perfect for long distance cruising at 11 knots, but she's also got the capability to run from the",
hampton 680,Hampton,680 comfort MEETS capability,Hampton 680 comfort MEETS capability,68.0,attribute,powertrain,drive_type,Drive Type,shaft,,0.97,5,rp7pKK2nByk;oEfIP3ehCTI,"shaft drive C18 cats. We have a hull that'll be very happy at 11 knots, but",
hampton 680,Hampton,680 comfort MEETS capability,Hampton 680 comfort MEETS capability,68.0,attribute,powertrain,engine_power_hp,Engine Power Hp,33 hp,hp,0.89,2,rp7pKK2nByk;oEfIP3ehCTI,button here. And then you've got uh 33 horsepower hydraulic thrusters on bow and stern. Plenty powerful. We use that,
hampton 680,Hampton,680 comfort MEETS capability,Hampton 680 comfort MEETS capability,68.0,attribute,accommodation,galley,Galley,true,,0.9,1,rp7pKK2nByk;oEfIP3ehCTI,...necessity to raise my voice. You could walk around from the galley to the pilot house and back in the saloon there...,
hampton 680,Hampton,680 comfort MEETS capability,Hampton 680 comfort MEETS capability,68.0,attribute,systems,generator,Generator,true,,0.93,2,rp7pKK2nByk;oEfIP3ehCTI,for the other stabilizer. And then I think this was the generator batteries,
hampton 680,Hampton,680 comfort MEETS capability,Hampton 680 comfort MEETS capability,68.0,attribute,performance,max_observed_speed_knots,Max Observed Speed Knots,16 kn,kn,0.91,3,rp7pKK2nByk;oEfIP3ehCTI,"...nice to be out of the sun and full protection. Even doing 16 knots, the bow doesn't raise so much that you...",
hampton 680,Hampton,680 comfort MEETS capability,Hampton 680 comfort MEETS capability,68.0,attribute,mission,overnight_capable,Overnight Capable,true,,0.86,1,rp7pKK2nByk;oEfIP3ehCTI,"...liverboard stuff. So, this L-shaped lounge is massive. Two people could sleep on this in the middle of the day if you...",
hampton 680,Hampton,680 comfort MEETS capability,Hampton 680 comfort MEETS capability,68.0,attribute,accommodation,separate_shower,Separate Shower,true,,0.94,1,rp7pKK2nByk;oEfIP3ehCTI,A proper separate shower. Freaking marble. Beautiful air conditioning. How,
hampton 680,Hampton,680 comfort MEETS capability,Hampton 680 comfort MEETS capability,68.0,attribute,handling,stern_thruster,Stern Thruster,true,,0.96,2,rp7pKK2nByk;oEfIP3ehCTI,"diagnostics. We've got our autopilot, your engine starts, your rudder angle indicator, the bow and stern thruster,",
hampton 680,Hampton,680 comfort MEETS capability,Hampton 680 comfort MEETS capability,68.0,attribute,systems,watermaker,Watermaker,true,,0.96,1,rp7pKK2nByk;oEfIP3ehCTI,Uh then this probably looks like water maker. This is the rudder angle indicator. We have a forwardlooking,
highfield 560 sport,Highfield,560 SPORT,Highfield 560 SPORT,18.37,attribute,dimensions,length_feet,Length Feet,18.37 ft,ft,0.937,0,6__BXlIL1H0,,
highfield 560 sport,Highfield,560 SPORT,Highfield 560 SPORT,18.37,attribute,performance,cruise_speed_knots,Cruise Speed Knots,18 kn,kn,0.93,1,6__BXlIL1H0,"...that we're passing over right now at 3,500 revs at an 18 knot Cruise speed so that's that's fine I'm actually not...",
highfield 560 sport,Highfield,560 SPORT,Highfield 560 SPORT,18.37,attribute,powertrain,engine_power_hp,Engine Power Hp,115 hp,hp,0.89,1,6__BXlIL1H0,...you're about to see let's do it [Music] so got the 115 horsepower yamy on this one she's a fourstroke but we...,
highfield 560 sport,Highfield,560 SPORT,Highfield 560 SPORT,18.37,attribute,performance,max_observed_speed_knots,Max Observed Speed Knots,20 kn,kn,0.89,1,6__BXlIL1H0,...just going to cruise it now you really notice when now we're doing 20 knots uh 25 knots s so into 20...,
highfield 560 sport,Highfield,560 SPORT,Highfield 560 SPORT,18.37,attribute,mission,trailerable,Trailerable,true,,0.89,1,6__BXlIL1H0,...think a lot of you are going to be uh potentially Towing this behind your vehicle uh so you need uh under...,
hydrolift x22,Hydrolift,X 22,Hydrolift X 22,22.0,category,category,walkaround-day-boat,Walkaround Day Boat,true,,0.87,1,-Lup_kioyU0,...got space you know if you rock up in a 60-foot day boat maybe not the case but in something like this...,
hydrolift x22,Hydrolift,X 22,Hydrolift X 22,22.0,attribute,dimensions,length_feet,Length Feet,22 ft,ft,0.937,0,-Lup_kioyU0,,
hydrolift x22,Hydrolift,X 22,Hydrolift X 22,22.0,attribute,performance,cruise_speed_knots,Cruise Speed Knots,43 kn,kn,0.93,1,-Lup_kioyU0,...do that if you're not used to fast boats we were cruising at 43 knots in the flat water and doing 27...,
hydrolift x22,Hydrolift,X 22,Hydrolift X 22,22.0,attribute,dimensions,displacement_kg,Displacement Kg,200 kg,kg,0.93,1,-Lup_kioyU0,more than enough for a boat of this weight we're 1 200 kilograms plus motor and fuel so we're not that heavy...,
hydrolift x22,Hydrolift,X 22,Hydrolift X 22,22.0,attribute,powertrain,engine_power_hp,Engine Power Hp,225 hp,hp,0.89,1,-Lup_kioyU0,...and this is what you do in a boat like this 225 horsepower on the back 24 degrees of dead rise and...,
hydrolift x22,Hydrolift,X 22,Hydrolift X 22,22.0,attribute,capacity,fuel_capacity_l,Fuel Capacity L,270 L,L,0.93,2,-Lup_kioyU0,...and twin step whole 1200 KGS is the light weight at about what do we say 260 litersville 270 liters of fuel,
hydrolift x22,Hydrolift,X 22,Hydrolift X 22,22.0,attribute,performance,max_observed_speed_knots,Max Observed Speed Knots,27 kn,kn,0.89,1,-Lup_kioyU0,...we were cruising at 43 knots in the flat water and doing 27 knots across that rough exposed water so the closing...,
hydrolift x22,Hydrolift,X 22,Hydrolift X 22,22.0,attribute,performance,top_speed_knots,Top Speed Knots,43 kn,kn,0.93,1,-Lup_kioyU0,...have my safety strop on today because you know this thing will do 43 knots Plus easy and if you're going to...,
hydrolift x22,Hydrolift,X 22,Hydrolift X 22,22.0,attribute,mission,trailerable,Trailerable,true,,0.89,1,-Lup_kioyU0,...that 30 liters of fuel for a whole day of fun self-draining decks trailerable twin stepped Hull pull a skier this boat,
hydrolift x22,Hydrolift,X 22,Hydrolift X 22,22.0,attribute,mission,watersports_suitable,Watersports Suitable,true,,0.87,1,-Lup_kioyU0,...at towing a skier so if you're into that sort of water sports order activities this would be great for it so...,
hydrolift x26s,Hydrolift,X 26S,Hydrolift X 26S,26.0,attribute,dimensions,length_feet,Length Feet,26 ft,ft,0.937,0,I-10G7y9138;YcpMjnraaPU,,
hydrolift x26s,Hydrolift,X 26S,Hydrolift X 26S,26.0,attribute,handling,bow_thruster,Bow Thruster,true,,0.96,2,I-10G7y9138;YcpMjnraaPU,...crank battery and I got my my battery switches in here so on off and both and my bow thruster fuse or,
hydrolift x26s,Hydrolift,X 26S,Hydrolift X 26S,26.0,attribute,performance,cruise_speed_knots,Cruise Speed Knots,32 kn,kn,0.93,3,I-10G7y9138;YcpMjnraaPU,...300 liter tanks from memory on this boat and we're just cruising along at 32 knots it's quite choppy so you're just...,
hydrolift x26s,Hydrolift,X 26S,Hydrolift X 26S,26.0,attribute,powertrain,engine_power_hp,Engine Power Hp,600 hp,hp,0.91,5,I-10G7y9138;YcpMjnraaPU,1.9 tons light chip and rated to 600 horsepower I'm gonna say that again 600 horsepower we're on a 26 foot boat...,
hydrolift x26s,Hydrolift,X 26S,Hydrolift X 26S,26.0,attribute,performance,max_observed_speed_knots,Max Observed Speed Knots,51.1 kn,kn,0.89,1,I-10G7y9138;YcpMjnraaPU,...up coming through the corner real race car mode stuff now doing 51.1 knots increasing speed 5 800 revs another trim up...,
hydrolift x26s,Hydrolift,X 26S,Hydrolift X 26S,26.0,attribute,performance,top_speed_knots,Top Speed Knots,70 kn,kn,0.95,2,I-10G7y9138;YcpMjnraaPU,will do 52 knots plus just with this engine it's rated to 70 knots so you do,
hydrolift x32dc,Hydrolift,X 32DC,Hydrolift X 32DC,32.0,category,category,walkaround-day-boat,Walkaround Day Boat,true,,0.87,1,WizAEW048xo,this so yes this could be a super luxurious comfortable day boat with accommodation but when you unshackle,
hydrolift x32dc,Hydrolift,X 32DC,Hydrolift X 32DC,32.0,attribute,dimensions,length_feet,Length Feet,32 ft,ft,0.937,0,WizAEW048xo,,
hydrolift x32dc,Hydrolift,X 32DC,Hydrolift X 32DC,32.0,attribute,accommodation,berths,Berths,3 count,count,0.93,1,WizAEW048xo,so you could sleep three maybe four people depending on how close you all are and we still have more so if...,
hydrolift x32dc,Hydrolift,X 32DC,Hydrolift X 32DC,32.0,attribute,performance,max_observed_speed_knots,Max Observed Speed Knots,40 kn,kn,0.89,2,WizAEW048xo,doing 33 knots okay that's for a lot of old fashion sports scws that's your top speed this thing is just idling...,
hydrolift x32dc,Hydrolift,X 32DC,Hydrolift X 32DC,32.0,attribute,mission,overnight_capable,Overnight Capable,true,,0.86,3,WizAEW048xo,adventures through your summer holidays and stay or overnight at other locations probably just one night but you will be,
hydrolift x32dc,Hydrolift,X 32DC,Hydrolift X 32DC,32.0,attribute,character,premium_styling,Premium Styling,true,,0.82,2,WizAEW048xo,Construction thick stainless steel it's been done so so well and for our environment it's great it's sexy but it,
hydrolift x32s,Hydrolift,X 32S,Hydrolift X 32S,32.0,attribute,dimensions,length_feet,Length Feet,32 ft,ft,0.937,0,NParwLuJWgs,,
hydrolift x32s,Hydrolift,X 32S,Hydrolift X 32S,32.0,attribute,performance,cruise_speed_knots,Cruise Speed Knots,27.5 kn,kn,0.93,2,NParwLuJWgs,...straight back below 40 don't report me so so at a cruising speed of 34 knots there 30 L consumption just feels...,
hydrolift x32s,Hydrolift,X 32S,Hydrolift X 32S,32.0,attribute,performance,max_observed_speed_knots,Max Observed Speed Knots,47 kn,kn,0.89,1,NParwLuJWgs,here and in a second I'm up doing 47 knots consumption 78 L that is heaps of fun that's heaps of fun...,
iguana commuter,Iguana,Commuter,Iguana Commuter,30.18,category,category,amphibious,Amphibious,true,,0.99,3,ZfoqsZif_I8;i9fptQ9a884,choices in like yes there are other amphibious boats but this is quite clearly the,
iguana commuter,Iguana,Commuter,Iguana Commuter,30.18,attribute,dimensions,length_feet,Length Feet,30.18 ft,ft,0.99,0,ZfoqsZif_I8;i9fptQ9a884,,
iguana commuter,Iguana,Commuter,Iguana Commuter,30.18,attribute,access,beach_club,Beach Club,true,,0.97,1,ZfoqsZif_I8;i9fptQ9a884,but imagine you've got a really nice house imagine you have an island or you have access to a beach club,
iguana commuter,Iguana,Commuter,Iguana Commuter,30.18,attribute,performance,cruise_speed_knots,Cruise Speed Knots,25 kn,kn,0.93,1,ZfoqsZif_I8;i9fptQ9a884,cruising there at 25 knots very happily little bit of engine trim and you AB absolutely going to,
iguana commuter,Iguana,Commuter,Iguana Commuter,30.18,attribute,powertrain,drive_type,Drive Type,outboard,,0.96,3,ZfoqsZif_I8;i9fptQ9a884,deploying I'm going to be deploying these Mercury outboards pretty soon so I'll be trimming them down first here we go I'm...,
iguana commuter,Iguana,Commuter,Iguana Commuter,30.18,attribute,powertrain,engine_power_hp,Engine Power Hp,200 hp,hp,0.89,1,ZfoqsZif_I8;i9fptQ9a884,with many options so we've got a couple of 200 horsepower mercuries on this one i got it wrong in the test...,
iguana commuter,Iguana,Commuter,Iguana Commuter,30.18,attribute,systems,generator,Generator,true,,0.93,2,ZfoqsZif_I8;i9fptQ9a884,generator um running the hydraulic system so that's another way to power this or you can upgrade it with a lithium pack...,
iguana commuter,Iguana,Commuter,Iguana Commuter,30.18,attribute,weather,hardtop,Hardtop,true,,0.92,1,ZfoqsZif_I8;i9fptQ9a884,is a electric push button just here the ladder operation the hard top and the wipers are also operated from just here,
iguana commuter,Iguana,Commuter,Iguana Commuter,30.18,attribute,hull,hull_form,Hull Form,amphibious,,0.99,4,ZfoqsZif_I8;i9fptQ9a884,these guys started production in 2008 they are building carbon fibre amphibious landing boats,multiple_values_review
iguana commuter,Iguana,Commuter,Iguana Commuter,30.18,attribute,hull,hull_form,Hull Form,rib,,0.95,1,ZfoqsZif_I8;i9fptQ9a884,...the the boat itself they've got a they've got a few different models um there is a rib version the x100 and,multiple_values_review
iguana commuter,Iguana,Commuter,Iguana Commuter,30.18,attribute,performance,max_observed_speed_knots,Max Observed Speed Knots,36 kn,kn,0.89,1,ZfoqsZif_I8;i9fptQ9a884,comfortable on the suspension seat I'm doing 36 knots now and I feel like you could actually get a little bit more...,
iguana commuter,Iguana,Commuter,Iguana Commuter,30.18,attribute,mission,offshore_capable,Offshore Capable,true,,0.88,1,ZfoqsZif_I8;i9fptQ9a884,then down that swell is that this boat is going to definitely look after you in any normal offshore conditions,
iguana commuter,Iguana,Commuter,Iguana Commuter,30.18,attribute,character,premium_styling,Premium Styling,true,,0.82,1,ZfoqsZif_I8;i9fptQ9a884,describe it but what do we have here we've got this beautifully designed dash a place to rest your phone you've got...,
iguana commuter,Iguana,Commuter,Iguana Commuter,30.18,attribute,mission,trailerable,Trailerable,true,,0.89,1,ZfoqsZif_I8;i9fptQ9a884,that that's that's a trailer boat this is for safe landing on the beaches i think that's that's really the focus you...,
integrity 460sx,Integrity,460SX,Integrity 460SX,46.0,category,category,power-catamaran,Power Catamaran,true,,0.95,1,FEU4RPyK__g;d9mEmieOsaM,"...for some of you. And in chatting with the owner, a power catamaran is potentially an area worth considering. Just remember, you're...",
integrity 460sx,Integrity,460SX,Integrity 460SX,46.0,attribute,dimensions,length_feet,Length Feet,46 ft,ft,0.937,0,FEU4RPyK__g;d9mEmieOsaM,,
integrity 460sx,Integrity,460SX,Integrity 460SX,46.0,attribute,comfort,air_conditioning,Air Conditioning,true,,0.92,3,FEU4RPyK__g;d9mEmieOsaM,"14 minutesair conditioning, the air conditioning unit would be here. We have another deep drawer for storage. And the air",
integrity 460sx,Integrity,460SX,Integrity 460SX,46.0,attribute,handling,bow_thruster,Bow Thruster,true,,0.96,3,FEU4RPyK__g;d9mEmieOsaM,"&gt;&gt; So our start up procedure starts down here. We've got bow thruster, stern thruster panel and single engine battery switches all...",
integrity 460sx,Integrity,460SX,Integrity 460SX,46.0,attribute,accommodation,cabins,Cabins,2 count,count,0.93,1,FEU4RPyK__g;d9mEmieOsaM,"that if you needed to accommodate an extra two people. Remember, we got two proper cabins and two heads downstairs.",
integrity 460sx,Integrity,460SX,Integrity 460SX,46.0,attribute,dimensions,draft_feet,Draft Feet,13.12 ft,ft,0.93,1,FEU4RPyK__g;d9mEmieOsaM,"...on the right, isolated danger over there, so I'm in clear water just here, 4 m draft. Feeling good. So I'm approaching",
integrity 460sx,Integrity,460SX,Integrity 460SX,46.0,attribute,powertrain,drive_type,Drive Type,hybrid,,0.93,1,FEU4RPyK__g;d9mEmieOsaM,"lighter boat. Some of them are designed to couple with electric hybrid propulsion, for example. But in order to make that efficient,...",multiple_values_review
integrity 460sx,Integrity,460SX,Integrity 460SX,46.0,attribute,powertrain,drive_type,Drive Type,shaft,,0.97,5,FEU4RPyK__g;d9mEmieOsaM,"Ladies and gents, this is the Integrity 460 SX shaft drive, diesel power, full",multiple_values_review
integrity 460sx,Integrity,460SX,Integrity 460SX,46.0,attribute,powertrain,engine_count,Engine Count,2 count,count,0.93,2,FEU4RPyK__g;d9mEmieOsaM,"...starts down here. We've got bow thruster, stern thruster panel and single engine battery switches all on just here. And then if...",
integrity 460sx,Integrity,460SX,Integrity 460SX,46.0,attribute,powertrain,engine_power_hp,Engine Power Hp,380 hp,hp,0.89,2,FEU4RPyK__g;d9mEmieOsaM,"So Cumins 380 horsepower on this boat. I think they come standard with a 300 horsepower. But these engine hatches,",
integrity 460sx,Integrity,460SX,Integrity 460SX,46.0,attribute,accommodation,galley,Galley,true,,0.9,3,FEU4RPyK__g;d9mEmieOsaM,"quite secure for anyone on board. We'll just cover this galley, then we'll make our way into the saloon. We've got fridge...",
integrity 460sx,Integrity,460SX,Integrity 460SX,46.0,attribute,systems,generator,Generator,false,,0.93,1,FEU4RPyK__g;d9mEmieOsaM,"...roof. And then a power distribution, so we don't have a genset. We've got an upgraded alternator, I believe. So we're backing...",
integrity 460sx,Integrity,460SX,Integrity 460SX,46.0,attribute,mission,great_loop_relevant,Great Loop Relevant,true,,0.94,1,FEU4RPyK__g;d9mEmieOsaM,"great loop? Yeah, you can remove it. And I'm sure you could probably even talk to them about doing a hydraulic actuator.",
integrity 460sx,Integrity,460SX,Integrity 460SX,46.0,attribute,accommodation,heads,Heads,2 count,count,0.93,1,FEU4RPyK__g;d9mEmieOsaM,"that if you needed to accommodate an extra two people. Remember, we got two proper cabins and two heads downstairs.",
integrity 460sx,Integrity,460SX,Integrity 460SX,46.0,attribute,hull,hull_form,Hull Form,power-catamaran,,0.94,1,FEU4RPyK__g;d9mEmieOsaM,"...for some of you. And in chatting with the owner, a power catamaran is potentially an area worth considering. Just remember, you're...",
integrity 460sx,Integrity,460SX,Integrity 460SX,46.0,attribute,weather,opening_sunroof,Opening Sunroof,true,,0.93,1,FEU4RPyK__g;d9mEmieOsaM,up here. That is the opening sunroof there. radar mast can be dropped down manually.,
integrity 460sx,Integrity,460SX,Integrity 460SX,46.0,attribute,character,quiet_ride,Quiet Ride,true,,0.85,1,FEU4RPyK__g;d9mEmieOsaM,"enjoying the ride. It's quite a wellinssulated engine bay as well, so your noise levels are low. That's a VHF",
integrity 460sx,Integrity,460SX,Integrity 460SX,46.0,attribute,accommodation,separate_shower,Separate Shower,true,,0.94,1,FEU4RPyK__g;d9mEmieOsaM,"look. So, we've got our own private head and separate shower in this location.",
integrity 460sx,Integrity,460SX,Integrity 460SX,46.0,attribute,systems,solar,Solar,true,,0.94,4,FEU4RPyK__g;d9mEmieOsaM,"...plugged in, obviously you'd be disconnecting that. Remember we have the solar panels on the roof, so it's not necessarily crucial. Check...",
integrity 460sx,Integrity,460SX,Integrity 460SX,46.0,attribute,handling,stern_thruster,Stern Thruster,true,,0.96,4,FEU4RPyK__g;d9mEmieOsaM,"...our start up procedure starts down here. We've got bow thruster, stern thruster panel and single engine battery switches all on just...",
invictus gt320,Invictus,GT320,Invictus GT320,32.0,category,category,walkaround-day-boat,Walkaround Day Boat,true,,0.89,3,__gZa0esizo;FAkDPeC8H2w,stylish day boat but we'll get to that in the walk through because you came for the test drive so we've got...,
invictus gt320,Invictus,GT320,Invictus GT320,32.0,attribute,dimensions,length_feet,Length Feet,32 ft,ft,0.937,0,__gZa0esizo;FAkDPeC8H2w,,
invictus gt320,Invictus,GT320,Invictus GT320,32.0,attribute,handling,bow_thruster,Bow Thruster,true,,0.96,4,__gZa0esizo;FAkDPeC8H2w,...the dash in more detail in the walk through but i do have joystick parking i have got the bow thruster here,
invictus gt320,Invictus,GT320,Invictus GT320,32.0,attribute,powertrain,drive_type,Drive Type,outboard,,0.87,1,__gZa0esizo;FAkDPeC8H2w,petrols you can also do v8s 350s there's a diesel option and you can do outboards as well um so that's pretty,multiple_values_review
invictus gt320,Invictus,GT320,Invictus GT320,32.0,attribute,powertrain,drive_type,Drive Type,sterndrive,,0.96,3,__gZa0esizo;FAkDPeC8H2w,...get to that in the walk through because you came for the test drive so we've got the 250s stern drives i'll,multiple_values_review
invictus gt320,Invictus,GT320,Invictus GT320,32.0,attribute,powertrain,engine_power_hp,Engine Power Hp,250 hp,hp,0.89,1,__gZa0esizo;FAkDPeC8H2w,four engine options so we are running the v6 inboard so they're v6 250 horsepower um,
invictus gt320,Invictus,GT320,Invictus GT320,32.0,attribute,mission,overnight_capable,Overnight Capable,true,,0.86,1,__gZa0esizo;FAkDPeC8H2w,...we felt upstairs and you would be comfortable just having a sleep on this i'll lie down on it just for reference...,
invictus gt320,Invictus,GT320,Invictus GT320,32.0,attribute,character,premium_styling,Premium Styling,true,,0.82,2,__gZa0esizo;FAkDPeC8H2w,...and discover what we see first things first they've got a beautifully designed stainless steel rail that goes all the way around...,
invictus gt320,Invictus,GT320,Invictus GT320,32.0,attribute,capacity,water_capacity_l,Water Capacity L,45 L,L,0.93,1,__gZa0esizo;FAkDPeC8H2w,...i can see a fireboy system i can see a hot water tank that looks like about a 45 litre capacity your...,
invictus tt420,Invictus,TT420,Invictus TT420,42.0,category,category,luxury-med-day-boat,Luxury Med Day Boat,true,,0.98,2,EbYnVD3SYpQ;N7qoI5YqASU,once again enables you to control this beautiful big 42 foot Med day boat by yourself okay so let's slow it to...,
invictus tt420,Invictus,TT420,Invictus TT420,42.0,category,category,sports-cruiser,Sports Cruiser,true,,0.97,1,EbYnVD3SYpQ;N7qoI5YqASU,...a boat like this over something like a traditional sedan style Sports Cruiser it's not going to be for everyone but I,
invictus tt420,Invictus,TT420,Invictus TT420,42.0,category,category,walkaround-day-boat,Walkaround Day Boat,true,,0.89,5,EbYnVD3SYpQ;N7qoI5YqASU,are you in love with these trendy Italian day boats but you're not exactly sure about the operational side well you're in...,
invictus tt420,Invictus,TT420,Invictus TT420,42.0,attribute,dimensions,length_feet,Length Feet,42 ft,ft,0.937,0,EbYnVD3SYpQ;N7qoI5YqASU,,
invictus tt420,Invictus,TT420,Invictus TT420,42.0,attribute,comfort,air_conditioning,Air Conditioning,true,,0.92,4,EbYnVD3SYpQ;N7qoI5YqASU,...just get out of the sun this boat has generator and air conditioning so all year round we have opening Port lights...,
invictus tt420,Invictus,TT420,Invictus TT420,42.0,attribute,handling,bow_thruster,Bow Thruster,true,,0.96,1,EbYnVD3SYpQ;N7qoI5YqASU,...going to slow it to starboard and we also have a bow thruster which I think you've probably heard me say this...,
invictus tt420,Invictus,TT420,Invictus TT420,42.0,attribute,powertrain,drive_type,Drive Type,sterndrive,,0.96,3,EbYnVD3SYpQ;N7qoI5YqASU,...of a Gusty day it might be too much for the stern drives to complete the maneuver in a respectable amount of...,
invictus tt420,Invictus,TT420,Invictus TT420,42.0,attribute,systems,generator,Generator,true,,0.93,1,EbYnVD3SYpQ;N7qoI5YqASU,...down and just get out of the sun this boat has generator and air conditioning so all year round we have opening...,
invictus tt420,Invictus,TT420,Invictus TT420,42.0,attribute,handling,joystick_control,Joystick Control,true,,0.94,1,EbYnVD3SYpQ;N7qoI5YqASU,...[Music] so often you need to do a little bit of joystick control and what I would always suggest whenever you are...,
invictus tt420,Invictus,TT420,Invictus TT420,42.0,attribute,mission,offshore_capable,Offshore Capable,true,,0.88,1,EbYnVD3SYpQ;N7qoI5YqASU,...would actually have that off unless I was in um essentially offshore conditions and wanting to lower the bow I think I'd...,
invictus tt420,Invictus,TT420,Invictus TT420,42.0,attribute,accommodation,separate_shower,Separate Shower,true,,0.94,1,EbYnVD3SYpQ;N7qoI5YqASU,...quite a bit of volume but I just love having a separate shower and a boat like this that's just a huge...,
iron 767,Iron,767,Iron 767,25.16,attribute,dimensions,length_feet,Length Feet,25.16 ft,ft,0.937,0,UIPGEkIDAbk,,
iron 767,Iron,767,Iron 767,25.16,attribute,powertrain,engine_power_hp,Engine Power Hp,300 hp,hp,0.89,3,UIPGEkIDAbk,"Paces 1,300 kgs guys 23° of dead rise we've got the 300 horsepower on this one you can also fit it with...",
iron 767,Iron,767,Iron 767,25.16,attribute,capacity,fuel_capacity_l,Fuel Capacity L,250 L,L,0.93,1,UIPGEkIDAbk,...for that area just there um we've got access into the fuel tank it's an aluminium fuel tank 250 L your battery...,
iron 767,Iron,767,Iron 767,25.16,attribute,hull,hull_form,Hull Form,rib,,0.95,2,UIPGEkIDAbk,other boats it's just like operating a rib but without the the essentially the dangers of popping a rib and the other...,
iron 767,Iron,767,Iron 767,25.16,attribute,performance,top_speed_knots,Top Speed Knots,50 kn,kn,0.93,2,UIPGEkIDAbk,...could when you're in a lounging mode you could definitely enjoy this this thing will do 50 knots so I'm not sure,
iron 767,Iron,767,Iron 767,25.16,attribute,mission,trailerable,Trailerable,true,,0.89,2,UIPGEkIDAbk,...fit it with a 200 horsepower and this boat is is trailerable just remember that so we're just going to play with...,
iron 767,Iron,767,Iron 767,25.16,attribute,mission,watersports_suitable,Watersports Suitable,true,,0.87,1,UIPGEkIDAbk,...you want to leave it open and use it for more wakeboarding water sports fishing Etc we have an electric fridge underneath...,
iron 907 coupe,Iron,907 COUPE,Iron 907 COUPE,29.76,attribute,dimensions,length_feet,Length Feet,29.76 ft,ft,0.937,0,bsiLzBDLmvo;AIJitwvGBws,,
iron 907 coupe,Iron,907 COUPE,Iron 907 COUPE,29.76,attribute,comfort,air_conditioning,Air Conditioning,true,,0.92,1,bsiLzBDLmvo;AIJitwvGBws,"Dubai, uh potentially Thailand as well, this is all you need. you don't really need to justify air conditioning a a",
iron 907 coupe,Iron,907 COUPE,Iron 907 COUPE,29.76,attribute,handling,bow_thruster,Bow Thruster,configuration-dependent,,0.84,5,bsiLzBDLmvo;AIJitwvGBws,...we have a house battery. The house battery also supplies the bow thruster. You can get bow thrusters on all the iron...,configuration_dependent
iron 907 coupe,Iron,907 COUPE,Iron 907 COUPE,29.76,attribute,performance,cruise_speed_knots,Cruise Speed Knots,30 kn,kn,0.95,4,bsiLzBDLmvo;AIJitwvGBws,"hull. We can cruise very slowly and efficiently at 20 knots, super super comfortably at 30 knots, and a fast cruise at...",
iron 907 coupe,Iron,907 COUPE,Iron 907 COUPE,29.76,attribute,powertrain,engine_count,Engine Count,1 count,count,0.93,2,bsiLzBDLmvo;AIJitwvGBws,"sitting on 25 knots, consuming 37 L, single motor, super efficient holes",
iron 907 coupe,Iron,907 COUPE,Iron 907 COUPE,29.76,attribute,powertrain,engine_power_hp,Engine Power Hp,400 hp,hp,0.89,2,bsiLzBDLmvo;AIJitwvGBws,"All right, we got V10 400 horsepower.",
iron 907 coupe,Iron,907 COUPE,Iron 907 COUPE,29.76,attribute,hull,hull_form,Hull Form,rib,,0.95,1,bsiLzBDLmvo;AIJitwvGBws,"...around with uh deploying fenders yourself. So, it behaves like a rib, but it's not a rib. So, you get all this...",
iron 907 coupe,Iron,907 COUPE,Iron 907 COUPE,29.76,attribute,weather,opening_sunroof,Opening Sunroof,true,,0.93,1,bsiLzBDLmvo;AIJitwvGBws,"climates. Um having the sliding doors and having the opening sunroof, you really do get a lot of ventilation in here, particularly...",
iron 907 coupe,Iron,907 COUPE,Iron 907 COUPE,29.76,attribute,mission,overnight_capable,Overnight Capable,true,,0.86,1,bsiLzBDLmvo;AIJitwvGBws,"as um you know, overnight capable. So maybe the one time you're going to do that in summer, go and rent a...",comparison_context_review
iron 907 coupe,Iron,907 COUPE,Iron 907 COUPE,29.76,attribute,mission,trailerable,Trailerable,true,,0.89,3,bsiLzBDLmvo;AIJitwvGBws,...cuz it all kind of works. So that's it. There's not much to it. It's trailerable. It's It's containerable. It's fast. It's,
iron 907 open,Iron,907 OPEN,Iron 907 OPEN,29.76,attribute,dimensions,length_feet,Length Feet,29.76 ft,ft,0.937,0,TnzEmT_eXbo;WCPTmijWYUE,,
iron 907 open,Iron,907 OPEN,Iron 907 OPEN,29.76,attribute,handling,bow_thruster,Bow Thruster,true,,0.96,4,TnzEmT_eXbo;WCPTmijWYUE,"...a little bit of an understanding because we do have a bow thruster. It's a longer boat, but it's arguably going to...",
iron 907 open,Iron,907 OPEN,Iron 907 OPEN,29.76,attribute,performance,cruise_speed_knots,Cruise Speed Knots,30 kn,kn,0.93,2,TnzEmT_eXbo;WCPTmijWYUE,"Cruising at 20 knots, you are just sipping the fuel. 30 knots feels like a a slow cruise, and 40 knots, easy...",
iron 907 open,Iron,907 OPEN,Iron 907 OPEN,29.76,attribute,powertrain,engine_power_hp,Engine Power Hp,400 hp,hp,0.91,3,TnzEmT_eXbo;WCPTmijWYUE,"...what it's all about. Have fun, but be safe. So, V10 400 horsepower. Just getting the boat straight up to 20 knots....",
iron 907 open,Iron,907 OPEN,Iron 907 OPEN,29.76,attribute,capacity,fuel_capacity_l,Fuel Capacity L,80 L,L,0.93,3,TnzEmT_eXbo;WCPTmijWYUE,"...my track through on starboard. Okay, 34 knots, 4,500 RPM, consuming 80 L of fuel. 80 L V10 400 horsepower. This is...",
iron 907 open,Iron,907 OPEN,Iron 907 OPEN,29.76,attribute,hull,hull_form,Hull Form,rib,,0.97,3,TnzEmT_eXbo;WCPTmijWYUE,"...of travel up and down and also this way and that way. So, it behaves like a rib without the rib maintenance.",
iron 907 open,Iron,907 OPEN,Iron 907 OPEN,29.76,attribute,character,premium_styling,Premium Styling,true,,0.82,1,TnzEmT_eXbo;WCPTmijWYUE,"...outside the box. It's a practical, easy, fun, and very godamn sexy, which that hands down alone is going to make this...",
iron 907 open,Iron,907 OPEN,Iron 907 OPEN,29.76,attribute,performance,top_speed_knots,Top Speed Knots,46 kn,kn,0.93,2,TnzEmT_eXbo;WCPTmijWYUE,"...island in a second. Then I'm going to accelerate up to full speed. But just sitting on 4,800 RPM, 39 knots s",
iron 907 open,Iron,907 OPEN,Iron 907 OPEN,29.76,attribute,mission,trailerable,Trailerable,true,,0.89,1,TnzEmT_eXbo;WCPTmijWYUE,"...the way up and out of the water. This boat is trailerable. So, I mentioned it fits in a container and it's...",
iron 827 coupe,Iron,BOATS 827 COUPE,Iron BOATS 827 COUPE,27.13,category,category,pilothouse-crossover,Pilothouse Crossover,true,,0.93,2,5rlSkvVstd8,...to be doing this Coupe for you because it is an all weather boat and I I do honestly believe that some...,
iron 827 coupe,Iron,BOATS 827 COUPE,Iron BOATS 827 COUPE,27.13,attribute,dimensions,length_feet,Length Feet,27.13 ft,ft,0.937,0,5rlSkvVstd8,,
iron 827 coupe,Iron,BOATS 827 COUPE,Iron BOATS 827 COUPE,27.13,attribute,handling,bow_thruster,Bow Thruster,true,,0.96,1,5rlSkvVstd8,...ocean this is probably the solution and because we got the bow thruster forward I think that raises our floor in that...,
iron 827 coupe,Iron,BOATS 827 COUPE,Iron BOATS 827 COUPE,27.13,attribute,performance,cruise_speed_knots,Cruise Speed Knots,34 kn,kn,0.93,1,5rlSkvVstd8,"...it's going to be a different kettle of fish when you're cruising at 4,100 rep at 34 knots easy peasy so I'm...",
iron 827 coupe,Iron,BOATS 827 COUPE,Iron BOATS 827 COUPE,27.13,attribute,character,dry_ride,Dry Ride,true,,0.87,1,5rlSkvVstd8,...easily and as I said it appears to be a very dry ride cuz we haven't actually had any water up on...,
iron 827 coupe,Iron,BOATS 827 COUPE,Iron BOATS 827 COUPE,27.13,attribute,powertrain,engine_power_hp,Engine Power Hp,400 hp,hp,0.89,1,5rlSkvVstd8,...you buy yourself on this thing we got the single V10 400 horsepower we did 52 knots today with a little bit...,
iron 827 coupe,Iron,BOATS 827 COUPE,Iron BOATS 827 COUPE,27.13,attribute,mission,fishing_suitable,Fishing Suitable,true,,0.88,1,5rlSkvVstd8,...themselves you might be able to get creative maybe with a fishing rod holder and put a cool beach umbrella up here...,
iron 827 coupe,Iron,BOATS 827 COUPE,Iron BOATS 827 COUPE,27.13,attribute,capacity,fuel_capacity_l,Fuel Capacity L,245 L,L,0.93,1,5rlSkvVstd8,...this screen but I do have speed revs we're running with 245 L of fuel in the tanks right now now two...,
iron 827 coupe,Iron,BOATS 827 COUPE,Iron BOATS 827 COUPE,27.13,attribute,hull,hull_form,Hull Form,rib,,0.95,5,5rlSkvVstd8,...believe it's been largely designed to be an alternative to a rib for many of you but I think there's going to...,comparison_context_review
iron 827 coupe,Iron,BOATS 827 COUPE,Iron BOATS 827 COUPE,27.13,attribute,mission,overnight_capable,Overnight Capable,true,,0.86,1,5rlSkvVstd8,...turn this into I don't know if you're going to be sleeping on a boat like this that's maybe some of you...,
iron 827 coupe,Iron,BOATS 827 COUPE,Iron BOATS 827 COUPE,27.13,attribute,mission,trailerable,Trailerable,true,,0.89,2,5rlSkvVstd8,...these boats they basically just get longer so these are a trailerable hull they came up on the trailer uh from Melbourne...,
italboats 32gt,Italboats,32GT BETTER cheaper FASTER,Italboats 32GT BETTER cheaper FASTER,32.0,category,category,walkaround-day-boat,Walkaround Day Boat,true,,0.87,2,yO2hm6u7nok,"For those of you considering a Mediterranean style day boat, but perhaps don't need the accommodation or don't want to spend as...",
italboats 32gt,Italboats,32GT BETTER cheaper FASTER,Italboats 32GT BETTER cheaper FASTER,32.0,attribute,dimensions,length_feet,Length Feet,32 ft,ft,0.937,0,yO2hm6u7nok,,
italboats 32gt,Italboats,32GT BETTER cheaper FASTER,Italboats 32GT BETTER cheaper FASTER,32.0,attribute,handling,bow_thruster,Bow Thruster,true,,0.96,3,yO2hm6u7nok,"...from a dock, a fixed dock, that's really good, particularly if you got the bow thruster because this is a long boat.",
italboats 32gt,Italboats,32GT BETTER cheaper FASTER,Italboats 32GT BETTER cheaper FASTER,32.0,attribute,powertrain,drive_type,Drive Type,outboard,,0.94,1,yO2hm6u7nok,"...boat with a complex systems, something like this with a couple outboards, we're just talking a couple of grand to service a...",multiple_values_review
italboats 32gt,Italboats,32GT BETTER cheaper FASTER,Italboats 32GT BETTER cheaper FASTER,32.0,attribute,powertrain,drive_type,Drive Type,sterndrive,,0.94,1,yO2hm6u7nok,doesn't really hurt the hip pocket on service and maintenance. So if you have perhaps had an inboard stern drive boat,multiple_values_review
italboats 32gt,Italboats,32GT BETTER cheaper FASTER,Italboats 32GT BETTER cheaper FASTER,32.0,attribute,hull,hull_form,Hull Form,rib,,0.95,1,yO2hm6u7nok,"...around this table here and more. And remember, because it's a rib, people can sit on the sides and it's quite comfortable.",
italboats 32gt,Italboats,32GT BETTER cheaper FASTER,Italboats 32GT BETTER cheaper FASTER,32.0,attribute,mission,overnight_capable,Overnight Capable,false,,0.86,1,yO2hm6u7nok,maybe one/ird or a fraction of of that cost gives you almost the same experience without the overnighting.,
jeanneau 10,Jeanneau,10.5WA S2,Jeanneau 10.5WA S2,34.45,category,category,centre-console,Centre Console,true,,0.96,1,Y8TR0FmKh1o;kIpFPjADR3M,works this you know compared to the the center consoles this wa is a whole lot,
jeanneau 10,Jeanneau,10.5WA S2,Jeanneau 10.5WA S2,34.45,category,category,walkaround-day-boat,Walkaround Day Boat,true,,0.89,3,Y8TR0FmKh1o;kIpFPjADR3M,pretty powerful when you're sitting on a open day boat with outboard engines and triple seats it's quite enjoyable um so I'm...,
jeanneau 10,Jeanneau,10.5WA S2,Jeanneau 10.5WA S2,34.45,attribute,dimensions,length_feet,Length Feet,34.45 ft,ft,0.937,0,Y8TR0FmKh1o;kIpFPjADR3M,,
jeanneau 10,Jeanneau,10.5WA S2,Jeanneau 10.5WA S2,34.45,attribute,powertrain,drive_type,Drive Type,outboard,,0.96,2,Y8TR0FmKh1o;kIpFPjADR3M,pretty powerful when you're sitting on a open day boat with outboard engines and triple seats it's quite enjoyable um so I'm...,
jeanneau 10,Jeanneau,10.5WA S2,Jeanneau 10.5WA S2,34.45,attribute,mission,family_suitable,Family Suitable,true,,0.85,3,Y8TR0FmKh1o;kIpFPjADR3M,um this is a perfect family boat from what I have just learned this morning this is a bit of a battle...,
jeanneau 10,Jeanneau,10.5WA S2,Jeanneau 10.5WA S2,34.45,attribute,capacity,fuel_capacity_l,Fuel Capacity L,800 L,L,0.95,2,Y8TR0FmKh1o;kIpFPjADR3M,two five and she's about a five ton boat light ship with 800 liters of fuel,
jeanneau 10,Jeanneau,10.5WA S2,Jeanneau 10.5WA S2,34.45,attribute,systems,generator,Generator,true,,0.86,1,Y8TR0FmKh1o;kIpFPjADR3M,there is a ginormous storage area with clearly option for a generator centrally mounted to go down there but you can put,
jeanneau 10,Jeanneau,10.5WA S2,Jeanneau 10.5WA S2,34.45,attribute,mission,offshore_capable,Offshore Capable,true,,0.88,1,Y8TR0FmKh1o;kIpFPjADR3M,um these 300s in offshore conditions are giving us 21,
jeanneau 10,Jeanneau,10.5WA S2,Jeanneau 10.5WA S2,34.45,attribute,weather,opening_sunroof,Opening Sunroof,true,,0.93,1,Y8TR0FmKh1o;kIpFPjADR3M,grab holds just here and a nice sliding sunroof set up here so get more light,
jeanneau 10,Jeanneau,10.5WA S2,Jeanneau 10.5WA S2,34.45,attribute,mission,overnight_capable,Overnight Capable,true,,0.86,4,Y8TR0FmKh1o;kIpFPjADR3M,families very comfortably take out mum dad and the kids for an overnight with ease but if you've still got a little,
jeanneau 10,Jeanneau,10.5WA S2,Jeanneau 10.5WA S2,34.45,attribute,accommodation,separate_shower,Separate Shower,true,,0.94,1,Y8TR0FmKh1o;kIpFPjADR3M,and then make my way into the other cabin so basically a separate shower even though,
jeanneau 10,Jeanneau,10.5WA S2,Jeanneau 10.5WA S2,34.45,attribute,performance,top_speed_knots,Top Speed Knots,40 kn,kn,0.93,1,Y8TR0FmKh1o;kIpFPjADR3M,so with these motors she's probably Max Speed 40 knots I got 38.5 for your fast cruise speed,
jeanneau 10,Jeanneau,10.5WA S2,Jeanneau 10.5WA S2,34.45,attribute,capacity,water_capacity_l,Water Capacity L,30 L,L,0.93,1,Y8TR0FmKh1o;kIpFPjADR3M,so there is the hot water tank so that just looks like a 25 30 liter capacity,
jeanneau 9,Jeanneau,CAP camarat 9.0CC,Jeanneau CAP camarat 9.0CC,29.53,attribute,dimensions,length_feet,Length Feet,29.53 ft,ft,0.937,0,KYsw6VqbxnI;FQZWZqQNvsE,,
jeanneau 9,Jeanneau,CAP camarat 9.0CC,Jeanneau CAP camarat 9.0CC,29.53,attribute,handling,bow_thruster,Bow Thruster,true,,0.96,2,KYsw6VqbxnI;FQZWZqQNvsE,...starts just here we've got the digital throttles just here vhf aerial we have a bow thruster there's your emergency cut off,
jeanneau 9,Jeanneau,CAP camarat 9.0CC,Jeanneau CAP camarat 9.0CC,29.53,attribute,performance,cruise_speed_knots,Cruise Speed Knots,26 kn,kn,0.93,2,KYsw6VqbxnI;FQZWZqQNvsE,...that's comfortable i had a moderate bow raise on acceleration i'm cruising here at 3500 that's about 22 knots sog and it...,
jeanneau 9,Jeanneau,CAP camarat 9.0CC,Jeanneau CAP camarat 9.0CC,29.53,attribute,powertrain,drive_type,Drive Type,outboard,,0.94,1,KYsw6VqbxnI;FQZWZqQNvsE,...actually i'm not sure if it's hot because this is an outboard powered boat but we'll come back to you on that...,
jeanneau 9,Jeanneau,CAP camarat 9.0CC,Jeanneau CAP camarat 9.0CC,29.53,attribute,powertrain,engine_power_hp,Engine Power Hp,225 hp,hp,0.89,1,KYsw6VqbxnI;FQZWZqQNvsE,...shouldn't have said that um anyway we've got the um twin 225 horsepower mercury so you could option this with more horsepower...,
jeanneau 9,Jeanneau,CAP camarat 9.0CC,Jeanneau CAP camarat 9.0CC,29.53,attribute,mission,family_suitable,Family Suitable,true,,0.85,2,KYsw6VqbxnI;FQZWZqQNvsE,...is great at a boat like this because this is a family boat not so great if you want to do a...,
jeanneau 9,Jeanneau,CAP camarat 9.0CC,Jeanneau CAP camarat 9.0CC,29.53,attribute,mission,fishing_suitable,Fishing Suitable,true,,0.88,1,KYsw6VqbxnI;FQZWZqQNvsE,...on the starboard side you've got long storage for boat hooks fishing rods and the like so just going back to that...,
jeanneau 9,Jeanneau,CAP camarat 9.0CC,Jeanneau CAP camarat 9.0CC,29.53,attribute,capacity,fuel_capacity_l,Fuel Capacity L,270 L,L,0.93,1,KYsw6VqbxnI;FQZWZqQNvsE,down we've got uh 270 liters of fuel just the two of us on board and no equipment and i'm just gonna...,
jeanneau 9,Jeanneau,CAP camarat 9.0CC,Jeanneau CAP camarat 9.0CC,29.53,attribute,mission,offshore_capable,Offshore Capable,true,,0.88,1,KYsw6VqbxnI;FQZWZqQNvsE,...in moderate conditions you've got to slow it down in aggressive offshore conditions and essentially you just drive to the conditions which...,
jeanneau db37,Jeanneau,DB37,Jeanneau DB37,37.0,category,category,luxury-med-day-boat,Luxury Med Day Boat,true,,0.96,1,lTcwTRCK0z8,...what I want to focus on now guys um a lot of these super sexy Med day boats are they're gorgeous but,
jeanneau db37,Jeanneau,DB37,Jeanneau DB37,37.0,category,category,sports-cruiser,Sports Cruiser,true,,0.97,1,lTcwTRCK0z8,the sports Cruiser Market um with fully enclosed boats because now we've just got this wonderful roof and Alex,
jeanneau db37,Jeanneau,DB37,Jeanneau DB37,37.0,category,category,walkaround-day-boat,Walkaround Day Boat,true,,0.87,2,lTcwTRCK0z8,...what I want to focus on now guys um a lot of these super sexy Med day boats are they're gorgeous but,
jeanneau db37,Jeanneau,DB37,Jeanneau DB37,37.0,attribute,dimensions,length_feet,Length Feet,37 ft,ft,0.937,0,lTcwTRCK0z8,,
jeanneau db37,Jeanneau,DB37,Jeanneau DB37,37.0,attribute,powertrain,drive_type,Drive Type,outboard,,0.94,4,lTcwTRCK0z8,...cruising speed imagine all the extra places you could go and then imagine the places you could entertain at with outboard engines,multiple_values_review
jeanneau db37,Jeanneau,DB37,Jeanneau DB37,37.0,attribute,powertrain,drive_type,Drive Type,sterndrive,,0.94,2,lTcwTRCK0z8,or if you're in Northern climates where you do winterize the stern drives might be of interest and yes you the transum,multiple_values_review
jeanneau db37,Jeanneau,DB37,Jeanneau DB37,37.0,attribute,mission,overnight_capable,Overnight Capable,true,,0.86,1,lTcwTRCK0z8,accommodation is decent like it's it's a proper overnight boat you got this master up forward and proper head room,
jeanneau db37,Jeanneau,DB37,Jeanneau DB37,37.0,attribute,character,premium_styling,Premium Styling,true,,0.82,2,lTcwTRCK0z8,...what I want to focus on now guys um a lot of these super sexy Med day boats are they're gorgeous but,
jeanneau db43,Jeanneau,DB43,Jeanneau DB43,43.0,category,category,luxury-med-day-boat,Luxury Med Day Boat,true,,0.96,1,etzOfFb45Zo,g'day guys um this is an interesting one a very major international brand is moving into the luxury day boat market,
jeanneau db43,Jeanneau,DB43,Jeanneau DB43,43.0,category,category,walkaround-day-boat,Walkaround Day Boat,true,,0.87,5,etzOfFb45Zo,g'day guys um this is an interesting one a very major international brand is moving into the luxury day boat market,
jeanneau db43,Jeanneau,DB43,Jeanneau DB43,43.0,attribute,dimensions,length_feet,Length Feet,43 ft,ft,0.937,0,etzOfFb45Zo,,
jeanneau db43,Jeanneau,DB43,Jeanneau DB43,43.0,attribute,comfort,air_conditioning,Air Conditioning,true,,0.92,3,etzOfFb45Zo,...of that and the lenco trim tabs on the same side air conditioning on this one which is on quite nice uh...,
jeanneau db43,Jeanneau,DB43,Jeanneau DB43,43.0,attribute,handling,bow_thruster,Bow Thruster,true,,0.96,1,etzOfFb45Zo,parallels engine mana or engine start stop digital diagnostics for each of the volvos got the bow thruster here single,
jeanneau db43,Jeanneau,DB43,Jeanneau DB43,43.0,attribute,powertrain,drive_type,Drive Type,sterndrive,,0.94,1,etzOfFb45Zo,and i'll just show you the equipment space so i've got a couple of volvo diesel stern drives,
jeanneau db43,Jeanneau,DB43,Jeanneau DB43,43.0,attribute,access,folding_balconies,Folding Balconies,true,,0.94,2,etzOfFb45Zo,you can't miss it but on either side we have these drop down wing stations so this one's already in place this...,
jeanneau db43,Jeanneau,DB43,Jeanneau DB43,43.0,attribute,systems,generator,Generator,true,,0.93,1,etzOfFb45Zo,were to mount a generator it's going to be just where i was sitting there and then you exit the boat via...,
jeanneau db43,Jeanneau,DB43,Jeanneau DB43,43.0,attribute,access,hydraulic_swim_platform,Hydraulic Swim Platform,true,,0.96,1,etzOfFb45Zo,let's go through it starting at the back of the boat drop down hydraulic swim platform so hopefully you can see that,
jeanneau db43,Jeanneau,DB43,Jeanneau DB43,43.0,attribute,weather,opening_sunroof,Opening Sunroof,true,,0.93,1,etzOfFb45Zo,...guy at my stature can still put your head out the opening roof and i can just see out and enjoy that...,
jeanneau db43,Jeanneau,DB43,Jeanneau DB43,43.0,attribute,accommodation,separate_shower,Separate Shower,true,,0.94,1,etzOfFb45Zo,just here so that's for the master cabin separate shower and then you've got this tv up on the wall and on...,
jeanneau db43,Jeanneau,DB43,Jeanneau DB43,43.0,attribute,storage,tender_garage,Tender Garage,false,,0.96,1,etzOfFb45Zo,...worm drives we can operate a button here and this mini garage will open so that's it's not a tender garage it's,
jeanneau 1095,Jeanneau,MERRY FISHER 1095,Jeanneau MERRY FISHER 1095,35.93,category,category,centre-console,Centre Console,true,,0.96,1,MPZv_ycV-pw;IZVEBEHoOp8,...are going to have had half cabin boats maybe tinnies maybe center consoles or maybe no boat at all and they are...,
jeanneau 1095,Jeanneau,MERRY FISHER 1095,Jeanneau MERRY FISHER 1095,35.93,category,category,sports-cruiser,Sports Cruiser,true,,0.97,1,MPZv_ycV-pw;IZVEBEHoOp8,...so good functional and what that means is unlike the old Sports Cruisers that many would be used to from back in...,
jeanneau 1095,Jeanneau,MERRY FISHER 1095,Jeanneau MERRY FISHER 1095,35.93,attribute,dimensions,length_feet,Length Feet,35.93 ft,ft,0.937,0,MPZv_ycV-pw;IZVEBEHoOp8,,
jeanneau 1095,Jeanneau,MERRY FISHER 1095,Jeanneau MERRY FISHER 1095,35.93,attribute,comfort,air_conditioning,Air Conditioning,true,,0.92,1,MPZv_ycV-pw;IZVEBEHoOp8,...cabins too for the heater and I'm sure you could do air conditioning too down lights mood lights a little ledge here...,
jeanneau 1095,Jeanneau,MERRY FISHER 1095,Jeanneau MERRY FISHER 1095,35.93,attribute,handling,bow_thruster,Bow Thruster,true,,0.96,3,MPZv_ycV-pw;IZVEBEHoOp8,...coming coming alongside but we have options so we have a bow thruster which is what a lot of you would be...,
jeanneau 1095,Jeanneau,MERRY FISHER 1095,Jeanneau MERRY FISHER 1095,35.93,attribute,accommodation,cabins,Cabins,3 count,count,0.95,4,MPZv_ycV-pw;IZVEBEHoOp8,...have up to four kids this thing's still doable we've got three cabins a toilet a separate shower and you know everything...,
jeanneau 1095,Jeanneau,MERRY FISHER 1095,Jeanneau MERRY FISHER 1095,35.93,attribute,powertrain,drive_type,Drive Type,outboard,,0.96,3,MPZv_ycV-pw;IZVEBEHoOp8,...it is so there's a hot water cylind under on this outboard boats you always have to check that because you don't...,
jeanneau 1095,Jeanneau,MERRY FISHER 1095,Jeanneau MERRY FISHER 1095,35.93,attribute,powertrain,engine_power_hp,Engine Power Hp,300 hp,hp,0.89,1,MPZv_ycV-pw;IZVEBEHoOp8,...at the moment so she's 4.6 tonne of boat light ship we've got the twin 300 horsepower mercuries on this boat 800,
jeanneau 1095,Jeanneau,MERRY FISHER 1095,Jeanneau MERRY FISHER 1095,35.93,attribute,mission,family_suitable,Family Suitable,true,,0.85,2,MPZv_ycV-pw;IZVEBEHoOp8,...remember we're in a three Cabin boat this is a proper family boat so you can do all sorts of things on...,
jeanneau 1095,Jeanneau,MERRY FISHER 1095,Jeanneau MERRY FISHER 1095,35.93,attribute,capacity,fuel_capacity_l,Fuel Capacity L,800 L,L,0.95,3,MPZv_ycV-pw;IZVEBEHoOp8,horsepower mercuries on this boat 800 liter fuel capacity two water tanks of 160 and I think it was 100 so about...,
jeanneau 1095,Jeanneau,MERRY FISHER 1095,Jeanneau MERRY FISHER 1095,35.93,attribute,accommodation,galley,Galley,true,,0.9,2,MPZv_ycV-pw;IZVEBEHoOp8,...of that lifestyle stuff has been considered let's talk about the galley before we make our way through so we've got a...,
jeanneau 1095,Jeanneau,MERRY FISHER 1095,Jeanneau MERRY FISHER 1095,35.93,attribute,performance,max_observed_speed_knots,Max Observed Speed Knots,22 kn,kn,0.89,2,MPZv_ycV-pw;IZVEBEHoOp8,...you're going to be going at speed you're going to be doing 20 knots Plus in the ocean you could easily sit...,
jeanneau 1095,Jeanneau,MERRY FISHER 1095,Jeanneau MERRY FISHER 1095,35.93,attribute,mission,offshore_capable,Offshore Capable,true,,0.88,1,MPZv_ycV-pw;IZVEBEHoOp8,...per side at that speed bearing in mind these are currently offshore conditions downwind we've got a bit of swell I'm going...,
jeanneau 1095,Jeanneau,MERRY FISHER 1095,Jeanneau MERRY FISHER 1095,35.93,attribute,mission,overnight_capable,Overnight Capable,true,,0.86,1,MPZv_ycV-pw;IZVEBEHoOp8,...to do some offshore Journeys some more exciting things and definitely overnight it's also a size that you can manage really really...,
jeanneau 1095,Jeanneau,MERRY FISHER 1095,Jeanneau MERRY FISHER 1095,35.93,attribute,accommodation,separate_shower,Separate Shower,true,,0.94,2,MPZv_ycV-pw;IZVEBEHoOp8,...this thing's still doable we've got three cabins a toilet a separate shower and you know everything a family would need for...,
jeanneau 1095,Jeanneau,MERRY FISHER 1095,Jeanneau MERRY FISHER 1095,35.93,attribute,capacity,water_capacity_l,Water Capacity L,260 L,L,0.93,1,MPZv_ycV-pw;IZVEBEHoOp8,horsepower mercuries on this boat 800 liter fuel capacity two water tanks of 160 and I think it was 100 so about...,
jeanneau 795 sport,Jeanneau,MERRY FISHER 795 SPORT,Jeanneau MERRY FISHER 795 SPORT,26.08,category,category,walkaround-day-boat,Walkaround Day Boat,true,,0.87,1,BLdD91-MeYQ;LEOWkv5GJ0E,...had up the front if you're just using it as a day boat all of that stuff can actually just Stow up...,
jeanneau 795 sport,Jeanneau,MERRY FISHER 795 SPORT,Jeanneau MERRY FISHER 795 SPORT,26.08,attribute,dimensions,length_feet,Length Feet,26.08 ft,ft,0.937,0,BLdD91-MeYQ;LEOWkv5GJ0E,,
jeanneau 795 sport,Jeanneau,MERRY FISHER 795 SPORT,Jeanneau MERRY FISHER 795 SPORT,26.08,attribute,performance,cruise_speed_knots,Cruise Speed Knots,24 kn,kn,0.93,1,BLdD91-MeYQ;LEOWkv5GJ0E,...acceptable that's totally acceptable so then that means for a fast cruise we have 24 knots I'd say it's probably a sensible...,
jeanneau 795 sport,Jeanneau,MERRY FISHER 795 SPORT,Jeanneau MERRY FISHER 795 SPORT,26.08,attribute,powertrain,drive_type,Drive Type,outboard,,0.94,2,BLdD91-MeYQ;LEOWkv5GJ0E,...some conditions put the nose on the beach because we're an outboard powered boat you could trim the engine up and get...,
jeanneau 795 sport,Jeanneau,MERRY FISHER 795 SPORT,Jeanneau MERRY FISHER 795 SPORT,26.08,attribute,powertrain,engine_power_hp,Engine Power Hp,250 hp,hp,0.89,2,BLdD91-MeYQ;LEOWkv5GJ0E,...we've got 280 liters of fuel plus we're running the Mercury 250 horsepower on this one we've got the new throttle base...,
jeanneau 795 sport,Jeanneau,MERRY FISHER 795 SPORT,Jeanneau MERRY FISHER 795 SPORT,26.08,attribute,capacity,fuel_capacity_l,Fuel Capacity L,300 L,L,0.95,5,BLdD91-MeYQ;LEOWkv5GJ0E,...numbers we're going to 2.1 ton empty and then we've got 280 liters of fuel plus we're running the Mercury 250 horsepower...,
jeanneau 795 sport,Jeanneau,MERRY FISHER 795 SPORT,Jeanneau MERRY FISHER 795 SPORT,26.08,attribute,mission,overnight_capable,Overnight Capable,true,,0.86,3,BLdD91-MeYQ;LEOWkv5GJ0E,...think you probably would sleep this way but when you need or when you're not operating the boat as an overnight boat,
jeanneau 795 sport,Jeanneau,MERRY FISHER 795 SPORT,Jeanneau MERRY FISHER 795 SPORT,26.08,attribute,mission,trailerable,Trailerable,true,,0.89,2,BLdD91-MeYQ;LEOWkv5GJ0E,...like it's she's 7.1 something meters she's not very big she's trailerable you could put her in the rack and stack you...,
koshi 51 gt,Koshi,51 GT,Koshi 51 GT,51.0,category,category,walkaround-day-boat,Walkaround Day Boat,true,,0.87,1,nUCgufOEERg;FaPFpmyQAw4,your absolute ultim ultimate day boat,
koshi 51 gt,Koshi,51 GT,Koshi 51 GT,51.0,attribute,dimensions,length_feet,Length Feet,51 ft,ft,0.99,0,nUCgufOEERg;FaPFpmyQAw4,,
koshi 51 gt,Koshi,51 GT,Koshi 51 GT,51.0,attribute,handling,bow_thruster,Bow Thruster,true,,0.96,5,nUCgufOEERg;FaPFpmyQAw4,But what we do have is the bow thruster.,
koshi 51 gt,Koshi,51 GT,Koshi 51 GT,51.0,attribute,performance,cruise_speed_knots,Cruise Speed Knots,56.48 kn,kn,0.93,1,nUCgufOEERg;FaPFpmyQAw4,...what you could do with a 50 to 60 m easy cruise speed. You can cruise this thing at 65 mph if...,
koshi 51 gt,Koshi,51 GT,Koshi 51 GT,51.0,attribute,dimensions,displacement_kg,Displacement Kg,2100 kg,kg,0.93,1,nUCgufOEERg;FaPFpmyQAw4,because of the weight. 2.1 tons,
koshi 51 gt,Koshi,51 GT,Koshi 51 GT,51.0,attribute,capacity,fuel_capacity_l,Fuel Capacity L,200 L,L,0.93,1,nUCgufOEERg;FaPFpmyQAw4,"...50 m an hour. No trim tabs. The hull does all the trimming on this second thing. 3,500 RPM, 200 L fuel",
lancia aprea 52,Lancia Aprea,52 BEAUTY QUAD V12,Lancia Aprea 52 BEAUTY QUAD V12,52.0,category,category,walkaround-day-boat,Walkaround Day Boat,true,,0.87,4,zd3zHRdLx8s;GdORqXA19_g,...your dock all right so if you want a a big day boat there's plenty of options out there but the Italians...,
lancia aprea 52,Lancia Aprea,52 BEAUTY QUAD V12,Lancia Aprea 52 BEAUTY QUAD V12,52.0,attribute,dimensions,length_feet,Length Feet,52 ft,ft,0.937,0,zd3zHRdLx8s;GdORqXA19_g,,
lancia aprea 52,Lancia Aprea,52 BEAUTY QUAD V12,Lancia Aprea 52 BEAUTY QUAD V12,52.0,attribute,comfort,air_conditioning,Air Conditioning,true,,0.92,3,zd3zHRdLx8s;GdORqXA19_g,...then more storage underneath this little mahogany um hatch just here air conditioning control and we've even got a third flat screen...,
lancia aprea 52,Lancia Aprea,52 BEAUTY QUAD V12,Lancia Aprea 52 BEAUTY QUAD V12,52.0,attribute,handling,bow_thruster,Bow Thruster,true,,0.96,1,zd3zHRdLx8s;GdORqXA19_g,demonstrate both manners because we also have a variable speed bow thruster as well so I'm just going to walk it in...,
lancia aprea 52,Lancia Aprea,52 BEAUTY QUAD V12,Lancia Aprea 52 BEAUTY QUAD V12,52.0,attribute,accommodation,cabins,Cabins,2 count,count,0.93,1,zd3zHRdLx8s;GdORqXA19_g,...couple of different layouts if you wish so this is the two cabin layout but we also have a storage space a...,
lancia aprea 52,Lancia Aprea,52 BEAUTY QUAD V12,Lancia Aprea 52 BEAUTY QUAD V12,52.0,attribute,powertrain,drive_type,Drive Type,ips-pod,,0.96,1,zd3zHRdLx8s;GdORqXA19_g,...have already seen a few of these online with the inboard Volvo IPS they will also do shaft drives powered by man...,multiple_values_review
lancia aprea 52,Lancia Aprea,52 BEAUTY QUAD V12,Lancia Aprea 52 BEAUTY QUAD V12,52.0,attribute,powertrain,drive_type,Drive Type,outboard,,0.96,4,zd3zHRdLx8s;GdORqXA19_g,...to Florida but also to the Aussies watching if you want outboard practicality well then that's what we can achieve here and...,multiple_values_review
lancia aprea 52,Lancia Aprea,52 BEAUTY QUAD V12,Lancia Aprea 52 BEAUTY QUAD V12,52.0,attribute,powertrain,drive_type,Drive Type,shaft,,0.95,1,zd3zHRdLx8s;GdORqXA19_g,...these online with the inboard Volvo IPS they will also do shaft drives powered by man and there's even a surface Drive...,multiple_values_review
lancia aprea 52,Lancia Aprea,52 BEAUTY QUAD V12,Lancia Aprea 52 BEAUTY QUAD V12,52.0,attribute,powertrain,drive_type,Drive Type,surface-drive,,0.96,1,zd3zHRdLx8s;GdORqXA19_g,...also do shaft drives powered by man and there's even a surface Drive version on the drawing board but I tell you...,multiple_values_review
lancia aprea 52,Lancia Aprea,52 BEAUTY QUAD V12,Lancia Aprea 52 BEAUTY QUAD V12,52.0,attribute,handling,dynamic_positioning,Dynamic Positioning,true,,0.94,1,zd3zHRdLx8s;GdORqXA19_g,just want you to understand what is possible with these Skyhook technology and the joystick so look around we're,
lancia aprea 52,Lancia Aprea,52 BEAUTY QUAD V12,Lancia Aprea 52 BEAUTY QUAD V12,52.0,attribute,accommodation,galley,Galley,true,,0.83,1,zd3zHRdLx8s;GdORqXA19_g,...you don't option this space you actually would delete this little Galley area we got the microwave we got the fridge just...,
lancia aprea 52,Lancia Aprea,52 BEAUTY QUAD V12,Lancia Aprea 52 BEAUTY QUAD V12,52.0,attribute,systems,generator,Generator,true,,0.93,1,zd3zHRdLx8s;GdORqXA19_g,...batteries are all operated from up here so bath Thruster uh generator services and obviously four engines four engine batteries from here...,
lancia aprea 52,Lancia Aprea,52 BEAUTY QUAD V12,Lancia Aprea 52 BEAUTY QUAD V12,52.0,attribute,performance,max_observed_speed_knots,Max Observed Speed Knots,48 kn,kn,0.89,1,zd3zHRdLx8s;GdORqXA19_g,we're now doing 48 knots and climbing 49 knots the boat is,
lancia aprea 52,Lancia Aprea,52 BEAUTY QUAD V12,Lancia Aprea 52 BEAUTY QUAD V12,52.0,attribute,character,premium_styling,Premium Styling,true,,0.82,2,zd3zHRdLx8s;GdORqXA19_g,is definitely it so storage underneath me beautifully designed lounges I've got this social lunch table and more people can sit around...,
lancia aprea 52,Lancia Aprea,52 BEAUTY QUAD V12,Lancia Aprea 52 BEAUTY QUAD V12,52.0,attribute,accommodation,separate_shower,Separate Shower,true,,0.94,1,zd3zHRdLx8s;GdORqXA19_g,...and have a look at the Lop because we have a separate shower I'm actually going to get into that shower and...,
lomac 10,Lomac,10.5 adrenalina TWIN,Lomac 10.5 adrenalina TWIN,34.45,attribute,dimensions,length_feet,Length Feet,34.45 ft,ft,0.937,0,Av2ZRQtBwVo;d962mSaZ-vo,,
lomac 10,Lomac,10.5 adrenalina TWIN,Lomac 10.5 adrenalina TWIN,34.45,attribute,performance,cruise_speed_knots,Cruise Speed Knots,30 kn,kn,0.95,4,Av2ZRQtBwVo;d962mSaZ-vo,just Cruise speed on this boat 30 knots feel slow it doesn't even feel like the engines have woken up at 30...,
lomac 10,Lomac,10.5 adrenalina TWIN,Lomac 10.5 adrenalina TWIN,34.45,attribute,powertrain,engine_power_hp,Engine Power Hp,400 hp,hp,0.89,1,Av2ZRQtBwVo;d962mSaZ-vo,...are on the adrenaline at 10.5 this thing has got twin 400 horsepower so it's got a high powder weight ratio two...,
lomac 10,Lomac,10.5 adrenalina TWIN,Lomac 10.5 adrenalina TWIN,34.45,attribute,capacity,fuel_capacity_l,Fuel Capacity L,560 L,L,0.93,1,Av2ZRQtBwVo;d962mSaZ-vo,...high powder weight ratio two and a half tons empty about 560 liters of fuel plus the weight of the motors and...,
lomac 10,Lomac,10.5 adrenalina TWIN,Lomac 10.5 adrenalina TWIN,34.45,attribute,hull,hull_form,Hull Form,rib,,0.97,5,Av2ZRQtBwVo;d962mSaZ-vo,to feel like a maxi rib,
lomac 10,Lomac,10.5 adrenalina TWIN,Lomac 10.5 adrenalina TWIN,34.45,attribute,performance,max_observed_speed_knots,Max Observed Speed Knots,45 kn,kn,0.89,2,Av2ZRQtBwVo;d962mSaZ-vo,...right now at 30 knots and it just doesn't feel like we're doing 30 knots that's 3 600 reps and the boat's...,
lomac 10,Lomac,10.5 adrenalina TWIN,Lomac 10.5 adrenalina TWIN,34.45,attribute,character,premium_styling,Premium Styling,true,,0.82,5,Av2ZRQtBwVo;d962mSaZ-vo,...play it safe and you know this is easy social um sexy voting in a boat like this this is you know...,
lomac 10,Lomac,10.5 adrenalina TWIN,Lomac 10.5 adrenalina TWIN,34.45,attribute,performance,top_speed_knots,Top Speed Knots,40 kn,kn,0.93,1,Av2ZRQtBwVo;d962mSaZ-vo,...an animal it's a bloody animal at 50 knots 53 knots top speed we saw at 6 000 revs 40 knots effortless...,
lomac 12,Lomac,12.5 GT,Lomac 12.5 GT,41.01,category,category,walkaround-day-boat,Walkaround Day Boat,true,,0.89,2,vs2-dFK6rxQ;0wSWJ8XxEfc,...put a link coming up on the screen now have a look at that that's more of a day boat the gran,
lomac 12,Lomac,12.5 GT,Lomac 12.5 GT,41.01,attribute,dimensions,length_feet,Length Feet,41.01 ft,ft,0.937,0,vs2-dFK6rxQ;0wSWJ8XxEfc,,
lomac 12,Lomac,12.5 GT,Lomac 12.5 GT,41.01,attribute,performance,cruise_speed_knots,Cruise Speed Knots,40 kn,kn,0.93,1,vs2-dFK6rxQ;0wSWJ8XxEfc,...amount of fun on this they're going to get from a to b um with cruising speeds at 35 to 40 knots,
lomac 12,Lomac,12.5 GT,Lomac 12.5 GT,41.01,attribute,powertrain,engine_count,Engine Count,3 count,count,0.93,1,vs2-dFK6rxQ;0wSWJ8XxEfc,with triple motors uh fuel capacity is about 650 liters water in two tanks we've got a 60 in a 40 liter...,
lomac 12,Lomac,12.5 GT,Lomac 12.5 GT,41.01,attribute,powertrain,engine_power_hp,Engine Power Hp,900 hp,hp,0.91,2,vs2-dFK6rxQ;0wSWJ8XxEfc,...test drive out on the bay this thing is an animal 900 horsepower she needs taming you need to be a semi-experienced...,
lomac 12,Lomac,12.5 GT,Lomac 12.5 GT,41.01,attribute,capacity,fuel_capacity_l,Fuel Capacity L,650 L,L,0.93,1,vs2-dFK6rxQ;0wSWJ8XxEfc,with triple motors uh fuel capacity is about 650 liters water in two tanks we've got a 60 in a 40 liter...,
lomac 12,Lomac,12.5 GT,Lomac 12.5 GT,41.01,attribute,hull,hull_form,Hull Form,rib,,0.95,1,vs2-dFK6rxQ;0wSWJ8XxEfc,...you've got this quite comfortable cabin downstairs for you know a rib of this size we've got one two three four five...,
lomac 12,Lomac,12.5 GT,Lomac 12.5 GT,41.01,attribute,handling,joystick_control,Joystick Control,true,,0.94,1,vs2-dFK6rxQ;0wSWJ8XxEfc,time because yesterday's one it was in italian we've got the joystick control by mercury i've got the engine diagnostic display up...,
lomac 12,Lomac,12.5 GT,Lomac 12.5 GT,41.01,attribute,mission,overnight_capable,Overnight Capable,true,,0.86,3,vs2-dFK6rxQ;0wSWJ8XxEfc,turismo has overnight capacity so we have a cabin and a toilet a little bit more of a touring style of boat...,
lomac 12,Lomac,12.5 GT,Lomac 12.5 GT,41.01,attribute,capacity,water_capacity_l,Water Capacity L,650 L,L,0.93,1,vs2-dFK6rxQ;0wSWJ8XxEfc,with triple motors uh fuel capacity is about 650 liters water in two tanks we've got a 60 in a 40 liter...,
lomac 8,Lomac,8.5 Gran Turismo,Lomac 8.5 Gran Turismo,27.89,category,category,walkaround-day-boat,Walkaround Day Boat,true,,0.87,1,g7EjccZHX1I;EU00EdVm5mY,...the gran turismo so we got the cabin we got a day boat now with options proper sleeping area enough space for...,
lomac 8,Lomac,8.5 Gran Turismo,Lomac 8.5 Gran Turismo,27.89,attribute,dimensions,length_feet,Length Feet,27.89 ft,ft,0.99,0,g7EjccZHX1I;EU00EdVm5mY,,
lomac 8,Lomac,8.5 Gran Turismo,Lomac 8.5 Gran Turismo,27.89,attribute,handling,bow_thruster,Bow Thruster,true,,0.96,1,g7EjccZHX1I;EU00EdVm5mY,so just quickly before we get going we've got a bow thruster operation here i've got a little phone charging here,
lomac 8,Lomac,8.5 Gran Turismo,Lomac 8.5 Gran Turismo,27.89,attribute,performance,cruise_speed_knots,Cruise Speed Knots,20.5 kn,kn,0.93,2,g7EjccZHX1I;EU00EdVm5mY,that's giving me a comfortable 20 knots cruising speed i've got no bow raise on acceleration at that speed i've got the,
lomac 8,Lomac,8.5 Gran Turismo,Lomac 8.5 Gran Turismo,27.89,attribute,dimensions,displacement_kg,Displacement Kg,100 kg,kg,0.93,1,g7EjccZHX1I;EU00EdVm5mY,white light ship mode add the weight of the motors probably a couple 100 kilograms each and then 400 liters of fuel...,
lomac 8,Lomac,8.5 Gran Turismo,Lomac 8.5 Gran Turismo,27.89,attribute,powertrain,engine_count,Engine Count,2 count,count,0.93,1,g7EjccZHX1I;EU00EdVm5mY,...because here in australia we like our horsepower and you do get a little bit more maneuverability um with the twin engines,
lomac 8,Lomac,8.5 Gran Turismo,Lomac 8.5 Gran Turismo,27.89,attribute,capacity,fuel_capacity_l,Fuel Capacity L,400 L,L,0.93,1,g7EjccZHX1I;EU00EdVm5mY,...of the motors probably a couple 100 kilograms each and then 400 liters of fuel we've got half a tank of fuel...,
lomac 8,Lomac,8.5 Gran Turismo,Lomac 8.5 Gran Turismo,27.89,attribute,hull,hull_form,Hull Form,rib,,0.97,3,g7EjccZHX1I;EU00EdVm5mY,...um it's nice to not have the waves connecting with the rib straight away and giving you a little bit more of...,
lomac 8,Lomac,8.5 Gran Turismo,Lomac 8.5 Gran Turismo,27.89,attribute,performance,max_observed_speed_knots,Max Observed Speed Knots,27 kn,kn,0.89,1,g7EjccZHX1I;EU00EdVm5mY,just straight away doing 27 knots 26 27 knots there and i've just given the engines,
lomac 8,Lomac,8.5 Gran Turismo,Lomac 8.5 Gran Turismo,27.89,attribute,mission,overnight_capable,Overnight Capable,true,,0.86,1,g7EjccZHX1I;EU00EdVm5mY,...plus blokes could see here you know how often you're gonna sleep on a boat like this i don't know i really...,
lomac 8,Lomac,8.5 Gran Turismo,Lomac 8.5 Gran Turismo,27.89,attribute,character,premium_styling,Premium Styling,true,,0.82,3,g7EjccZHX1I;EU00EdVm5mY,...little bit of teak inlay just here in the bow that looks sexy but it's also handy for grip underfoot so if...,
lomac 8,Lomac,8.5 Gran Turismo,Lomac 8.5 Gran Turismo,27.89,attribute,mission,watersports_suitable,Watersports Suitable,true,,0.87,2,g7EjccZHX1I;EU00EdVm5mY,...wash so you might be able to do a bit of wakeboarding we've got the twin 200 suzuki's on this boat she's...,
lomac 7,Lomac,adrenalina 7.0,Lomac adrenalina 7.0,22.97,category,category,walkaround-day-boat,Walkaround Day Boat,true,,0.87,1,8MHQNvnRkz8;F7RBs5S5y5E;4sj1IyXiPVE,...for a dunny so not many ribs in this size or day boats in this size are going to have an option...,
lomac 7,Lomac,adrenalina 7.0,Lomac adrenalina 7.0,22.97,attribute,dimensions,length_feet,Length Feet,22.97 ft,ft,0.937,0,8MHQNvnRkz8;F7RBs5S5y5E;4sj1IyXiPVE,,
lomac 7,Lomac,adrenalina 7.0,Lomac adrenalina 7.0,22.97,attribute,powertrain,drive_type,Drive Type,outboard,,0.94,1,8MHQNvnRkz8;F7RBs5S5y5E;4sj1IyXiPVE,...looking at these extended swim platforms they really are good with outboard boats because you can you know back it in close...,
lomac 7,Lomac,adrenalina 7.0,Lomac adrenalina 7.0,22.97,attribute,powertrain,engine_power_hp,Engine Power Hp,225 hp,hp,0.91,2,8MHQNvnRkz8;F7RBs5S5y5E;4sj1IyXiPVE,...be a ripper of a day today so as we said 225 horsepower full of fuel one ton boat two people on...,
lomac 7,Lomac,adrenalina 7.0,Lomac adrenalina 7.0,22.97,attribute,hull,hull_form,Hull Form,rib,,0.99,4,8MHQNvnRkz8;F7RBs5S5y5E;4sj1IyXiPVE,...the height from the the bottom of the hull to the rib it just gives you a lot of cutting action before...,
lomac 7,Lomac,adrenalina 7.0,Lomac adrenalina 7.0,22.97,attribute,performance,max_observed_speed_knots,Max Observed Speed Knots,11 kn,kn,0.89,2,8MHQNvnRkz8;F7RBs5S5y5E;4sj1IyXiPVE,...she's gonna be an efficient boat even at relatively lower speeds we're just doing 11 knots sog here we do have some,
lomac 7,Lomac,adrenalina 7.0,Lomac adrenalina 7.0,22.97,attribute,mission,offshore_capable,Offshore Capable,true,,0.88,5,8MHQNvnRkz8;F7RBs5S5y5E;4sj1IyXiPVE,...the microphone but my observations just there this is absolutely an offshore boat there's plenty of deep feed this thing is rock...,
lomac 7,Lomac,adrenalina 7.0,Lomac adrenalina 7.0,22.97,attribute,character,premium_styling,Premium Styling,true,,0.82,5,8MHQNvnRkz8;F7RBs5S5y5E;4sj1IyXiPVE,...boat they got the looks bloody right like this thing is sexy you don't have to have the black tubes you don't...,
lomac 7,Lomac,adrenalina 7.0,Lomac adrenalina 7.0,22.97,attribute,mission,trailerable,Trailerable,true,,0.89,1,8MHQNvnRkz8;F7RBs5S5y5E;4sj1IyXiPVE,...offshore capable something that's got super high speed potential something that's trailerable and something that's sexy cool and currently quite unique in...,
majesty 100,Majesty,100 YACHT,Majesty 100 YACHT,100.0,category,category,luxury-rib,Luxury Rib,true,,0.97,1,KahI742Toz4,...gonna tow a tender you're gonna tow a big rib a luxury rib of some sort and it makes more sense to...,
majesty 100,Majesty,100 YACHT,Majesty 100 YACHT,100.0,attribute,dimensions,length_feet,Length Feet,100 ft,ft,0.937,0,KahI742Toz4,,
majesty 100,Majesty,100 YACHT,Majesty 100 YACHT,100.0,attribute,comfort,air_conditioning,Air Conditioning,true,,0.92,1,KahI742Toz4,...that new boat smell about it the the waft of the air conditioning is just coming out from the vents just here...,
majesty 100,Majesty,100 YACHT,Majesty 100 YACHT,100.0,attribute,access,beach_club,Beach Club,true,,0.97,1,KahI742Toz4,...jet tender or a jet ski in here and then use this as a beach club and then when you stop at,
majesty 100,Majesty,100 YACHT,Majesty 100 YACHT,100.0,attribute,powertrain,drive_type,Drive Type,shaft,,0.95,2,KahI742Toz4,...through from starboard to port these engines they're mounted they're a straight shaft set up but you can see the big stainless...,
majesty 100,Majesty,100 YACHT,Majesty 100 YACHT,100.0,attribute,powertrain,engine_power_hp,Engine Power Hp,1900 hp,hp,0.89,1,KahI742Toz4,...in so these are the v12 mans i think they're about 1900 horsepower each this boat has the capacity to do a...,
majesty 100,Majesty,100 YACHT,Majesty 100 YACHT,100.0,attribute,access,folding_balconies,Folding Balconies,true,,0.94,1,KahI742Toz4,...drop down shade just here and notice this same on starboard drop down wings so we can expand this whole area when...,
majesty 100,Majesty,100 YACHT,Majesty 100 YACHT,100.0,attribute,accommodation,galley,Galley,true,,0.9,4,KahI742Toz4,...all happening on the run here um here we are in the galley and we'll turn that we'll turn that music off,
majesty 100,Majesty,100 YACHT,Majesty 100 YACHT,100.0,attribute,hull,hull_form,Hull Form,rib,,0.95,2,KahI742Toz4,...imagine you're gonna tow a tender you're gonna tow a big rib a luxury rib of some sort and it makes more...,
majesty 100,Majesty,100 YACHT,Majesty 100 YACHT,100.0,attribute,accommodation,separate_shower,Separate Shower,true,,0.94,1,KahI742Toz4,...in here and the kiddies toilet in there also with a separate shower so big screen tv up on the wall and...,
majesty 100,Majesty,100 YACHT,Majesty 100 YACHT,100.0,attribute,storage,tender_garage,Tender Garage,true,,0.96,1,KahI742Toz4,...down those these stairs here on port and this is your tender garage you probably would just keep jet skis down here...,
majesty 100,Majesty,100 YACHT,Majesty 100 YACHT,100.0,attribute,systems,watermaker,Watermaker,true,,0.96,1,KahI742Toz4,...looking at to the back of this motor is actually the water maker and then we have a hot water cylinder that...,
majesty 111,Majesty,111,Majesty 111,111.0,category,category,chase-tender,Chase Tender,true,,0.94,4,EZUKf9jOvWU;d61qs1WXzm4,...with a boat like this are also going to have a chase boat so um the the rib that you store in...,
majesty 111,Majesty,111,Majesty 111,111.0,category,category,superyacht,Superyacht,true,,0.95,1,EZUKf9jOvWU;d61qs1WXzm4,so this is super yacht Vibe not so much Explorer Vibe um like The Nomad and um the business case for only...,
majesty 111,Majesty,111,Majesty 111,111.0,category,category,walkaround-day-boat,Walkaround Day Boat,true,,0.87,1,EZUKf9jOvWU;d61qs1WXzm4,...that a lot of my tests that I do with the day boats and a lot of them are aluminum and um...,
majesty 111,Majesty,111,Majesty 111,111.0,attribute,dimensions,length_feet,Length Feet,111 ft,ft,0.937,0,EZUKf9jOvWU;d61qs1WXzm4,,
majesty 111,Majesty,111,Majesty 111,111.0,attribute,comfort,air_conditioning,Air Conditioning,true,,0.92,2,EZUKf9jOvWU;d61qs1WXzm4,up the air conditioning on the hot days get outside when you're comfortable but always enjoy these epic views got storage underneath...,
majesty 111,Majesty,111,Majesty 111,111.0,attribute,handling,bow_thruster,Bow Thruster,true,,0.96,1,EZUKf9jOvWU;d61qs1WXzm4,...single bath Thruster on this one yes we have only the bow thruster there is Nostrand Thruster it's not required actually since...,
majesty 111,Majesty,111,Majesty 111,111.0,attribute,accommodation,cabins,Cabins,2 count,count,0.93,1,EZUKf9jOvWU;d61qs1WXzm4,and then I'd say these two cabins are for the crew these beds are very large that you would,
majesty 111,Majesty,111,Majesty 111,111.0,attribute,accommodation,crew_cabin,Crew Cabin,true,,0.96,2,EZUKf9jOvWU;d61qs1WXzm4,the crew quarters I just love these columns it's such a whoever's idea was that I think it's worked really really well...,
majesty 111,Majesty,111,Majesty 111,111.0,attribute,powertrain,drive_type,Drive Type,shaft,,0.95,1,EZUKf9jOvWU;d61qs1WXzm4,...1900s when engines yes and then they'd just be on a straight shaft drive I'd assume it is yes yep throws and...,
majesty 111,Majesty,111,Majesty 111,111.0,attribute,mission,family_suitable,Family Suitable,true,,0.78,1,EZUKf9jOvWU;d61qs1WXzm4,Vibe and having this on station ready for the family would be a good option so exactly right interesting thing we've actually...,
majesty 111,Majesty,111,Majesty 111,111.0,attribute,accommodation,galley,Galley,true,,0.9,3,EZUKf9jOvWU;d61qs1WXzm4,...to the accommodation we will get to that come straight in we have a door just going into the galley there and,
majesty 111,Majesty,111,Majesty 111,111.0,attribute,hull,hull_form,Hull Form,rib,,0.95,3,EZUKf9jOvWU;d61qs1WXzm4,hydraulically and you're going to get a decent size rib in there and I suspect a lot of,
majesty 111,Majesty,111,Majesty 111,111.0,attribute,mission,long_range_suitable,Long Range Suitable,true,,0.91,1,EZUKf9jOvWU;d61qs1WXzm4,...60. 60 liters yes okay you are looking for a very long range yep I think this is enough to take you...,
majesty 111,Majesty,111,Majesty 111,111.0,attribute,character,premium_styling,Premium Styling,true,,0.82,2,EZUKf9jOvWU;d61qs1WXzm4,...goes to they're very very booked up for that hourly Charter stuff yep I mean this is a beautiful boat yeah big,
majesty 111,Majesty,111,Majesty 111,111.0,attribute,accommodation,separate_shower,Separate Shower,true,,0.94,3,EZUKf9jOvWU;d61qs1WXzm4,say this is probably the Captain's Quarters because he's got his own head and separate shower quite spacious hanging Locker,
majesty 111,Majesty,111,Majesty 111,111.0,attribute,storage,tender_garage,Tender Garage,true,,0.96,1,EZUKf9jOvWU;d61qs1WXzm4,for the tender garage all right that just comes up,
majesty 120,Majesty,120,Majesty 120,120.0,category,category,chase-tender,Chase Tender,true,,0.94,2,E1qWjHm2XFs;QmZfichO60E;aCJpWzLvh9Y,...we have two big jet skis and two spark jet skis okay so so do you then have a chase boat exactly,
majesty 120,Majesty,120,Majesty 120,120.0,category,category,walkaround-day-boat,Walkaround Day Boat,true,,0.87,1,E1qWjHm2XFs;QmZfichO60E;aCJpWzLvh9Y,...levers for the for the engines of course for a simple day boat man like myself why do you have a control...,
majesty 120,Majesty,120,Majesty 120,120.0,attribute,dimensions,length_feet,Length Feet,120 ft,ft,0.937,0,E1qWjHm2XFs;QmZfichO60E;aCJpWzLvh9Y,,
majesty 120,Majesty,120,Majesty 120,120.0,attribute,comfort,air_conditioning,Air Conditioning,true,,0.92,5,E1qWjHm2XFs;QmZfichO60E;aCJpWzLvh9Y,...you want to be out of the heat and into the air conditioning this is possibly one of the most luxurious places...,
majesty 120,Majesty,120,Majesty 120,120.0,attribute,access,beach_club,Beach Club,true,,0.97,4,E1qWjHm2XFs;QmZfichO60E;aCJpWzLvh9Y,...is fantastic and then you've got behind us access to the beach club so what we'll do we'll just quickly walk through...,
majesty 120,Majesty,120,Majesty 120,120.0,attribute,handling,bow_thruster,Bow Thruster,true,,0.96,2,E1qWjHm2XFs;QmZfichO60E;aCJpWzLvh9Y,...when we were parking because i noticed we just got the bow thruster and when you were going in and out of...,
majesty 120,Majesty,120,Majesty 120,120.0,attribute,dimensions,draft_feet,Draft Feet,7.22 ft,ft,0.93,1,E1qWjHm2XFs;QmZfichO60E;aCJpWzLvh9Y,...was pretty slim yep and we can say shallow yeah the draft is just 2.2 meters 2.2 which is very good to...,
majesty 120,Majesty,120,Majesty 120,120.0,attribute,powertrain,drive_type,Drive Type,shaft,,0.95,2,E1qWjHm2XFs;QmZfichO60E;aCJpWzLvh9Y,...four hundred horsepowers each each wow okay and that's on a straight shaft yeah straight shafts okay and um have you seen...,
majesty 120,Majesty,120,Majesty 120,120.0,attribute,accommodation,galley,Galley,true,,0.9,4,E1qWjHm2XFs;QmZfichO60E;aCJpWzLvh9Y,...here forward of the formal dining to port is actually the galley it's got a full professional commercial galley that's covered in...,
majesty 120,Majesty,120,Majesty 120,120.0,attribute,systems,generator,Generator,true,,0.93,1,E1qWjHm2XFs;QmZfichO60E;aCJpWzLvh9Y,...this is a beautiful engine bay as you can hear the generator is running yep absolutely so um take us through the...,
majesty 120,Majesty,120,Majesty 120,120.0,attribute,hull,hull_form,Hull Form,rib,,0.95,2,E1qWjHm2XFs;QmZfichO60E;aCJpWzLvh9Y,you you might have your larger rib down below or a couple of jet skis up here for example or a,
majesty 120,Majesty,120,Majesty 120,120.0,attribute,mission,long_range_suitable,Long Range Suitable,true,,0.91,1,E1qWjHm2XFs;QmZfichO60E;aCJpWzLvh9Y,...absolutely and off the plane um what is your slow speed long range we also sailed quite a few miles at 10...,
majesty 120,Majesty,120,Majesty 120,120.0,attribute,performance,max_observed_speed_knots,Max Observed Speed Knots,20 kn,kn,0.89,1,E1qWjHm2XFs;QmZfichO60E;aCJpWzLvh9Y,...i was flying the drone but it felt like we were doing 20 plus knots we're actually doing 21.5 okay which is...,
majesty 120,Majesty,120,Majesty 120,120.0,attribute,accommodation,separate_shower,Separate Shower,true,,0.94,1,E1qWjHm2XFs;QmZfichO60E;aCJpWzLvh9Y,...you've got on the port side you have the head and separate shower so just go in there and have a look...,
majesty 120,Majesty,120,Majesty 120,120.0,attribute,storage,tender_garage,Tender Garage,true,,0.96,2,E1qWjHm2XFs;QmZfichO60E;aCJpWzLvh9Y,...patch so that's not how you would regularly get to the tender garage this one uh takes you into the garage yes...,
majesty 72,Majesty,72,Majesty 72,72.0,attribute,dimensions,length_feet,Length Feet,72 ft,ft,0.937,0,4fr2Fwnoj50;xqfaEok0Kcw,,
majesty 72,Majesty,72,Majesty 72,72.0,attribute,comfort,air_conditioning,Air Conditioning,true,,0.92,3,4fr2Fwnoj50;xqfaEok0Kcw,...across so that'll go across one more but I'm leaving the air conditioning on because it's a hot day come on inside...,
majesty 72,Majesty,72,Majesty 72,72.0,attribute,accommodation,cabins,Cabins,3 count,count,0.93,3,4fr2Fwnoj50;xqfaEok0Kcw,storage you've got two cabins so 72 foot boat a lot of space or three cabins in,
majesty 72,Majesty,72,Majesty 72,72.0,attribute,accommodation,crew_cabin,Crew Cabin,true,,0.96,3,4fr2Fwnoj50;xqfaEok0Kcw,...davits and store your dinghy out here that's access to the crew quarters we'll look at that at the end of the...,
majesty 72,Majesty,72,Majesty 72,72.0,attribute,character,dry_ride,Dry Ride,true,,0.87,1,4fr2Fwnoj50;xqfaEok0Kcw,...any water coming over uh over the gunnels it's quite a dry ride so much and so far and you should see...,
majesty 72,Majesty,72,Majesty 72,72.0,attribute,accommodation,galley,Galley,true,,0.9,2,4fr2Fwnoj50;xqfaEok0Kcw,...dinnerware can store in here and then opposite we have the galley so just get all this in shop Lane because this...,
majesty 72,Majesty,72,Majesty 72,72.0,attribute,performance,max_observed_speed_knots,Max Observed Speed Knots,26.7 kn,kn,0.89,1,4fr2Fwnoj50;xqfaEok0Kcw,...going to lose any drinks off the table right now so I'm now at 26.7 knots I've got a REV setting of...,
majesty 72,Majesty,72,Majesty 72,72.0,attribute,accommodation,separate_shower,Separate Shower,true,,0.94,2,4fr2Fwnoj50;xqfaEok0Kcw,to a Techna head separate shower with marble all around nice glass door there,
marex 310,Marex,310 SUN cruiser,Marex 310 SUN cruiser,31.0,attribute,dimensions,length_feet,Length Feet,31 ft,ft,0.937,0,_7Lp8VZWjss,,
marex 310,Marex,310 SUN cruiser,Marex 310 SUN cruiser,31.0,attribute,comfort,air_conditioning,Air Conditioning,true,,0.92,2,_7Lp8VZWjss,"big window opening port just there. We also have a vent in here for air conditioning, I would assume, or",
marex 310,Marex,310 SUN cruiser,Marex 310 SUN cruiser,31.0,attribute,handling,bow_thruster,Bow Thruster,true,,0.96,2,_7Lp8VZWjss,key start for the motors just here. This is actually the bow thruster operation.,
marex 310,Marex,310 SUN cruiser,Marex 310 SUN cruiser,31.0,attribute,powertrain,drive_type,Drive Type,sterndrive,,0.94,2,_7Lp8VZWjss,"stern drives. If you're winterizing your boat, you will see more value uh in owning stern drives. If you're in Sydney",
marex 310,Marex,310 SUN cruiser,Marex 310 SUN cruiser,31.0,attribute,weather,enclosable_cockpit,Enclosable Cockpit,true,,0.95,1,_7Lp8VZWjss,out in a curtain and enclose the cockpit. So this this boat and that carries up through the MX range allows,
marex 310,Marex,310 SUN cruiser,Marex 310 SUN cruiser,31.0,attribute,powertrain,engine_count,Engine Count,2 count,count,0.93,5,_7Lp8VZWjss,So solo operator if you've got enough training twin engine but also options for single joystick on this particular boat. Beautiful amount...,
marex 310,Marex,310 SUN cruiser,Marex 310 SUN cruiser,31.0,attribute,accommodation,galley,Galley,true,,0.9,4,_7Lp8VZWjss,...to see on most power boats and allows you to flow straight into the galley. So rather than having to try and,
marex 330,Marex,330 SWEET SPOT,Marex 330 SWEET SPOT,33.0,attribute,dimensions,length_feet,Length Feet,33 ft,ft,0.937,0,PZIGg-ssJgY;8EFxr7OEIVo,,
marex 330,Marex,330 SWEET SPOT,Marex 330 SWEET SPOT,33.0,attribute,comfort,air_conditioning,Air Conditioning,true,,0.92,5,PZIGg-ssJgY;8EFxr7OEIVo,"...We're going to get there. Turn the heat on, turn the air conditioning, do whatever you want. It's not the end of...",
marex 330,Marex,330 SWEET SPOT,Marex 330 SWEET SPOT,33.0,attribute,handling,bow_thruster,Bow Thruster,true,,0.96,4,PZIGg-ssJgY;8EFxr7OEIVo,...this one. You can do single stern drive or shaft. Got bow thruster and joystick because we've got the Mercury's a joystick...,
marex 330,Marex,330 SWEET SPOT,Marex 330 SWEET SPOT,33.0,attribute,performance,cruise_speed_knots,Cruise Speed Knots,16.5 kn,kn,0.93,2,PZIGg-ssJgY;8EFxr7OEIVo,...I'm just going to actually cruise the boat at a sensible cruising speed initially of about 17 knots. Let's just feel that...,comparison_context_review
marex 330,Marex,330 SWEET SPOT,Marex 330 SWEET SPOT,33.0,attribute,powertrain,drive_type,Drive Type,outboard,,0.94,1,PZIGg-ssJgY;8EFxr7OEIVo,...can actually winch up a small rigid inflatable tender with an outboard and stow it on the swim platform should you wish....,multiple_values_review
marex 330,Marex,330 SWEET SPOT,Marex 330 SWEET SPOT,33.0,attribute,powertrain,drive_type,Drive Type,shaft,,0.97,5,PZIGg-ssJgY;8EFxr7OEIVo,"...good headroom. Twin engines, single engine options, stern drive and a shaft drive. This is the Marex 330 Scandinavia. This is going...",multiple_values_review
marex 330,Marex,330 SWEET SPOT,Marex 330 SWEET SPOT,33.0,attribute,powertrain,drive_type,Drive Type,sterndrive,,0.96,5,PZIGg-ssJgY;8EFxr7OEIVo,"...own separate shower, really good headroom. Twin engines, single engine options, stern drive and a shaft drive. This is the Marex 330...",multiple_values_review
marex 330,Marex,330 SWEET SPOT,Marex 330 SWEET SPOT,33.0,attribute,handling,dynamic_positioning,Dynamic Positioning,true,,0.94,5,PZIGg-ssJgY;8EFxr7OEIVo,"...do faster turns. So, this is a twin stern drive with Skyhook. So, we can press this button here, and the boat...",
marex 330,Marex,330 SWEET SPOT,Marex 330 SWEET SPOT,33.0,attribute,powertrain,engine_count,Engine Count,2 count,count,0.95,5,PZIGg-ssJgY;8EFxr7OEIVo,"...but with its own separate shower, really good headroom. Twin engines, single engine options, stern drive and a shaft drive. This is...",
marex 330,Marex,330 SWEET SPOT,Marex 330 SWEET SPOT,33.0,attribute,mission,family_suitable,Family Suitable,true,,0.85,1,PZIGg-ssJgY;8EFxr7OEIVo,"...you're going to have to uh appreciate or understand about any family boat of this style, if you want to have a...",
marex 330,Marex,330 SWEET SPOT,Marex 330 SWEET SPOT,33.0,attribute,accommodation,galley,Galley,true,,0.9,5,PZIGg-ssJgY;8EFxr7OEIVo,...ask Julia to get in my way and stand in the galley because that's what happens on boats and this is where...,
marex 330,Marex,330 SWEET SPOT,Marex 330 SWEET SPOT,33.0,attribute,systems,generator,Generator,true,,0.93,5,PZIGg-ssJgY;8EFxr7OEIVo,"...the current oven and cooker setup, but you can do a generator. So, yes, you can do a generator. You can do...",
marex 330,Marex,330 SWEET SPOT,Marex 330 SWEET SPOT,33.0,attribute,mission,great_loop_relevant,Great Loop Relevant,true,,0.94,2,PZIGg-ssJgY;8EFxr7OEIVo,...I do see some wingnuts for all of you guys who are worried about bridge clearance. You've just got to undo six,
marex 330,Marex,330 SWEET SPOT,Marex 330 SWEET SPOT,33.0,attribute,hull,hull_form,Hull Form,rib,,0.88,1,PZIGg-ssJgY;8EFxr7OEIVo,"...a tender storage. So, you can actually winch up a small rigid inflatable tender with an outboard and stow it on the...",
marex 330,Marex,330 SWEET SPOT,Marex 330 SWEET SPOT,33.0,attribute,weather,opening_sunroof,Opening Sunroof,true,,0.93,2,PZIGg-ssJgY;8EFxr7OEIVo,"...this to be opened up, you don't have to have the opening roof. You can actually just have a solid fiberglass roof...",
marex 330,Marex,330 SWEET SPOT,Marex 330 SWEET SPOT,33.0,attribute,mission,overnight_capable,Overnight Capable,true,,0.86,1,PZIGg-ssJgY;8EFxr7OEIVo,"...couple's boat to do serious cruising, do day cruising, and do overnight, weekending, or longer trips. I think you're going to just...",
marex 330,Marex,330 SWEET SPOT,Marex 330 SWEET SPOT,33.0,attribute,accommodation,separate_shower,Separate Shower,true,,0.94,4,PZIGg-ssJgY;8EFxr7OEIVo,"...see the master cabin on this. Toilet but with its own separate shower, really good headroom. Twin engines, single engine options, stern...",
marex 330,Marex,330 SWEET SPOT,Marex 330 SWEET SPOT,33.0,attribute,systems,solar,Solar,true,,0.87,1,PZIGg-ssJgY;8EFxr7OEIVo,"...go downstairs because you may have already noticed we've got flexi solar panels. So, yes, we can have a diesel generator on...",
marex 330,Marex,330 SWEET SPOT,Marex 330 SWEET SPOT,33.0,attribute,handling,stern_thruster,Stern Thruster,true,,0.96,1,PZIGg-ssJgY;8EFxr7OEIVo,...actually have two thrusters. You would have a bow and a stern thruster and essentially instead of having to operate the wheel...,
marex 360,Marex,360 cabriolet cruiser,Marex 360 cabriolet cruiser,36.0,attribute,dimensions,length_feet,Length Feet,36 ft,ft,0.937,0,vAaz2fFkyEg;Zcj591OnN_A,,
marex 360,Marex,360 cabriolet cruiser,Marex 360 cabriolet cruiser,36.0,attribute,handling,bow_thruster,Bow Thruster,true,,0.96,3,vAaz2fFkyEg;Zcj591OnN_A,...lock down. And here's where I can start to incorporate some bow thruster. And I'm just going to let the boat settle...,
marex 360,Marex,360 cabriolet cruiser,Marex 360 cabriolet cruiser,36.0,attribute,powertrain,drive_type,Drive Type,outboard,,0.94,1,vAaz2fFkyEg;Zcj591OnN_A,"the Back Cove 340 that has outboards, but that's also on my channel. Uh, it's a British and American alternative.",multiple_values_review
marex 360,Marex,360 cabriolet cruiser,Marex 360 cabriolet cruiser,36.0,attribute,powertrain,drive_type,Drive Type,shaft,,0.97,2,vAaz2fFkyEg;Zcj591OnN_A,"...suitable all around the world. You've got multiple stern drive and shaft drive options, should you wish, and we are going for...",multiple_values_review
marex 360,Marex,360 cabriolet cruiser,Marex 360 cabriolet cruiser,36.0,attribute,powertrain,drive_type,Drive Type,sterndrive,,0.96,5,vAaz2fFkyEg;Zcj591OnN_A,"going to be suitable all around the world. You've got multiple stern drive and shaft drive options, should you wish, and we...",multiple_values_review
marex 360,Marex,360 cabriolet cruiser,Marex 360 cabriolet cruiser,36.0,attribute,powertrain,engine_count,Engine Count,2 count,count,0.95,4,vAaz2fFkyEg;Zcj591OnN_A,"So, even though it's a single motor, we actually have an incredible amount of maneuverability with a stern drive",
marex 360,Marex,360 cabriolet cruiser,Marex 360 cabriolet cruiser,36.0,attribute,accommodation,galley,Galley,true,,0.9,3,vAaz2fFkyEg;Zcj591OnN_A,boating. Underneath me right here is life rafts storage. You can do a soft pack life raft in there. And this galley,
marex 360,Marex,360 cabriolet cruiser,Marex 360 cabriolet cruiser,36.0,attribute,systems,generator,Generator,true,,0.93,1,vAaz2fFkyEg;Zcj591OnN_A,"So, you can do generator and all of that should you wish, but you can also do gas like a traditional sailing...",
marex 360,Marex,360 cabriolet cruiser,Marex 360 cabriolet cruiser,36.0,attribute,hull,hull_form,Hull Form,rib,,0.95,1,vAaz2fFkyEg;Zcj591OnN_A,don't even know what we call it. And you can actually winch up your little inflatable tender rigid inflatable and,
marex 360,Marex,360 cabriolet cruiser,Marex 360 cabriolet cruiser,36.0,attribute,performance,max_observed_speed_knots,Max Observed Speed Knots,24 kn,kn,0.89,2,vAaz2fFkyEg;Zcj591OnN_A,"consumption, 50% of fuel in the tanks, and I'm doing 24 knots happily. Once again, the boat",
marex 360,Marex,360 cabriolet cruiser,Marex 360 cabriolet cruiser,36.0,attribute,character,premium_styling,Premium Styling,true,,0.82,1,vAaz2fFkyEg;Zcj591OnN_A,"intermediate and up. It's a beautiful boat. Um it's, you know, a lot of money's uh worth a boat. So probably if",
marex 360,Marex,360 cabriolet cruiser,Marex 360 cabriolet cruiser,36.0,attribute,systems,solar,Solar,true,,0.94,1,vAaz2fFkyEg;Zcj591OnN_A,...of the world you're in as to what suits you. So we've got a grab hold just here. Solar panels over the,
marex 375,Marex,375 DESIGN STILL WORKS,Marex 375 DESIGN STILL WORKS,37.5,attribute,dimensions,length_feet,Length Feet,37.5 ft,ft,0.937,0,uQlQ_w9Fv9w;c-dsn5Cylp4,,
marex 375,Marex,375 DESIGN STILL WORKS,Marex 375 DESIGN STILL WORKS,37.5,attribute,comfort,air_conditioning,Air Conditioning,true,,0.92,2,uQlQ_w9Fv9w;c-dsn5Cylp4,"...this particular boat has got the Wabasto diesel heating. And yes, you can do a gen set and air conditioning if you",
marex 375,Marex,375 DESIGN STILL WORKS,Marex 375 DESIGN STILL WORKS,37.5,attribute,handling,bow_thruster,Bow Thruster,true,,0.96,5,uQlQ_w9Fv9w;c-dsn5Cylp4,"control it with the bow thruster because we have about a 6 inch gunnel here. So, it's quite it's quite all right...",
marex 375,Marex,375 DESIGN STILL WORKS,Marex 375 DESIGN STILL WORKS,37.5,attribute,performance,cruise_speed_knots,Cruise Speed Knots,28 kn,kn,0.93,1,uQlQ_w9Fv9w;c-dsn5Cylp4,"quite a comfortable cruise, fast cruise in that 27 to 28 knots. You could also do a slow cruise in the low...",
marex 375,Marex,375 DESIGN STILL WORKS,Marex 375 DESIGN STILL WORKS,37.5,attribute,powertrain,drive_type,Drive Type,ips-pod,,0.96,1,uQlQ_w9Fv9w;c-dsn5Cylp4,drivetrains from stern drives to shaft drive singles to twins and IPS's on the bigger ones. That is amazing. Not every,multiple_values_review
marex 375,Marex,375 DESIGN STILL WORKS,Marex 375 DESIGN STILL WORKS,37.5,attribute,powertrain,drive_type,Drive Type,shaft,,0.97,5,uQlQ_w9Fv9w;c-dsn5Cylp4,"also do shaft drives. So, um, what I'm going to be doing is giving you a little bit of a demonstration on...",multiple_values_review
marex 375,Marex,375 DESIGN STILL WORKS,Marex 375 DESIGN STILL WORKS,37.5,attribute,powertrain,drive_type,Drive Type,sterndrive,,0.96,5,uQlQ_w9Fv9w;c-dsn5Cylp4,"boat has been equipped with the twin Mercury stern drives. You can also do Volvos, you can do singles, and you can",multiple_values_review
marex 375,Marex,375 DESIGN STILL WORKS,Marex 375 DESIGN STILL WORKS,37.5,attribute,handling,dynamic_positioning,Dynamic Positioning,true,,0.94,1,uQlQ_w9Fv9w;c-dsn5Cylp4,deactivate skyhook. go back onto the throttles. I'm going to turn my bow thruster on. And now I have the option,
marex 375,Marex,375 DESIGN STILL WORKS,Marex 375 DESIGN STILL WORKS,37.5,attribute,powertrain,engine_count,Engine Count,2 count,count,0.93,2,uQlQ_w9Fv9w;c-dsn5Cylp4,"might do, we'll just cover the galley first. So, this boat, we've got twin engines. [sighs] We can have single",
marex 375,Marex,375 DESIGN STILL WORKS,Marex 375 DESIGN STILL WORKS,37.5,attribute,mission,family_suitable,Family Suitable,true,,0.85,1,uQlQ_w9Fv9w;c-dsn5Cylp4,"...us a high 20s cruise, which to be fair on a family boat is all you need. So, let's just do that...",
marex 375,Marex,375 DESIGN STILL WORKS,Marex 375 DESIGN STILL WORKS,37.5,attribute,accommodation,galley,Galley,true,,0.9,2,uQlQ_w9Fv9w;c-dsn5Cylp4,"got curtains. There's some blinds downstairs. And then you've got the galley in and then another really, really nice space to port....",
marex 375,Marex,375 DESIGN STILL WORKS,Marex 375 DESIGN STILL WORKS,37.5,attribute,weather,opening_sunroof,Opening Sunroof,true,,0.93,1,uQlQ_w9Fv9w;c-dsn5Cylp4,"opening roof. Okay, so it's all drained around here, but I just got a little bit of",
marex 375,Marex,375 DESIGN STILL WORKS,Marex 375 DESIGN STILL WORKS,37.5,attribute,accommodation,separate_shower,Separate Shower,true,,0.94,2,uQlQ_w9Fv9w;c-dsn5Cylp4,"...at the accommodation, then I'll show you the head. We do have a separate shower, which is lovely. But first, just feel",
marex 390,Marex,390,Marex 390,39.0,attribute,dimensions,length_feet,Length Feet,39 ft,ft,0.937,0,Nc1tD9BKy34;FDdbYeBoon4,,
marex 390,Marex,390,Marex 390,39.0,attribute,comfort,air_conditioning,Air Conditioning,true,,0.92,5,Nc1tD9BKy34;FDdbYeBoon4,"...can There we go. Boom. Nice, professionally done. Good to see. Air conditioning under the step. Boom. All really, really well done....",
marex 390,Marex,390,Marex 390,39.0,attribute,handling,bow_thruster,Bow Thruster,true,,0.96,4,Nc1tD9BKy34;FDdbYeBoon4,"...you to think about things like, ""Okay, do I need the bow thruster on? Um, should I now be focus focusing my...",
marex 390,Marex,390,Marex 390,39.0,attribute,accommodation,cabins,Cabins,2 count,count,0.93,1,Nc1tD9BKy34;FDdbYeBoon4,"...drive if you wish to come for a spin. She has two cabins, really lovely two cabins, a toilet, and a separate...",
marex 390,Marex,390,Marex 390,39.0,attribute,performance,cruise_speed_knots,Cruise Speed Knots,25 kn,kn,0.93,2,Nc1tD9BKy34;FDdbYeBoon4,"...spend the extra dollars to get the bigger motors considering we're cruising around quite happily. Uh, at 23 knots, I saw a...",
marex 390,Marex,390,Marex 390,39.0,attribute,powertrain,drive_type,Drive Type,shaft,,0.97,5,Nc1tD9BKy34;FDdbYeBoon4,"...you Aussies and Americans loving the fact you can get it in shaft drive. Midship cleat, more lights. We have access on",multiple_values_review
marex 390,Marex,390,Marex 390,39.0,attribute,powertrain,drive_type,Drive Type,sterndrive,,0.96,5,Nc1tD9BKy34;FDdbYeBoon4,...propeller location is not going to be as efficient as a stern drive. But those are minor things you can talk through...,multiple_values_review
marex 390,Marex,390,Marex 390,39.0,attribute,powertrain,engine_count,Engine Count,2 count,count,0.93,2,Nc1tD9BKy34;FDdbYeBoon4,"[Music] This is a boat that's you can fit it with twin diesel shaft drives or stern drives. Few different engine options,...",
marex 390,Marex,390,Marex 390,39.0,attribute,powertrain,engine_power_hp,Engine Power Hp,320 hp,hp,0.89,2,Nc1tD9BKy34;FDdbYeBoon4,"...RPM, seeing 6 knots, and my fuel consumption is 3.5 L per motor. We're running the twin Volvo 320 horsepower through the",
marex 390,Marex,390,Marex 390,39.0,attribute,mission,family_suitable,Family Suitable,true,,0.85,3,Nc1tD9BKy34;FDdbYeBoon4,"...waves. 31 knots is what we saw there, which for a family boat is plenty fast. You don't need to and nor...",
marex 390,Marex,390,Marex 390,39.0,attribute,accommodation,galley,Galley,true,,0.9,2,Nc1tD9BKy34;FDdbYeBoon4,"the galley in a second. Depending on what part of the world you're in, you might want an extra barbecue station. You...",
marex 390,Marex,390,Marex 390,39.0,attribute,systems,generator,Generator,true,,0.93,2,Nc1tD9BKy34;FDdbYeBoon4,"...at this. Look at this checker plate. So, obviously that's the generator on the port side. That's the uh actually that's the...",
marex 390,Marex,390,Marex 390,39.0,attribute,mission,great_loop_relevant,Great Loop Relevant,true,,0.94,1,Nc1tD9BKy34;FDdbYeBoon4,"...deck clearance, for those of you who want to do the Great Loop, not a problem. And on the port side, this...",
marex 390,Marex,390,Marex 390,39.0,attribute,systems,gyro_stabiliser,Gyro Stabiliser,true,,0.89,1,Nc1tD9BKy34;FDdbYeBoon4,...much space. You can fit it with a quick or a Seakeeper gyro. We've got the genset down there. Lots and lots...,
marex 390,Marex,390,Marex 390,39.0,attribute,performance,max_observed_speed_knots,Max Observed Speed Knots,7 kn,kn,0.89,1,Nc1tD9BKy34;FDdbYeBoon4,"...bet most of you have not either. So, right now, just doing seven knots. I got a few little waves coming on...",numeric_sanity_review
marex 390,Marex,390,Marex 390,39.0,attribute,weather,opening_sunroof,Opening Sunroof,true,,0.93,1,Nc1tD9BKy34;FDdbYeBoon4,"...when you get inside, you'll actually notice that this is an opening sunroof. You can open and close it in multiple positions....",
marex 390,Marex,390,Marex 390,39.0,attribute,mission,overnight_capable,Overnight Capable,true,,0.86,1,Nc1tD9BKy34;FDdbYeBoon4,"...All the angles, they're kind of already considered. Everything's quite comfortable. You could totally sleep on this. This upholstery is great. Storage",
marex 390,Marex,390,Marex 390,39.0,attribute,character,premium_styling,Premium Styling,true,,0.82,2,Nc1tD9BKy34;FDdbYeBoon4,"...that's quite nice. Obviously, drink holders as well. Two windscreen wipers. Beautiful lines. You're going to appreciate some of the drone footage...",
marex 390,Marex,390,Marex 390,39.0,attribute,accommodation,separate_shower,Separate Shower,true,,0.94,2,Nc1tD9BKy34;FDdbYeBoon4,"...has two cabins, really lovely two cabins, a toilet, and a separate shower. And as you may have noticed coming up the...",
marex 390,Marex,390,Marex 390,39.0,attribute,performance,top_speed_knots,Top Speed Knots,31 kn,kn,0.93,1,Nc1tD9BKy34;FDdbYeBoon4,...I saw a fast cruise of 27 knots. I saw a top speed of 31 knots. remembering this is hole number one....,
marex 390,Marex,390,Marex 390,39.0,attribute,systems,watermaker,Watermaker,true,,0.96,1,Nc1tD9BKy34;FDdbYeBoon4,"...the hot water cylinder there. We've got space potentially for a water maker, I'd say, because you probably if you did the...",
marex 440 gourmet,Marex,440 gourmet,Marex 440 gourmet,44.0,attribute,dimensions,length_feet,Length Feet,44 ft,ft,0.937,0,Af5wLDbPLK0;LcUVwXJBPB0,,
marex 440 gourmet,Marex,440 gourmet,Marex 440 gourmet,44.0,attribute,comfort,air_conditioning,Air Conditioning,true,,0.92,3,Af5wLDbPLK0;LcUVwXJBPB0,"...tropical place, and you want to be sitting inside with the air conditioning, that might make more sense for you. You still...",
marex 440 gourmet,Marex,440 gourmet,Marex 440 gourmet,44.0,attribute,handling,bow_thruster,Bow Thruster,true,,0.96,4,Af5wLDbPLK0;LcUVwXJBPB0,"...transition to uh IPS in a second and I've got my bow thruster and it's on and I've tested it. So, what...",
marex 440 gourmet,Marex,440 gourmet,Marex 440 gourmet,44.0,attribute,accommodation,cabins,Cabins,3 count,count,0.93,5,Af5wLDbPLK0;LcUVwXJBPB0,"...out the uh accommodation, but it's it's also available in a two cabin. So, today we're on the three cabin, but you...",
marex 440 gourmet,Marex,440 gourmet,Marex 440 gourmet,44.0,attribute,performance,cruise_speed_knots,Cruise Speed Knots,28 kn,kn,0.93,1,Af5wLDbPLK0;LcUVwXJBPB0,"...knots speed there at wide open throttle, but a very healthy cruising speed in the high 20s, 27, 28 knots is not...",
marex 440 gourmet,Marex,440 gourmet,Marex 440 gourmet,44.0,attribute,powertrain,drive_type,Drive Type,ips-pod,,0.98,5,Af5wLDbPLK0;LcUVwXJBPB0,"[Music] &gt;&gt; All right, guys. This is going to be an IPS C trial. I've got door, sunroof, back door open and...",multiple_values_review
marex 440 gourmet,Marex,440 gourmet,Marex 440 gourmet,44.0,attribute,powertrain,drive_type,Drive Type,outboard,,0.94,3,Af5wLDbPLK0;LcUVwXJBPB0,"...production sailing yachts, potentially stern drive sedan motorboats, and even multi-engine outboard powered dayboats, who are all going to see some useful...",multiple_values_review
marex 440 gourmet,Marex,440 gourmet,Marex 440 gourmet,44.0,attribute,powertrain,drive_type,Drive Type,shaft,,0.95,2,Af5wLDbPLK0;LcUVwXJBPB0,"...world. Well, then I believe one of these fitted with the shaft drives and some potential other customizations. The two cabin version...",multiple_values_review
marex 440 gourmet,Marex,440 gourmet,Marex 440 gourmet,44.0,attribute,powertrain,drive_type,Drive Type,sterndrive,,0.94,5,Af5wLDbPLK0;LcUVwXJBPB0,"...board on beaches and depending on the drive system, you know, stern drives might be suitable for that if you want to...",multiple_values_review
marex 440 gourmet,Marex,440 gourmet,Marex 440 gourmet,44.0,attribute,handling,dynamic_positioning,Dynamic Positioning,true,,0.94,3,Af5wLDbPLK0;LcUVwXJBPB0,"...solo in a crosswind, I would recommend optioning it with the DPS. That's dynamic position uh, positioning system on the IPS. So,...",
marex 440 gourmet,Marex,440 gourmet,Marex 440 gourmet,44.0,attribute,accommodation,galley,Galley,true,,0.9,2,Af5wLDbPLK0;LcUVwXJBPB0,"...to kind of live on the boat. Again, having this massive galley might suit you a bit better. However, if you go...",
marex 440 gourmet,Marex,440 gourmet,Marex 440 gourmet,44.0,attribute,systems,gyro_stabiliser,Gyro Stabiliser,true,,0.89,1,Af5wLDbPLK0;LcUVwXJBPB0,"...you did get the gyro, which is an option, it's a quick gyro. It's going to be in this location. And so...",
marex 440 gourmet,Marex,440 gourmet,Marex 440 gourmet,44.0,attribute,weather,opening_sunroof,Opening Sunroof,true,,0.93,1,Af5wLDbPLK0;LcUVwXJBPB0,"...that down. You can also electrify it if you wish. This opening sunroof is manually operated, which is sensible. But we also...",
marex 440 gourmet,Marex,440 gourmet,Marex 440 gourmet,44.0,attribute,accommodation,separate_shower,Separate Shower,true,,0.94,1,Af5wLDbPLK0;LcUVwXJBPB0,...is actually here. So the master has its own toilet and separate shower. And then you got a full beam second cabin...,
marex 440 gourmet,Marex,440 gourmet,Marex 440 gourmet,44.0,attribute,systems,solar,Solar,true,,0.94,1,Af5wLDbPLK0;LcUVwXJBPB0,...roof here. This is a manually operated sunroof. We've got the solar panels on top. Those are flexi panels. We've even got...,
maritimo m50,Maritimo,M50,Maritimo M50,50.0,category,category,power-catamaran,Power Catamaran,true,,0.95,1,D0KYhF72RyE;vI4SSmK_Wx4,"...I was questioning to myself today, would you also throw a power catamaran in the mix? And I can't honestly answer that...",
maritimo m50,Maritimo,M50,Maritimo M50,50.0,attribute,dimensions,length_feet,Length Feet,50 ft,ft,0.937,0,D0KYhF72RyE;vI4SSmK_Wx4,,
maritimo m50,Maritimo,M50,Maritimo M50,50.0,attribute,comfort,air_conditioning,Air Conditioning,true,,0.92,4,D0KYhF72RyE;vI4SSmK_Wx4,"Comfortable angle there. Air conditioning there and there. And again, we've got the big pull out or slide",
maritimo m50,Maritimo,M50,Maritimo M50,50.0,attribute,handling,bow_thruster,Bow Thruster,true,,0.96,4,D0KYhF72RyE;vI4SSmK_Wx4,"...going to do a little bit of a demo on the bow thruster. Um, this is a Vitus system, uh, new to...",
maritimo m50,Maritimo,M50,Maritimo M50,50.0,attribute,powertrain,drive_type,Drive Type,ips-pod,,0.98,3,D0KYhF72RyE;vI4SSmK_Wx4,"...The vibration levels for a shaft drive are very low, like IPS feeling vibration levels very, very low. And noise levels, uh,...",multiple_values_review
maritimo m50,Maritimo,M50,Maritimo M50,50.0,attribute,powertrain,drive_type,Drive Type,outboard,,0.94,1,D0KYhF72RyE;vI4SSmK_Wx4,...if you are worried because I know of you a lot of you are stepping up from outboard powered boats and possibly,multiple_values_review
maritimo m50,Maritimo,M50,Maritimo M50,50.0,attribute,powertrain,drive_type,Drive Type,shaft,,0.97,5,D0KYhF72RyE;vI4SSmK_Wx4,"...Are they variable speed thrusters? &gt;&gt; Yes, they are. &gt;&gt; And shaft drives on the M50. We've got the Volvo 800 horsepowers...",multiple_values_review
maritimo m50,Maritimo,M50,Maritimo M50,50.0,attribute,powertrain,engine_power_hp,Engine Power Hp,800 hp,hp,0.91,4,D0KYhF72RyE;vI4SSmK_Wx4,"...inherent stability, which so far, cuz I've been flying the drone already, is quite good. Um, twin Volvo 800 horsepower, straight shafts,",
maritimo m50,Maritimo,M50,Maritimo M50,50.0,attribute,capacity,fuel_capacity_l,Fuel Capacity L,700 L,L,0.93,1,D0KYhF72RyE;vI4SSmK_Wx4,"...tuck up that area. But underneath this bed is the the main fuel tank. So 3,700 L of diesel are underneath us.",
maritimo m50,Maritimo,M50,Maritimo M50,50.0,attribute,accommodation,galley,Galley,true,,0.9,2,D0KYhF72RyE;vI4SSmK_Wx4,But the galley is great because it's center mounted. I like having this little island setup here. And it's also,
maritimo m50,Maritimo,M50,Maritimo M50,50.0,attribute,systems,generator,Generator,true,,0.93,1,D0KYhF72RyE;vI4SSmK_Wx4,"the safety switched there, I see. And that's running off the generator. And the lazarette is actually tucked away",
maritimo m50,Maritimo,M50,Maritimo M50,50.0,attribute,systems,gyro_stabiliser,Gyro Stabiliser,true,,0.96,1,D0KYhF72RyE;vI4SSmK_Wx4,"...ride, you can also feel too, remembering we didn't have a gyro stabilizer, but the boat just feels stable inherently. So, the...",
maritimo m50,Maritimo,M50,Maritimo M50,50.0,attribute,accommodation,heads,Heads,2 count,count,0.93,1,D0KYhF72RyE;vI4SSmK_Wx4,"is a twoc cabin boat with two heads and two showers, it does feel very luxurious. And they've allowed all the",
maritimo m50,Maritimo,M50,Maritimo M50,50.0,attribute,hull,hull_form,Hull Form,power-catamaran,,0.94,1,D0KYhF72RyE;vI4SSmK_Wx4,"...I was questioning to myself today, would you also throw a power catamaran in the mix? And I can't honestly answer that...",
maritimo m50,Maritimo,M50,Maritimo M50,50.0,attribute,mission,long_range_suitable,Long Range Suitable,true,,0.91,1,D0KYhF72RyE;vI4SSmK_Wx4,"...enclosed fly. It is shafts, but it it's also got that long range cruising um mentality. So, maybe something to put in...",
maritimo m50,Maritimo,M50,Maritimo M50,50.0,attribute,performance,max_observed_speed_knots,Max Observed Speed Knots,17 kn,kn,0.89,1,D0KYhF72RyE;vI4SSmK_Wx4,"...be out today because the surf's not that crash hot. Okay, I'm at 17 knots so 1,670 RPM and that's actually just...",
maritimo m50,Maritimo,M50,Maritimo M50,50.0,attribute,weather,opening_sunroof,Opening Sunroof,true,,0.93,1,D0KYhF72RyE;vI4SSmK_Wx4,sliding window here and two opening roof hatches for ventilation uh overhead. Top,
maritimo m50,Maritimo,M50,Maritimo M50,50.0,attribute,mission,overnight_capable,Overnight Capable,true,,0.86,2,D0KYhF72RyE;vI4SSmK_Wx4,"can hear the chain doing its thing. If we were staying overnight, you can knock that noise down by installing a snubber",
maritimo m50,Maritimo,M50,Maritimo M50,50.0,attribute,accommodation,separate_shower,Separate Shower,true,,0.94,1,D0KYhF72RyE;vI4SSmK_Wx4,got more down here. But what you also have is a proper separate shower. So,
maritimo m50,Maritimo,M50,Maritimo M50,50.0,attribute,handling,stern_thruster,Stern Thruster,true,,0.96,5,D0KYhF72RyE;vI4SSmK_Wx4,"So Nick's got the yacht controller. We have a bow and stern thruster. Are they variable speed thrusters? &gt;&gt; Yes, they are....",
maritimo m50,Maritimo,M50,Maritimo M50,50.0,attribute,capacity,water_capacity_l,Water Capacity L,750 L,L,0.93,1,D0KYhF72RyE;vI4SSmK_Wx4,...of diesel. We are full of fuel and we also have 750 L of water. Both of those tanks are built into...,
maritimo m50,Maritimo,M50,Maritimo M50,50.0,attribute,systems,watermaker,Watermaker,true,,0.96,4,D0KYhF72RyE;vI4SSmK_Wx4,7 minutesthere. That looks like a water maker inverter charger and then you've got your power or some power information coming through...,
maritimo m55,Maritimo,M55,Maritimo M55,55.0,category,category,chase-tender,Chase Tender,true,,0.94,1,an2S07_eHFc;1AWQw-jTmVw,...up a company called offshore cruising tenders they make carbon fiber yacht tenders made in New Zealand and they're super cool looking...,
maritimo m55,Maritimo,M55,Maritimo M55,55.0,category,category,flybridge-motor-yacht,Flybridge Motor Yacht,true,,0.94,1,an2S07_eHFc;1AWQw-jTmVw,...the back here I don't have a lot of experience with flybridge motor yacht so this is a bit new for me...,
maritimo m55,Maritimo,M55,Maritimo M55,55.0,attribute,dimensions,length_feet,Length Feet,55 ft,ft,0.937,0,an2S07_eHFc;1AWQw-jTmVw,,
maritimo m55,Maritimo,M55,Maritimo M55,55.0,attribute,comfort,air_conditioning,Air Conditioning,true,,0.92,4,an2S07_eHFc;1AWQw-jTmVw,...which we'll see later on as we make our way through air conditioning controls just here and we have got the Gen...,
maritimo m55,Maritimo,M55,Maritimo M55,55.0,attribute,accommodation,cabins,Cabins,3 count,count,0.93,1,an2S07_eHFc;1AWQw-jTmVw,...probably not so much and an absolute weapon of a thing three cabins two heads a super neat and stylish tender storage...,
maritimo m55,Maritimo,M55,Maritimo M55,55.0,attribute,powertrain,drive_type,Drive Type,ips-pod,,0.98,5,an2S07_eHFc;1AWQw-jTmVw,...style so don't be alarmed at that it's just what you get some of the IPS drives will run a little bit,multiple_values_review
maritimo m55,Maritimo,M55,Maritimo M55,55.0,attribute,powertrain,drive_type,Drive Type,outboard,,0.94,1,an2S07_eHFc;1AWQw-jTmVw,...with as Tiny amount of horsepower an eight horsepower little Mercury outboard you'll get one of their three meter versions on the...,multiple_values_review
maritimo m55,Maritimo,M55,Maritimo M55,55.0,attribute,powertrain,drive_type,Drive Type,shaft,,0.97,5,an2S07_eHFc;1AWQw-jTmVw,all the way up here so she's a shaft drive that is one of the points that many of you write to...,multiple_values_review
maritimo m55,Maritimo,M55,Maritimo M55,55.0,attribute,weather,enclosable_cockpit,Enclosable Cockpit,true,,0.95,1,an2S07_eHFc;1AWQw-jTmVw,...the tender is in the water we have railings which can enclose the back of the boat give it a little bit...,
maritimo m55,Maritimo,M55,Maritimo M55,55.0,attribute,powertrain,engine_power_hp,Engine Power Hp,800 hp,hp,0.89,1,an2S07_eHFc;1AWQw-jTmVw,...from there and go into the engine bay because she's twin 800 horsepower Volvos shaft diesel variable variable speed bow thrusters and...,
maritimo m55,Maritimo,M55,Maritimo M55,55.0,attribute,accommodation,galley,Galley,true,,0.9,3,an2S07_eHFc;1AWQw-jTmVw,...a little bit of privacy but you come straight into the galley and it's nice having it centrally mounted lots of boats...,
maritimo m55,Maritimo,M55,Maritimo M55,55.0,attribute,accommodation,heads,Heads,2 count,count,0.93,1,an2S07_eHFc;1AWQw-jTmVw,...so much and an absolute weapon of a thing three cabins two heads a super neat and stylish tender storage Solution on...,
maritimo m55,Maritimo,M55,Maritimo M55,55.0,attribute,hull,hull_form,Hull Form,rib,,0.95,1,an2S07_eHFc;1AWQw-jTmVw,...of this thing an offshore cruising tender even though this ital rib is super bougie as well an offshore cruising tender would...,
maritimo m55,Maritimo,M55,Maritimo M55,55.0,attribute,handling,joystick_control,Joystick Control,true,,0.94,2,an2S07_eHFc;1AWQw-jTmVw,but but this twin disc joystick system okay so you,
maritimo m55,Maritimo,M55,Maritimo M55,55.0,attribute,performance,max_observed_speed_knots,Max Observed Speed Knots,10 kn,kn,0.89,2,an2S07_eHFc;1AWQw-jTmVw,doing 10 knots I'm doing 23 we're going to clear him I'm going to speed up and make,
maritimo m55,Maritimo,M55,Maritimo M55,55.0,attribute,accommodation,separate_shower,Separate Shower,true,,0.94,1,an2S07_eHFc;1AWQw-jTmVw,so come on in it's the marble finish we've got the separate shower again this one feels bigger yeah I think it...,
maritimo m55,Maritimo,M55,Maritimo M55,55.0,attribute,handling,stern_thruster,Stern Thruster,true,,0.96,1,an2S07_eHFc;1AWQw-jTmVw,...800 horsepower Volvos shaft diesel variable variable speed bow thrusters and Stern thruster so I know a lot of you are going...,
maritimo m55,Maritimo,M55,Maritimo M55,55.0,attribute,storage,tender_garage,Tender Garage,true,,0.96,1,an2S07_eHFc;1AWQw-jTmVw,...just there these are the hinges which allow this huge big tender garage storage area to be accessed electrically which we're going...,
monterey 298,Monterey,298,Monterey 298,29.8,category,category,bowrider-runabout,Bowrider Runabout,true,,0.95,1,nog3R0QGdxA;bMe8rPMGIhA,as you would expect a sports boat to look it's a big almost 30-foot bow Rider it's all about fun exhilaration and,
monterey 298,Monterey,298,Monterey 298,29.8,category,category,walkaround-day-boat,Walkaround Day Boat,true,,0.87,1,nog3R0QGdxA;bMe8rPMGIhA,foot day boat like this with twin engines having that accessible to us means we can just walk this boat in sideways...,
monterey 298,Monterey,298,Monterey 298,29.8,attribute,dimensions,length_feet,Length Feet,29.8 ft,ft,0.937,0,nog3R0QGdxA;bMe8rPMGIhA,,
monterey 298,Monterey,298,Monterey 298,29.8,attribute,powertrain,engine_count,Engine Count,2 count,count,0.93,1,nog3R0QGdxA;bMe8rPMGIhA,foot day boat like this with twin engines having that accessible to us means we can just walk this boat in sideways...,
monterey 298,Monterey,298,Monterey 298,29.8,attribute,powertrain,engine_power_hp,Engine Power Hp,250 hp,hp,0.89,1,nog3R0QGdxA;bMe8rPMGIhA,4.5 liter 250 horsepower mercruisers these are the Secor so they've got optimization for salt water conditions,
monterey 298,Monterey,298,Monterey 298,29.8,attribute,performance,max_observed_speed_knots,Max Observed Speed Knots,40 kn,kn,0.89,1,nog3R0QGdxA;bMe8rPMGIhA,underway doing 40 knots which is what we got in the test drive a little bit more um on a flat beautiful...,
monterey 298,Monterey,298,Monterey 298,29.8,attribute,mission,offshore_capable,Offshore Capable,true,,0.88,1,nog3R0QGdxA;bMe8rPMGIhA,offshore conditions but you're not oh you're not you're not hindering the driver's sight line you're enjoying yourself it's even ergonomically,
monterey 298,Monterey,298,Monterey 298,29.8,attribute,character,premium_styling,Premium Styling,true,,0.82,2,nog3R0QGdxA;bMe8rPMGIhA,...things first we've got the opening windscreen it's got the nice stainless touches all the way around that looked really sexy from,
monterey m45,Monterey,M 45,Monterey M 45,45.0,attribute,dimensions,length_feet,Length Feet,45 ft,ft,0.937,0,7sWZlR0L6aQ;UtcBaRYfgtA,,
monterey m45,Monterey,M 45,Monterey M 45,45.0,attribute,powertrain,drive_type,Drive Type,outboard,,0.96,5,7sWZlR0L6aQ;UtcBaRYfgtA,...but the throttle it's ergonomic you know what can you say outboard it's the way to go these days not always but...,multiple_values_review
monterey m45,Monterey,M 45,Monterey M 45,45.0,attribute,powertrain,drive_type,Drive Type,sterndrive,,0.94,2,7sWZlR0L6aQ;UtcBaRYfgtA,...that because when you've got boats that are designed for both stern drive and outboard the the weight distribution center of gravity...,multiple_values_review
monterey m45,Monterey,M 45,Monterey M 45,45.0,attribute,powertrain,engine_power_hp,Engine Power Hp,300 hp,hp,0.91,5,7sWZlR0L6aQ;UtcBaRYfgtA,...has got the yamaha 250 so you can go up to 300 horsepower on this particular model but the throttle it's ergonomic...,
monterey m45,Monterey,M 45,Monterey M 45,45.0,attribute,mission,offshore_capable,Offshore Capable,false,,0.88,1,7sWZlR0L6aQ;UtcBaRYfgtA,...way they've designed it it actually keeps the dry in moderate to flat water this is not an offshore boat it keeps,
monterey m45,Monterey,M 45,Monterey M 45,45.0,attribute,character,premium_styling,Premium Styling,true,,0.82,1,7sWZlR0L6aQ;UtcBaRYfgtA,...you expect to see on a boat of this style and it's sexy like stainless steel finishes the lights just forward there,
navan c30,Navan,C30 WORTHY OF attention,Navan C30 WORTHY OF attention,30.0,attribute,dimensions,length_feet,Length Feet,30 ft,ft,0.937,0,M30WCMXfV0U;E_6gFmuTcV4,,
navan c30,Navan,C30 WORTHY OF attention,Navan C30 WORTHY OF attention,30.0,attribute,handling,bow_thruster,Bow Thruster,true,,0.96,1,M30WCMXfV0U;E_6gFmuTcV4,...throttle system for both Motors and then we have the Lumar bow thruster a very nice torky bow thruster on this one...,
navan c30,Navan,C30 WORTHY OF attention,Navan C30 WORTHY OF attention,30.0,attribute,performance,cruise_speed_knots,Cruise Speed Knots,28 kn,kn,0.93,1,M30WCMXfV0U;E_6gFmuTcV4,"...quick boat that'll be 50 knot plus but a 29 KN cruise at 3,800 revs is achievable so actually 28 knots let's...",
navan c30,Navan,C30 WORTHY OF attention,Navan C30 WORTHY OF attention,30.0,attribute,powertrain,engine_power_hp,Engine Power Hp,600 hp,hp,0.91,3,M30WCMXfV0U;E_6gFmuTcV4,a ton heavier than a lot of the competition rated to 600 horsepower so that's 200 horsepower more than most of the...,
navan c30,Navan,C30 WORTHY OF attention,Navan C30 WORTHY OF attention,30.0,attribute,performance,max_observed_speed_knots,Max Observed Speed Knots,30 kn,kn,0.89,2,M30WCMXfV0U;E_6gFmuTcV4,...to 300s acceleration is blisteringly quick you feel that horsepower and I'm at 30 knots we'll just maintain 30 for a bit...,
navan c30,Navan,C30 WORTHY OF attention,Navan C30 WORTHY OF attention,30.0,attribute,weather,opening_sunroof,Opening Sunroof,true,,0.93,1,M30WCMXfV0U;E_6gFmuTcV4,...will find yourself utilizing these and then we've got the glass opening sunroof this one is manually operated so no electrics and...,
navan s30,Navan,S30 DEEP DIVE,Navan S30 DEEP DIVE,30.0,attribute,dimensions,length_feet,Length Feet,30 ft,ft,0.937,0,QhUUc9AyP_s;23-VOfgyNHQ,,
navan s30,Navan,S30 DEEP DIVE,Navan S30 DEEP DIVE,30.0,attribute,comfort,air_conditioning,Air Conditioning,true,,0.92,1,QhUUc9AyP_s;23-VOfgyNHQ,so we have air conditioning through the,
navan s30,Navan,S30 DEEP DIVE,Navan S30 DEEP DIVE,30.0,attribute,handling,bow_thruster,Bow Thruster,true,,0.96,5,QhUUc9AyP_s;23-VOfgyNHQ,"...We'll test the station hold and then we will test the bow thruster. And after that, we'll go and drop the anchor...",
navan s30,Navan,S30 DEEP DIVE,Navan S30 DEEP DIVE,30.0,attribute,handling,dynamic_positioning,Dynamic Positioning,true,,0.94,5,QhUUc9AyP_s;23-VOfgyNHQ,"...joystick. The other thing we have available to us is the skyhook. So, if I press that and I'm hoping you can...",
navan s30,Navan,S30 DEEP DIVE,Navan S30 DEEP DIVE,30.0,attribute,powertrain,engine_count,Engine Count,1 count,count,0.93,1,QhUUc9AyP_s;23-VOfgyNHQ,"it down to single engine options, 300 or",
navan s30,Navan,S30 DEEP DIVE,Navan S30 DEEP DIVE,30.0,attribute,powertrain,engine_power_hp,Engine Power Hp,600 hp,hp,0.91,2,QhUUc9AyP_s;23-VOfgyNHQ,up to 600 horsepower as an option. We,
navan s30,Navan,S30 DEEP DIVE,Navan S30 DEEP DIVE,30.0,attribute,performance,max_observed_speed_knots,Max Observed Speed Knots,31 kn,kn,0.89,1,QhUUc9AyP_s;23-VOfgyNHQ,"...slow down for these little lumpy ones. Cutting in. Cutting in. Hold that turn. I'm at 31 knots. Nice, smooth, controllable. Wonderful.",
navan s30,Navan,S30 DEEP DIVE,Navan S30 DEEP DIVE,30.0,attribute,mission,overnight_capable,Overnight Capable,true,,0.86,3,QhUUc9AyP_s;23-VOfgyNHQ,"overnight space, but it's way way better",
navan s30,Navan,S30 DEEP DIVE,Navan S30 DEEP DIVE,30.0,attribute,character,premium_styling,Premium Styling,true,,0.82,1,QhUUc9AyP_s;23-VOfgyNHQ,"It's arguably quite sexy, maybe the",comparison_context_review
navan s30,Navan,S30 DEEP DIVE,Navan S30 DEEP DIVE,30.0,attribute,mission,watersports_suitable,Watersports Suitable,true,,0.87,1,QhUUc9AyP_s;23-VOfgyNHQ,maybe some water sports or a little bit,
nimbus 305 coupe,Nimbus,305 COUPE,Nimbus 305 COUPE,30.5,category,category,walkaround-day-boat,Walkaround Day Boat,true,,0.87,1,Jf1ViYM7SH8;QrOnRQshdMI,...more sort of more handy when you're using the boat in day boat mode people might come down here to put their...,
nimbus 305 coupe,Nimbus,305 COUPE,Nimbus 305 COUPE,30.5,attribute,dimensions,length_feet,Length Feet,30.5 ft,ft,0.937,0,Jf1ViYM7SH8;QrOnRQshdMI,,
nimbus 305 coupe,Nimbus,305 COUPE,Nimbus 305 COUPE,30.5,attribute,handling,bow_thruster,Bow Thruster,true,,0.96,1,Jf1ViYM7SH8;QrOnRQshdMI,...your thrusters just here so you have a Stern and a bow thruster this is your Spotlight and then your Spotlight control...,
nimbus 305 coupe,Nimbus,305 COUPE,Nimbus 305 COUPE,30.5,attribute,accommodation,cabins,Cabins,2 count,count,0.93,1,Jf1ViYM7SH8;QrOnRQshdMI,all right we're on a two cabin single head single shaft diesel sedan Cruiser uh this is a nimbus 305 and this...,
nimbus 305 coupe,Nimbus,305 COUPE,Nimbus 305 COUPE,30.5,attribute,powertrain,drive_type,Drive Type,outboard,,0.94,1,Jf1ViYM7SH8;QrOnRQshdMI,...this style of nimbus you've already discovered the T-Series and the outboard nimbuses and how great they are and I'm seeing them...,multiple_values_review
nimbus 305 coupe,Nimbus,305 COUPE,Nimbus 305 COUPE,30.5,attribute,powertrain,drive_type,Drive Type,shaft,,0.95,3,Jf1ViYM7SH8;QrOnRQshdMI,...this is exciting done a lot of nimbuses now the only shaft drive Nimbus I've actually driven in the past is a...,multiple_values_review
nimbus 305 coupe,Nimbus,305 COUPE,Nimbus 305 COUPE,30.5,attribute,powertrain,engine_count,Engine Count,1 count,count,0.95,4,Jf1ViYM7SH8;QrOnRQshdMI,...have if it was a Straight Shaft now it's being a single engine boat it is going to be different in terms...,
nimbus 305 coupe,Nimbus,305 COUPE,Nimbus 305 COUPE,30.5,attribute,powertrain,engine_power_hp,Engine Power Hp,220 hp,hp,0.89,1,Jf1ViYM7SH8;QrOnRQshdMI,...do we have um single shaft V-drive diesel we've got a 220 horsepower Volvo now that 220 is actually being discontinued so...,
nimbus 305 coupe,Nimbus,305 COUPE,Nimbus 305 COUPE,30.5,attribute,accommodation,galley,Galley,true,,0.9,2,Jf1ViYM7SH8;QrOnRQshdMI,...so I'm just going to move my way around to the galley so make sure you can sort of get all of...,
nimbus 305 coupe,Nimbus,305 COUPE,Nimbus 305 COUPE,30.5,attribute,mission,offshore_capable,Offshore Capable,true,,0.88,1,Jf1ViYM7SH8;QrOnRQshdMI,...cutting through any chop any moderate shop and even being in offshore conditions obviously I'm on a lake so I can't go...,
nimbus 305 coupe,Nimbus,305 COUPE,Nimbus 305 COUPE,30.5,attribute,weather,opening_sunroof,Opening Sunroof,true,,0.93,1,Jf1ViYM7SH8;QrOnRQshdMI,...that 28 knots and look the opening side door here the opening sunroof there and the opening window there just lends this...,
nimbus 495 flybridge,Nimbus,495 Flybridge,Nimbus 495 Flybridge,49.5,category,category,luxury-med-day-boat,Luxury Med Day Boat,true,,0.96,1,mUJNuaZkzss,...perhaps stepping down from a big boat stepping across from a Sailing Boat or if you've had uh a luxury day boat,
nimbus 495 flybridge,Nimbus,495 Flybridge,Nimbus 495 Flybridge,49.5,category,category,walkaround-day-boat,Walkaround Day Boat,true,,0.87,1,mUJNuaZkzss,...perhaps stepping down from a big boat stepping across from a Sailing Boat or if you've had uh a luxury day boat,
nimbus 495 flybridge,Nimbus,495 Flybridge,Nimbus 495 Flybridge,49.5,attribute,dimensions,length_feet,Length Feet,49.5 ft,ft,0.973585,0,mUJNuaZkzss,,
nimbus 495 flybridge,Nimbus,495 Flybridge,Nimbus 495 Flybridge,49.5,attribute,comfort,air_conditioning,Air Conditioning,true,,0.92,5,mUJNuaZkzss,...watch the ride and it's quite a comfortable place to be I've got air conditioning to keep my legs or my you,
nimbus 495 flybridge,Nimbus,495 Flybridge,Nimbus 495 Flybridge,49.5,attribute,accommodation,berths,Berths,6 count,count,0.93,1,mUJNuaZkzss,if you're looking for a fast troller that's going to sleep six people very comfortably with two toilets and two,
nimbus 495 flybridge,Nimbus,495 Flybridge,Nimbus 495 Flybridge,49.5,attribute,accommodation,cabins,Cabins,3 count,count,0.93,1,mUJNuaZkzss,accommodation so we got three cabins two toilets and two separate showers so it's,
nimbus 495 flybridge,Nimbus,495 Flybridge,Nimbus 495 Flybridge,49.5,attribute,performance,cruise_speed_knots,Cruise Speed Knots,16 kn,kn,0.93,1,mUJNuaZkzss,doing an efficient Cruise somewhere in that 15 to 16 knots because if I think you are who I believe you are...,
nimbus 495 flybridge,Nimbus,495 Flybridge,Nimbus 495 Flybridge,49.5,attribute,powertrain,drive_type,Drive Type,ips-pod,,0.96,3,mUJNuaZkzss,...know you see me do that a lot of my videos I would not go putting an IPS Drive 50ft uh vessel,
nimbus 495 flybridge,Nimbus,495 Flybridge,Nimbus 495 Flybridge,49.5,attribute,mission,family_suitable,Family Suitable,true,,0.85,1,mUJNuaZkzss,a proper family boat so you come down a couple of stairs here they've got,
nimbus 495 flybridge,Nimbus,495 Flybridge,Nimbus 495 Flybridge,49.5,attribute,accommodation,galley,Galley,true,,0.9,3,mUJNuaZkzss,...the last couple of days so let's focus on this part of the galley first we've got a dishwasher it's a draw,
nimbus 495 flybridge,Nimbus,495 Flybridge,Nimbus 495 Flybridge,49.5,attribute,systems,gyro_stabiliser,Gyro Stabiliser,true,,0.96,2,mUJNuaZkzss,the Genet run the quick gyro which we have on right now and you've got your home away from home um so...,
nimbus 495 flybridge,Nimbus,495 Flybridge,Nimbus 495 Flybridge,49.5,attribute,handling,joystick_control,Joystick Control,true,,0.94,1,mUJNuaZkzss,...goes into more detail but it's got the Volvo assisted docking wonderful technology so you have the stand standard joystick control but,
nimbus 495 flybridge,Nimbus,495 Flybridge,Nimbus 495 Flybridge,49.5,attribute,accommodation,separate_shower,Separate Shower,true,,0.94,1,mUJNuaZkzss,...heads but one of them is private for the master and this one is ENT the day head with separate shower so,
nimbus 495 flybridge,Nimbus,495 Flybridge,Nimbus 495 Flybridge,49.5,attribute,systems,solar,Solar,true,,0.94,1,mUJNuaZkzss,lovely that's our view that's your view we've got flag poles up here we' got some solar panels just off so that's,
nimbus 495 flybridge,Nimbus,495 Flybridge,Nimbus 495 Flybridge,49.5,attribute,handling,stern_thruster,Stern Thruster,true,,0.96,1,mUJNuaZkzss,life's life's easy but we got our bow Stern Thruster Garmin uh touch control throttle joystick smaller pimo Compass,
nimbus 495 flybridge,Nimbus,495 Flybridge,Nimbus 495 Flybridge,49.5,attribute,performance,top_speed_knots,Top Speed Knots,29 kn,kn,0.93,1,mUJNuaZkzss,...strong so you could leave it open when you're going fast this boat will do a top speed of 29 knots you'll,
nimbus 495 flybridge,Nimbus,495 Flybridge,Nimbus 495 Flybridge,49.5,attribute,systems,watermaker,Watermaker,true,,0.96,1,mUJNuaZkzss,you were to order a water maker it would be in this location just here so you can,
nimbus c11,Nimbus,C11,Nimbus C11,40.7,category,category,sports-cruiser,Sports Cruiser,true,,0.97,1,lAF1vzEwB2o;wrpAGMKRv20;UOmd3Mt6B1I,...sloped glass like this you imagine the heat load on that sports cruiser style sloped glass it's just epic amount of heat...,
nimbus c11,Nimbus,C11,Nimbus C11,40.7,category,category,walkaround-day-boat,Walkaround Day Boat,true,,0.89,2,lAF1vzEwB2o;wrpAGMKRv20;UOmd3Mt6B1I,...link coming up in the screen right now that's the epic day boat and this from what i've just discovered and and...,
nimbus c11,Nimbus,C11,Nimbus C11,40.7,category,category,weekender-commuter,Weekender Commuter,true,,0.93,4,lAF1vzEwB2o;wrpAGMKRv20;UOmd3Mt6B1I,...this from what i've just discovered and and continuing discover to discover with you is the epic weekender or holiday boat it,
nimbus c11,Nimbus,C11,Nimbus C11,40.7,attribute,dimensions,length_feet,Length Feet,40.7 ft,ft,0.937,0,lAF1vzEwB2o;wrpAGMKRv20;UOmd3Mt6B1I,,
nimbus c11,Nimbus,C11,Nimbus C11,40.7,attribute,comfort,air_conditioning,Air Conditioning,true,,0.92,1,lAF1vzEwB2o;wrpAGMKRv20;UOmd3Mt6B1I,this cabin I can close it all up I've got the air conditioning um so I can cool this cabin really good...,
nimbus c11,Nimbus,C11,Nimbus C11,40.7,attribute,handling,bow_thruster,Bow Thruster,true,,0.96,1,lAF1vzEwB2o;wrpAGMKRv20;UOmd3Mt6B1I,...the volvo so it's just got all the volvo gear your bow thruster is below so that's operated with your right hand...,
nimbus c11,Nimbus,C11,Nimbus C11,40.7,attribute,powertrain,drive_type,Drive Type,outboard,,0.98,5,lAF1vzEwB2o;wrpAGMKRv20;UOmd3Mt6B1I,yeah we're going to find out whether sterndrive or outboard is the best choice for you or at least we'll discover what...,multiple_values_review
nimbus c11,Nimbus,C11,Nimbus C11,40.7,attribute,powertrain,drive_type,Drive Type,sterndrive,,0.98,5,lAF1vzEwB2o;wrpAGMKRv20;UOmd3Mt6B1I,yeah we're going to find out whether sterndrive or outboard is the best choice for you or at least we'll discover what...,multiple_values_review
nimbus c11,Nimbus,C11,Nimbus C11,40.7,attribute,handling,dynamic_positioning,Dynamic Positioning,true,,0.94,2,lAF1vzEwB2o;wrpAGMKRv20;UOmd3Mt6B1I,around a little bit with the Skyhook so come in and have a look at what we're doing I'll leave the seat...,
nimbus c11,Nimbus,C11,Nimbus C11,40.7,attribute,powertrain,engine_power_hp,Engine Power Hp,400 hp,hp,0.91,2,lAF1vzEwB2o;wrpAGMKRv20;UOmd3Mt6B1I,the screen now um and that's got the twin 300s and today we're testing uh twin inboard volvo 320 horsepower um so,
nimbus c11,Nimbus,C11,Nimbus C11,40.7,attribute,accommodation,galley,Galley,true,,0.9,2,lAF1vzEwB2o;wrpAGMKRv20;UOmd3Mt6B1I,...just here and then we get to quite a neat little galley setup so yeah this is cool we've got a stainless...,
nimbus c11,Nimbus,C11,Nimbus C11,40.7,attribute,systems,gyro_stabiliser,Gyro Stabiliser,true,,0.96,1,lAF1vzEwB2o;wrpAGMKRv20;UOmd3Mt6B1I,...on the center line we can put a a gyro a quick gyro on the center line as well and we got...,
nimbus c11,Nimbus,C11,Nimbus C11,40.7,attribute,handling,joystick_control,Joystick Control,true,,0.94,1,lAF1vzEwB2o;wrpAGMKRv20;UOmd3Mt6B1I,...all nimbus helms it's just incredibly well done but i've got joystick steering digital throttles the volvo system and you can rest...,
nimbus c11,Nimbus,C11,Nimbus C11,40.7,attribute,mission,long_range_suitable,Long Range Suitable,true,,0.91,1,lAF1vzEwB2o;wrpAGMKRv20;UOmd3Mt6B1I,designed for that it's designed for this luxury long range,
nimbus c11,Nimbus,C11,Nimbus C11,40.7,attribute,performance,max_observed_speed_knots,Max Observed Speed Knots,25 kn,kn,0.89,1,lAF1vzEwB2o;wrpAGMKRv20;UOmd3Mt6B1I,speed there we go now I'm at 25 knots these seats are just coming into,
nimbus c11,Nimbus,C11,Nimbus C11,40.7,attribute,character,premium_styling,Premium Styling,true,,0.82,1,lAF1vzEwB2o;wrpAGMKRv20;UOmd3Mt6B1I,...people here and then captain and a navigator enjoying these amazing sexy seats which we will get to everybody's going to have...,
nimbus t11,Nimbus,T11,Nimbus T11,40.7,category,category,walkaround-day-boat,Walkaround Day Boat,true,,0.89,2,7n22doa2AeY;6X-rR1c6jPk,...so welcome aboard this is possibly one of the most sensible day boat layouts that i have seen so far we'll get...,
nimbus t11,Nimbus,T11,Nimbus T11,40.7,category,category,weekender-commuter,Weekender Commuter,true,,0.91,1,7n22doa2AeY;6X-rR1c6jPk,...to bow into these fixed docks and go to their little weekender summer house and they step on and off the bow...,
nimbus t11,Nimbus,T11,Nimbus T11,40.7,attribute,dimensions,length_feet,Length Feet,40.7 ft,ft,0.937,0,7n22doa2AeY;6X-rR1c6jPk,,
nimbus t11,Nimbus,T11,Nimbus T11,40.7,attribute,access,beach_club,Beach Club,true,,0.97,1,7n22doa2AeY;6X-rR1c6jPk,...bow so nobody's going to be arriving at the at the beach club pissed off because they need to change their shirt...,
nimbus t11,Nimbus,T11,Nimbus T11,40.7,attribute,handling,bow_thruster,Bow Thruster,true,,0.96,3,7n22doa2AeY;6X-rR1c6jPk,...see what that feels like um below that i've got the bow thruster operation typical nimbus they have really oversized bow thrusters...,
nimbus t11,Nimbus,T11,Nimbus T11,40.7,attribute,performance,cruise_speed_knots,Cruise Speed Knots,22 kn,kn,0.93,3,7n22doa2AeY;6X-rR1c6jPk,...gives me 29 to 30. i think i think i would cruise at fast cruise at 29 to 30 knots just for...,
nimbus t11,Nimbus,T11,Nimbus T11,40.7,attribute,powertrain,drive_type,Drive Type,outboard,,0.94,2,7n22doa2AeY;6X-rR1c6jPk,...most people in our market are going to go for the outboards and whilst this is a fast capable exciting boat this...,
nimbus t11,Nimbus,T11,Nimbus T11,40.7,attribute,powertrain,engine_count,Engine Count,2 count,count,0.93,2,7n22doa2AeY;6X-rR1c6jPk,...going to quite soon take something else for a drive it's the little sister of this so t11 twin engine big boy,
nimbus t11,Nimbus,T11,Nimbus T11,40.7,attribute,powertrain,engine_power_hp,Engine Power Hp,900 hp,hp,0.91,2,7n22doa2AeY;6X-rR1c6jPk,...for this boat you can actually have it with up to 900 horsepower so if you are a speed demon it's already...,
nimbus t11,Nimbus,T11,Nimbus T11,40.7,attribute,performance,max_observed_speed_knots,Max Observed Speed Knots,17 kn,kn,0.89,1,7n22doa2AeY;6X-rR1c6jPk,like it needs more power so i'm at 3 800 revs doing 17 knots that's quite relaxing actually even at 17 knots...,
nimbus t11,Nimbus,T11,Nimbus T11,40.7,attribute,mission,offshore_capable,Offshore Capable,true,,0.88,1,7n22doa2AeY;6X-rR1c6jPk,...as well and we are heading just straight out into uh offshore conditions but it is calm today we've got a norway's...,
nimbus t11,Nimbus,T11,Nimbus T11,40.7,attribute,mission,overnight_capable,Overnight Capable,true,,0.86,3,7n22doa2AeY;6X-rR1c6jPk,...to go down into the front cabin so if you were overnighting or just having a kip in the middle of the...,
nimbus t11,Nimbus,T11,Nimbus T11,40.7,attribute,accommodation,separate_shower,Separate Shower,configuration-dependent,,0.82,3,7n22doa2AeY;6X-rR1c6jPk,...other side of this perspex so you can just quite easily lock everything up so whilst it's not a separate shower in,configuration_dependent
nimbus t8,Nimbus,T8,Nimbus T8,26.2,category,category,walkaround-day-boat,Walkaround Day Boat,true,,0.87,1,Gz076ldDwk4,...so if you're the sort of person looking for that family day boat looking for something that's affordable to run on fuel...,
nimbus t8,Nimbus,T8,Nimbus T8,26.2,attribute,dimensions,length_feet,Length Feet,26.2 ft,ft,0.937,0,Gz076ldDwk4,,
nimbus t8,Nimbus,T8,Nimbus T8,26.2,attribute,dimensions,beam_feet,Beam Feet,6.56 ft,ft,0.93,2,Gz076ldDwk4,...remember this boat is only you know just over 26 feet which is not huge but the beam is 2 meters and,
nimbus t8,Nimbus,T8,Nimbus T8,26.2,attribute,handling,bow_thruster,Bow Thruster,true,,0.96,1,Gz076ldDwk4,...put your phones and keys just there the electronic throttle the bow thruster even is built into this boat so that's just...,
nimbus t8,Nimbus,T8,Nimbus T8,26.2,attribute,powertrain,drive_type,Drive Type,outboard,,0.94,1,Gz076ldDwk4,...in particular for the Australian Market which is really favors the Outboards twin air stepped hulls great performance in choppy water so...,
nimbus t8,Nimbus,T8,Nimbus T8,26.2,attribute,character,dry_ride,Dry Ride,true,,0.87,1,Gz076ldDwk4,...this same family of Hull design is that it's quite a dry ride and the reason it's a dry ride is because...,
nimbus t8,Nimbus,T8,Nimbus T8,26.2,attribute,powertrain,engine_count,Engine Count,1 count,count,0.93,1,Gz076ldDwk4,...Supply because this looks like the crank just here because we're single engine then look at all the plumbing in the one...,
nimbus t8,Nimbus,T8,Nimbus T8,26.2,attribute,powertrain,engine_power_hp,Engine Power Hp,300 hp,hp,0.89,2,Gz076ldDwk4,...the guys at Sports Marine how you can get away with it the engine options go from 200 to 300 horsepower so,
nimbus t8,Nimbus,T8,Nimbus T8,26.2,attribute,mission,family_suitable,Family Suitable,true,,0.85,1,Gz076ldDwk4,...Kit so if you're the sort of person looking for that family day boat looking for something that's affordable to run on...,
nimbus t8,Nimbus,T8,Nimbus T8,26.2,attribute,mission,overnight_capable,Overnight Capable,true,,0.86,1,Gz076ldDwk4,...are just super super awesome for epic days and the occasional overnight because really operating them as an absolutely it's a one-man...,
nimbus t8,Nimbus,T8,Nimbus T8,26.2,attribute,mission,trailerable,Trailerable,true,,0.89,1,Gz076ldDwk4,...2 meters and 55 centimeters so Aussies that's just over the trailerable width because she's 2 300 kgs light ship uh 240...,
nimbus t8,Nimbus,T8,Nimbus T8,26.2,attribute,capacity,water_capacity_l,Water Capacity L,50 L,L,0.93,2,Gz076ldDwk4,...width because she's 2 300 kgs light ship uh 240 liters 50 liters of water so you know you bought a line...,
nimbus t9x,Nimbus,T9X,Nimbus T9X,30.8,category,category,walkaround-day-boat,Walkaround Day Boat,true,,0.87,1,-alL7nAJBbA;wqTTon-yi9w,decking so it looks like real teak but it doesn't require the maintenance which is always good for a practical day boat,
nimbus t9x,Nimbus,T9X,Nimbus T9X,30.8,attribute,dimensions,length_feet,Length Feet,30.8 ft,ft,0.937,0,-alL7nAJBbA;wqTTon-yi9w,,
nimbus t9x,Nimbus,T9X,Nimbus T9X,30.8,attribute,handling,bow_thruster,Bow Thruster,true,,0.96,1,-alL7nAJBbA;wqTTon-yi9w,standing and i've got my bow thruster underneath my throttle so that sort of makes sense because if i'm maneuvering the boat...,
nimbus t9x,Nimbus,T9X,Nimbus T9X,30.8,attribute,dimensions,displacement_kg,Displacement Kg,2800 kg,kg,0.93,1,-alL7nAJBbA;wqTTon-yi9w,...you about the engine options in this whole form and the weight of the boat so she's 2800 kilograms empty and i've...,
nimbus t9x,Nimbus,T9X,Nimbus T9X,30.8,attribute,powertrain,drive_type,Drive Type,outboard,,0.94,1,-alL7nAJBbA;wqTTon-yi9w,...have a hot water cylinder that's fantastic that's great for an outboard boat because you don't often see that we've got access...,
nimbus t9x,Nimbus,T9X,Nimbus T9X,30.8,attribute,character,dry_ride,Dry Ride,true,,0.87,1,-alL7nAJBbA;wqTTon-yi9w,experience what that does for you offshore because tell you what this thing is a dry ride we had up to 20,
nimbus t9x,Nimbus,T9X,Nimbus T9X,30.8,attribute,powertrain,engine_count,Engine Count,2 count,count,0.93,1,-alL7nAJBbA;wqTTon-yi9w,...fives i do see some people maybe desiring that that because twin engine redundancy if you sort of person who wants to...,
nimbus t9x,Nimbus,T9X,Nimbus T9X,30.8,attribute,powertrain,engine_power_hp,Engine Power Hp,300 hp,hp,0.89,2,-alL7nAJBbA;wqTTon-yi9w,...the boat so she's 2800 kilograms empty and i've got a 300 horsepower mercury v8 that's a naturally aspirated i've loved love...,
nimbus t9x,Nimbus,T9X,Nimbus T9X,30.8,attribute,mission,offshore_capable,Offshore Capable,true,,0.88,1,-alL7nAJBbA;wqTTon-yi9w,...sitting back there you're going upwind into what is now some offshore conditions i've buried the nose a little bit to smooth...,
nimbus t9x,Nimbus,T9X,Nimbus T9X,30.8,attribute,mission,overnight_capable,Overnight Capable,true,,0.86,1,-alL7nAJBbA;wqTTon-yi9w,a a boat that you can overnight is the ventilation so this whole hatch here,
nimbus t9x,Nimbus,T9X,Nimbus T9X,30.8,attribute,character,premium_styling,Premium Styling,true,,0.82,2,-alL7nAJBbA;wqTTon-yi9w,...is special this is the exhibition so this has got the sexy t-top this has got the timber flooring this upholstery is...,
nimbus w11,Nimbus,W11,Nimbus W11,40.7,category,category,luxury-med-day-boat,Luxury Med Day Boat,true,,0.96,1,ovN1byMhgqE;BTSQvDo-bqY,...it's a possible replacement for all of the sports Cruisers the luxury day boats and quite substantial flybridge mots if you're someone...,
nimbus w11,Nimbus,W11,Nimbus W11,40.7,category,category,sports-cruiser,Sports Cruiser,true,,0.97,1,ovN1byMhgqE;BTSQvDo-bqY,...in my opinion it's a possible replacement for all of the sports Cruisers the luxury day boats and quite substantial flybridge mots...,
nimbus w11,Nimbus,W11,Nimbus W11,40.7,category,category,walkaround-day-boat,Walkaround Day Boat,true,,0.87,1,ovN1byMhgqE;BTSQvDo-bqY,...a possible replacement for all of the sports Cruisers the luxury day boats and quite substantial flybridge mots if you're someone that...,
nimbus w11,Nimbus,W11,Nimbus W11,40.7,attribute,dimensions,length_feet,Length Feet,40.7 ft,ft,0.937,0,ovN1byMhgqE;BTSQvDo-bqY,,
nimbus w11,Nimbus,W11,Nimbus W11,40.7,attribute,comfort,air_conditioning,Air Conditioning,true,,0.92,3,ovN1byMhgqE;BTSQvDo-bqY,...just great best seat in the house you'll notice we have air conditioning so we got the Gen set we got air...,
nimbus w11,Nimbus,W11,Nimbus W11,40.7,attribute,handling,bow_thruster,Bow Thruster,true,,0.96,1,ovN1byMhgqE;BTSQvDo-bqY,...allows you to do B Thruster I've got my key starts my my bow thruster operation like they do on all nimbuses,
nimbus w11,Nimbus,W11,Nimbus W11,40.7,attribute,accommodation,cabins,Cabins,2 count,count,0.93,2,ovN1byMhgqE;BTSQvDo-bqY,...boards and the amount of space we have available to us two cabins toilet and a shower um I suspect many of...,
nimbus w11,Nimbus,W11,Nimbus W11,40.7,attribute,performance,cruise_speed_knots,Cruise Speed Knots,24 kn,kn,0.93,1,ovN1byMhgqE;BTSQvDo-bqY,"here 4,600 I've settled in to a cruise speed of 24 knots at 4,600 revs about",
nimbus w11,Nimbus,W11,Nimbus W11,40.7,attribute,powertrain,drive_type,Drive Type,ips-pod,,0.96,1,ovN1byMhgqE;BTSQvDo-bqY,...experience on uh a bigger motor yacht of Shaft or an IPS drive and you can do those Sprints very comfortably at...,multiple_values_review
nimbus w11,Nimbus,W11,Nimbus W11,40.7,attribute,powertrain,drive_type,Drive Type,shaft,,0.95,1,ovN1byMhgqE;BTSQvDo-bqY,to okay coming back to our 23 knots again this is where it's replicating like a big diesel shaft drive okay 20,multiple_values_review
nimbus w11,Nimbus,W11,Nimbus W11,40.7,attribute,performance,max_observed_speed_knots,Max Observed Speed Knots,40 kn,kn,0.89,1,ovN1byMhgqE;BTSQvDo-bqY,...are done with zippers so it ain't going nowhere when you're doing 40 knots but uh if you need to remove it...,
nimbus w11,Nimbus,W11,Nimbus W11,40.7,attribute,mission,overnight_capable,Overnight Capable,true,,0.86,1,ovN1byMhgqE;BTSQvDo-bqY,...the cabin if there's two of you or two couples staying overnight and you want some privacy so just put the camera...,
nimbus w9,Nimbus,W9,Nimbus W9,30.8,category,category,sports-cruiser,Sports Cruiser,true,,0.99,2,4PfaTYL6JH4;nflgFZvaVOM,...if you are someone who traditionally would have focused on a sports cruiser or if you've had a sports cruiser i.e inboard...,
nimbus w9,Nimbus,W9,Nimbus W9,30.8,category,category,weekender-commuter,Weekender Commuter,true,,0.91,1,4PfaTYL6JH4;nflgFZvaVOM,...drop up and down as well but then obviously you want to prepare lunch and this being the weekender it's not just,
nimbus w9,Nimbus,W9,Nimbus W9,30.8,attribute,dimensions,length_feet,Length Feet,30.8 ft,ft,0.937,0,4PfaTYL6JH4;nflgFZvaVOM,,
nimbus w9,Nimbus,W9,Nimbus W9,30.8,attribute,handling,bow_thruster,Bow Thruster,true,,0.96,1,4PfaTYL6JH4;nflgFZvaVOM,...or mobile phones this is a remote controller for your anchor but that will also link into the bow thruster if you,
nimbus w9,Nimbus,W9,Nimbus W9,30.8,attribute,powertrain,drive_type,Drive Type,sterndrive,,0.94,1,4PfaTYL6JH4;nflgFZvaVOM,...or if you've had a sports cruiser i.e inboard stern driver stern drive i should say this is a really really good...,
nimbus w9,Nimbus,W9,Nimbus W9,30.8,attribute,accommodation,galley,Galley,true,,0.9,1,4PfaTYL6JH4;nflgFZvaVOM,holders similar size what we saw in the galley forward nice suede finish here compass and another little place just to throw...,
nimbus w9,Nimbus,W9,Nimbus W9,30.8,attribute,handling,joystick_control,Joystick Control,true,,0.94,1,4PfaTYL6JH4;nflgFZvaVOM,off and the joystick control bilge anchor navigation horn wiper wiper wiper wash auxiliary this is the mercury,
nimbus w9,Nimbus,W9,Nimbus W9,30.8,attribute,performance,max_observed_speed_knots,Max Observed Speed Knots,15 kn,kn,0.89,1,4PfaTYL6JH4;nflgFZvaVOM,...roof too right so what speeds are we doing there now doing 15 knots 15 knots and what reds 3 800 3...,
nimbus w9,Nimbus,W9,Nimbus W9,30.8,attribute,weather,opening_sunroof,Opening Sunroof,true,,0.93,1,4PfaTYL6JH4;nflgFZvaVOM,...epic shade but we've also got ventilation and it is an opening roof too right so what speeds are we doing there...,
nordhavn n68,Nordhavn,N68 HERES everything,Nordhavn N68 HERES everything,68.0,category,category,sports-cruiser,Sports Cruiser,true,,0.97,1,5YrTcFlBOe4;uBxt0KRivLU,...the systems. &gt;&gt; Yep. &gt;&gt; I noted a couple of 50-ft sports cruisers went by on the plane um putting up off...,
nordhavn n68,Nordhavn,N68 HERES everything,Nordhavn N68 HERES everything,68.0,category,category,walkaround-day-boat,Walkaround Day Boat,true,,0.89,5,5YrTcFlBOe4;uBxt0KRivLU,"more of a day boat focus. So, yes, this",
nordhavn n68,Nordhavn,N68 HERES everything,Nordhavn N68 HERES everything,68.0,attribute,dimensions,length_feet,Length Feet,68 ft,ft,0.937,0,5YrTcFlBOe4;uBxt0KRivLU,,
nordhavn n68,Nordhavn,N68 HERES everything,Nordhavn N68 HERES everything,68.0,attribute,comfort,air_conditioning,Air Conditioning,true,,0.92,3,5YrTcFlBOe4;uBxt0KRivLU,"...Okay, perfect. So, just keep flicking everything on. &gt;&gt; And then air con, we'll just set a few of them up. We're...",
nordhavn n68,Nordhavn,N68 HERES everything,Nordhavn N68 HERES everything,68.0,attribute,handling,bow_thruster,Bow Thruster,true,,0.96,2,5YrTcFlBOe4;uBxt0KRivLU,"...&gt;&gt; Um and then you can adjust accordingly. So, I went full full power on the bow thruster maybe once or twice",
nordhavn n68,Nordhavn,N68 HERES everything,Nordhavn N68 HERES everything,68.0,attribute,performance,cruise_speed_knots,Cruise Speed Knots,7.5 kn,kn,0.93,2,5YrTcFlBOe4;uBxt0KRivLU,because you're cruising at 7 knots on,
nordhavn n68,Nordhavn,N68 HERES everything,Nordhavn N68 HERES everything,68.0,attribute,powertrain,drive_type,Drive Type,shaft,,0.95,1,5YrTcFlBOe4;uBxt0KRivLU,shaft drive 425 horsepower. Sorry about,
nordhavn n68,Nordhavn,N68 HERES everything,Nordhavn N68 HERES everything,68.0,attribute,powertrain,engine_count,Engine Count,1 count,count,0.93,1,5YrTcFlBOe4;uBxt0KRivLU,"...of inertia as well. So, everything's going to be moving a lot slower. Single engine, obviously, so maneuvering's a little bit different.",
nordhavn n68,Nordhavn,N68 HERES everything,Nordhavn N68 HERES everything,68.0,attribute,powertrain,engine_power_hp,Engine Power Hp,425 hp,hp,0.91,3,5YrTcFlBOe4;uBxt0KRivLU,shaft drive 425 horsepower. Sorry about,
nordhavn n68,Nordhavn,N68 HERES everything,Nordhavn N68 HERES everything,68.0,attribute,mission,fishing_suitable,Fishing Suitable,true,,0.88,1,5YrTcFlBOe4;uBxt0KRivLU,"fishing rods, that sort of stuff. So,",
nordhavn n68,Nordhavn,N68 HERES everything,Nordhavn N68 HERES everything,68.0,attribute,capacity,fuel_capacity_l,Fuel Capacity L,55 L,L,0.93,3,5YrTcFlBOe4;uBxt0KRivLU,"...going to feel familiar to you. So, I'm seeing 29 to 30 L fuel rate at the moment at 1,400 rpm. We're...",
nordhavn n68,Nordhavn,N68 HERES everything,Nordhavn N68 HERES everything,68.0,attribute,accommodation,galley,Galley,true,,0.9,5,5YrTcFlBOe4;uBxt0KRivLU,downstairs to the galley to grab a,
nordhavn n68,Nordhavn,N68 HERES everything,Nordhavn N68 HERES everything,68.0,attribute,systems,generator,Generator,configuration-dependent,,0.81,5,5YrTcFlBOe4;uBxt0KRivLU,"...overload and trip the shore power, but once we turn the generator on and start moving, we can flick everything on and...",configuration_dependent
nordhavn n68,Nordhavn,N68 HERES everything,Nordhavn N68 HERES everything,68.0,attribute,weather,hardtop,Hardtop,true,,0.92,1,5YrTcFlBOe4;uBxt0KRivLU,"...Essentially, it's just a lovely place to be. I like the fixed hardtop up above for our part of the world for...",
nordhavn n68,Nordhavn,N68 HERES everything,Nordhavn N68 HERES everything,68.0,attribute,hull,hull_form,Hull Form,rib,,0.95,1,5YrTcFlBOe4;uBxt0KRivLU,"...boys, from that boat. And here we go. That was a Rib 4000 offshore. And you know what? Wait. That's manageable. I...",
nordhavn n68,Nordhavn,N68 HERES everything,Nordhavn N68 HERES everything,68.0,attribute,mission,long_range_suitable,Long Range Suitable,true,,0.91,1,5YrTcFlBOe4;uBxt0KRivLU,"...missions we would apply it to this boat. Obviously, it's a long range, but she just sits so solid and happy. &gt;&gt;...",
nordhavn n68,Nordhavn,N68 HERES everything,Nordhavn N68 HERES everything,68.0,attribute,accommodation,separate_shower,Separate Shower,true,,0.94,1,5YrTcFlBOe4;uBxt0KRivLU,because we have the separate shower,
nordhavn n68,Nordhavn,N68 HERES everything,Nordhavn N68 HERES everything,68.0,attribute,systems,solar,Solar,true,,0.94,1,5YrTcFlBOe4;uBxt0KRivLU,"solar array array, we've got multiple",
nordhavn n68,Nordhavn,N68 HERES everything,Nordhavn N68 HERES everything,68.0,attribute,handling,stern_thruster,Stern Thruster,true,,0.96,5,5YrTcFlBOe4;uBxt0KRivLU,"I just noticed when we're doing the stern thruster test there, it does sometimes can get air in in the tube just...",
nordhavn n68,Nordhavn,N68 HERES everything,Nordhavn N68 HERES everything,68.0,attribute,systems,watermaker,Watermaker,true,,0.96,2,5YrTcFlBOe4;uBxt0KRivLU,desalination system. We're actually,
ocean alexander 45,Ocean Alexander,divergence 45,Ocean Alexander divergence 45,45.0,category,category,luxury-med-day-boat,Luxury Med Day Boat,true,,0.96,1,NFMPhmfB2yE;kZP3jQ-WYeQ,luxury day boat and i've been on a lot of the big mid day boats uh or med style day boats before...,
ocean alexander 45,Ocean Alexander,divergence 45,Ocean Alexander divergence 45,45.0,category,category,walkaround-day-boat,Walkaround Day Boat,true,,0.89,5,NFMPhmfB2yE;kZP3jQ-WYeQ,...um absolutely an alternative to a support vessel the most epic day boat that you can possibly find in the australian market...,
ocean alexander 45,Ocean Alexander,divergence 45,Ocean Alexander divergence 45,45.0,attribute,dimensions,length_feet,Length Feet,45 ft,ft,0.937,0,NFMPhmfB2yE;kZP3jQ-WYeQ,,
ocean alexander 45,Ocean Alexander,divergence 45,Ocean Alexander divergence 45,45.0,attribute,comfort,air_conditioning,Air Conditioning,true,,0.92,4,NFMPhmfB2yE;kZP3jQ-WYeQ,...so you can do battery charging and run your other systems like your aircon on the boat as well at all times,
ocean alexander 45,Ocean Alexander,divergence 45,Ocean Alexander divergence 45,45.0,attribute,handling,bow_thruster,Bow Thruster,true,,0.96,1,NFMPhmfB2yE;kZP3jQ-WYeQ,...my trim tabs just here i'm going to be using those bow thruster and i've also got the mercury joystick and sky...,
ocean alexander 45,Ocean Alexander,divergence 45,Ocean Alexander divergence 45,45.0,attribute,dimensions,displacement_kg,Displacement Kg,4000 kg,kg,0.93,2,NFMPhmfB2yE;kZP3jQ-WYeQ,...to take that into into account if you're coming from a 30-foot support boat which weighs four tons you know this is,
ocean alexander 45,Ocean Alexander,divergence 45,Ocean Alexander divergence 45,45.0,attribute,powertrain,drive_type,Drive Type,outboard,,0.96,4,NFMPhmfB2yE;kZP3jQ-WYeQ,there's an outboard boat so it's pretty hard to hide and i tell you what you really do feel like you're dominating...,
ocean alexander 45,Ocean Alexander,divergence 45,Ocean Alexander divergence 45,45.0,attribute,powertrain,engine_count,Engine Count,2 count,count,0.93,1,NFMPhmfB2yE;kZP3jQ-WYeQ,so if you're used to a twin engine boat you'll be fine with a quad rig now just here we've got the...,
ocean alexander 45,Ocean Alexander,divergence 45,Ocean Alexander divergence 45,45.0,attribute,mission,family_suitable,Family Suitable,true,,0.85,1,NFMPhmfB2yE;kZP3jQ-WYeQ,...crew running the boat or if you're just going out for a family day to have those zones where people can relax,
ocean alexander 45,Ocean Alexander,divergence 45,Ocean Alexander divergence 45,45.0,attribute,accommodation,galley,Galley,true,,0.9,2,NFMPhmfB2yE;kZP3jQ-WYeQ,speak you pop up this real carbon fiber lid and you expose this beautiful galley,
ocean alexander 45,Ocean Alexander,divergence 45,Ocean Alexander divergence 45,45.0,attribute,systems,generator,Generator,true,,0.93,1,NFMPhmfB2yE;kZP3jQ-WYeQ,we looking at generator just here gyro centrally mounted fireboy system 4 to that some,
ocean alexander 45,Ocean Alexander,divergence 45,Ocean Alexander divergence 45,45.0,attribute,performance,max_observed_speed_knots,Max Observed Speed Knots,12 kn,kn,0.89,2,NFMPhmfB2yE;kZP3jQ-WYeQ,...had before and we'll just speed her up i'm going into it just gently just doing about 12 knots at the moment,
omikron ot60,Omikron,OT 60,Omikron OT 60,60.0,category,category,power-catamaran,Power Catamaran,true,,0.97,2,h_UWIp8cpjA;0f_C5HHcN84,"considering or or got power catamaran experience and also those of you looking at trollers or even other luxury boats,",
omikron ot60,Omikron,OT 60,Omikron OT 60,60.0,category,category,walkaround-day-boat,Walkaround Day Boat,true,,0.87,2,h_UWIp8cpjA;0f_C5HHcN84,"a day boat. You really get these superyacht vibes out the back here with this space. So, from an operational perspective,",
omikron ot60,Omikron,OT 60,Omikron OT 60,60.0,category,category,weekender-commuter,Weekender Commuter,true,,0.91,1,h_UWIp8cpjA;0f_C5HHcN84,"Mediterranean doing long trips should you wish. But she's also just totally fine and perfect as a a long weekender,",
omikron ot60,Omikron,OT 60,Omikron OT 60,60.0,attribute,dimensions,length_feet,Length Feet,60 ft,ft,0.99,0,h_UWIp8cpjA;0f_C5HHcN84,,
omikron ot60,Omikron,OT 60,Omikron OT 60,60.0,attribute,comfort,air_conditioning,Air Conditioning,true,,0.92,5,h_UWIp8cpjA;0f_C5HHcN84,air conditioning on cuz it is a beautifully warm day today. It's going to get really hot a little bit later. Uh...,
omikron ot60,Omikron,OT 60,Omikron OT 60,60.0,attribute,access,beach_club,Beach Club,true,,0.97,3,h_UWIp8cpjA;0f_C5HHcN84,"...dabbit lift. So, this is your tender storage. So, it's a beach club, it's tender storage, it's a David lift, and it's...",
omikron ot60,Omikron,OT 60,Omikron OT 60,60.0,attribute,handling,bow_thruster,Bow Thruster,true,,0.96,5,h_UWIp8cpjA;0f_C5HHcN84,...a stern thruster in that keel all the way down the back. And the bow thruster is is mounted in a nice,
omikron ot60,Omikron,OT 60,Omikron OT 60,60.0,attribute,accommodation,cabins,Cabins,4 count,count,0.93,5,h_UWIp8cpjA;0f_C5HHcN84,"...couple of different layouts. So, this particular one has got the three cabins. We'll get to that later in the video. But,...",
omikron ot60,Omikron,OT 60,Omikron OT 60,60.0,attribute,accommodation,crew_cabin,Crew Cabin,true,,0.96,1,h_UWIp8cpjA;0f_C5HHcN84,...happily towards that that sort of cruising. In here is a crew cabin/sto area. So if you went for the four cabin...,
omikron ot60,Omikron,OT 60,Omikron OT 60,60.0,attribute,performance,cruise_speed_knots,Cruise Speed Knots,10 kn,kn,0.95,4,h_UWIp8cpjA;0f_C5HHcN84,"...can option it up to 370. And you got an optimum cruising speed for range at 8 knots, but you can also...",
omikron ot60,Omikron,OT 60,Omikron OT 60,60.0,attribute,dimensions,draft_feet,Draft Feet,2 ft,ft,0.93,1,h_UWIp8cpjA;0f_C5HHcN84,"...uh things that I observed that I liked. We got shallow draft. Okay, we got 0.9 cm 2 and 1/2 ft worth...",
omikron ot60,Omikron,OT 60,Omikron OT 60,60.0,attribute,powertrain,drive_type,Drive Type,shaft,,0.95,2,h_UWIp8cpjA;0f_C5HHcN84,"...super efficient through the water, designed to be run by small shaft drive diesel motors from 150 horsepower. This one's got the...",
omikron ot60,Omikron,OT 60,Omikron OT 60,60.0,attribute,powertrain,engine_power_hp,Engine Power Hp,150 hp,hp,0.89,1,h_UWIp8cpjA;0f_C5HHcN84,...designed to be run by small shaft drive diesel motors from 150 horsepower. This one's got the 250. You can option it...,
omikron ot60,Omikron,OT 60,Omikron OT 60,60.0,attribute,accommodation,galley,Galley,true,,0.9,2,h_UWIp8cpjA;0f_C5HHcN84,"...override. So redundancy, it is the theme on this boat. So we'll move from here. We'll go straight into the galley and",
omikron ot60,Omikron,OT 60,Omikron OT 60,60.0,attribute,systems,generator,Generator,true,,0.93,1,h_UWIp8cpjA;0f_C5HHcN84,"...This is all your manual switching here. This is all your generator, engine batteries, and your parallels are done from here. 12vt,...",
omikron ot60,Omikron,OT 60,Omikron OT 60,60.0,attribute,mission,great_loop_relevant,Great Loop Relevant,true,,0.94,1,h_UWIp8cpjA;0f_C5HHcN84,"including the VHF aerial. So, for those of you thinking great loop, yes, I think this would be an awesome boat for...",
omikron ot60,Omikron,OT 60,Omikron OT 60,60.0,attribute,hull,hull_form,Hull Form,power-catamaran,,0.96,2,h_UWIp8cpjA;0f_C5HHcN84,"considering or or got power catamaran experience and also those of you looking at trollers or even other luxury boats,",
omikron ot60,Omikron,OT 60,Omikron OT 60,60.0,attribute,performance,max_observed_speed_knots,Max Observed Speed Knots,8 kn,kn,0.89,1,h_UWIp8cpjA;0f_C5HHcN84,"and you're doing eight knots in idle forward. Um, that can take a little bit of getting used to uh from a...",numeric_sanity_review
omikron ot60,Omikron,OT 60,Omikron OT 60,60.0,attribute,accommodation,separate_shower,Separate Shower,true,,0.94,2,h_UWIp8cpjA;0f_C5HHcN84,"...master. So, it's lovely. We've got tower racks, opening ports, really, really nice plush vanity. And then we've got separate shower in",
omikron ot60,Omikron,OT 60,Omikron OT 60,60.0,attribute,handling,stern_thruster,Stern Thruster,configuration-dependent,,0.84,5,h_UWIp8cpjA;0f_C5HHcN84,You can even have a stern thruster in that keel all the way down the back. And the bow thruster is is...,configuration_dependent
omikron ot60,Omikron,OT 60,Omikron OT 60,60.0,attribute,capacity,water_capacity_l,Water Capacity L,600 L,L,0.93,1,h_UWIp8cpjA;0f_C5HHcN84,"...midshipips, boarding gates, water in just there. 1,200 L of diesel, 600 L of water. Can fit a water maker. I saw...",
omikron ot60,Omikron,OT 60,Omikron OT 60,60.0,attribute,systems,watermaker,Watermaker,true,,0.96,3,h_UWIp8cpjA;0f_C5HHcN84,"...110 depending on what part of the world you are. A water maker, generator operation, all your other systems can be down...",
omikron ot60,Omikron,OT 60,Omikron OT 60,60.0,attribute,mission,watersports_suitable,Watersports Suitable,true,,0.87,1,h_UWIp8cpjA;0f_C5HHcN84,...just having this transom alone being multi-functional beach club tender storage diving platform tend to davit DJ decks and party scene if...,
oryx 379,Oryx,379 YACHT,Oryx 379 YACHT,37.9,category,category,walkaround-day-boat,Walkaround Day Boat,true,,0.87,5,hkXasobdqDM,how was this sun oh my god it's day boat season i love it whoever designed the helm was thinking,
oryx 379,Oryx,379 YACHT,Oryx 379 YACHT,37.9,attribute,dimensions,length_feet,Length Feet,37.9 ft,ft,0.937,0,hkXasobdqDM,,
oryx 379,Oryx,379 YACHT,Oryx 379 YACHT,37.9,attribute,comfort,air_conditioning,Air Conditioning,true,,0.92,3,hkXasobdqDM,...because this table it's quite large so you know you've got down lighting you've got air conditioning from there you've got mood,
oryx 379,Oryx,379 YACHT,Oryx 379 YACHT,37.9,attribute,powertrain,drive_type,Drive Type,outboard,,0.94,2,hkXasobdqDM,through to the end of the video outboard powered so just so you know um the oryx this is not their first...,
oryx 379,Oryx,379 YACHT,Oryx 379 YACHT,37.9,attribute,accommodation,galley,Galley,true,,0.9,2,hkXasobdqDM,look at the let's have a look at the galley so you go back there a little bit and try and get...,
oryx 379,Oryx,379 YACHT,Oryx 379 YACHT,37.9,attribute,systems,generator,Generator,true,,0.93,4,hkXasobdqDM,has a diesel generator centrally mounted it's in the equipment room we'll get to that at the end of the video but...,
oryx 379,Oryx,379 YACHT,Oryx 379 YACHT,37.9,attribute,systems,gyro_stabiliser,Gyro Stabiliser,true,,0.96,2,hkXasobdqDM,there we go so okay that's enough so yeah gyro stabilizer if you're what you,
oryx 379,Oryx,379 YACHT,Oryx 379 YACHT,37.9,attribute,weather,hardtop,Hardtop,true,,0.92,1,hkXasobdqDM,spreader hard top deck trim tabs deck wash fresh water engine room lights uh injury blower lights uh forward bilge,
oryx 379,Oryx,379 YACHT,Oryx 379 YACHT,37.9,attribute,mission,overnight_capable,Overnight Capable,true,,0.86,1,hkXasobdqDM,...and some soft furnishings so you could be really comfy in here and there's a curtain if someone was sleeping on that,
oryx 379,Oryx,379 YACHT,Oryx 379 YACHT,37.9,attribute,capacity,water_capacity_l,Water Capacity L,40 L,L,0.93,1,hkXasobdqDM,average water tank i'm going to say that's 40 liters plus power battery distribution on the back,
parker 100,Parker,Sorrento 100,Parker Sorrento 100,34.38,category,category,bowrider-runabout,Bowrider Runabout,true,,0.95,1,zDqJ6ESgvLc,of space and then see here I'm I'm on the bow Rider Sun Lounge uh but underneath me there's a,
parker 100,Parker,Sorrento 100,Parker Sorrento 100,34.38,category,category,sports-cruiser,Sports Cruiser,true,,0.97,1,zDqJ6ESgvLc,...is a much much better option than what we traditionally had available to us in the sports Cruiser Market which was inboard,
parker 100,Parker,Sorrento 100,Parker Sorrento 100,34.38,attribute,dimensions,length_feet,Length Feet,34.38 ft,ft,0.99,0,zDqJ6ESgvLc,,
parker 100,Parker,Sorrento 100,Parker Sorrento 100,34.38,attribute,comfort,air_conditioning,Air Conditioning,true,,0.92,3,zDqJ6ESgvLc,up to your whe it's air condition you still have the reverse cycle air conditioning and remember that space for,
parker 100,Parker,Sorrento 100,Parker Sorrento 100,34.38,attribute,accommodation,berths,Berths,6 count,count,0.93,1,zDqJ6ESgvLc,sleep six people on this design so that's that's pretty cool and they have even Incorporated some air steps into,
parker 100,Parker,Sorrento 100,Parker Sorrento 100,34.38,attribute,accommodation,cabins,Cabins,1 count,count,0.93,1,zDqJ6ESgvLc,wonderful cabin but not only is there one cabin up at the bow there's a second cabin down the back of the...,
parker 100,Parker,Sorrento 100,Parker Sorrento 100,34.38,attribute,powertrain,drive_type,Drive Type,outboard,,0.94,3,zDqJ6ESgvLc,...and how fast we can go which is plenty quick with these twin 300 V8 Outboards so that's my first point we're,multiple_values_review
parker 100,Parker,Sorrento 100,Parker Sorrento 100,34.38,attribute,powertrain,drive_type,Drive Type,sterndrive,,0.94,1,zDqJ6ESgvLc,Stern drives and you can go up to Twin 350s this thing is very very quick with the standard Motors next thing...,multiple_values_review
parker 100,Parker,Sorrento 100,Parker Sorrento 100,34.38,attribute,mission,fishing_suitable,Fishing Suitable,true,,0.88,1,zDqJ6ESgvLc,hanging Locker just in here it's got a fishing rod in it at the moment um you know it's fine it's it...,
parker 100,Parker,Sorrento 100,Parker Sorrento 100,34.38,attribute,mission,overnight_capable,Overnight Capable,true,,0.86,1,zDqJ6ESgvLc,wonderful day boating probably up to 10 people Max uh but some very comfortable overnighting with you and a partner two,
parker 100,Parker,Sorrento 100,Parker Sorrento 100,34.38,attribute,accommodation,separate_shower,Separate Shower,true,,0.94,1,zDqJ6ESgvLc,...what do you expect on a boat of this size what it does have is a separate shower which is another great,
pearl 72,Pearl,72,Pearl 72,72.0,category,category,walkaround-day-boat,Walkaround Day Boat,true,,0.87,1,VRbfNR28Aaw;tjNEa1CccvY,to do the Sydney day boat scene and take up to the with Sundays and also,
pearl 72,Pearl,72,Pearl 72,72.0,attribute,dimensions,length_feet,Length Feet,72 ft,ft,0.937,0,VRbfNR28Aaw;tjNEa1CccvY,,
pearl 72,Pearl,72,Pearl 72,72.0,attribute,comfort,air_conditioning,Air Conditioning,true,,0.92,5,VRbfNR28Aaw;tjNEa1CccvY,so all the way along here I assume in here I'm not sure I've got some air conditioning lights stereo,
pearl 72,Pearl,72,Pearl 72,72.0,attribute,access,beach_club,Beach Club,true,,0.97,1,VRbfNR28Aaw;tjNEa1CccvY,...up this massive door here and it's got a bit of Beach Club Vibes as well yeah you can kind of get...,
pearl 72,Pearl,72,Pearl 72,72.0,attribute,accommodation,crew_cabin,Crew Cabin,true,,0.96,5,VRbfNR28Aaw;tjNEa1CccvY,she's got a crew cabin and she has four double cabins with ensues the master is amazing wait till you see that...,
pearl 72,Pearl,72,Pearl 72,72.0,attribute,performance,cruise_speed_knots,Cruise Speed Knots,11 kn,kn,0.93,1,VRbfNR28Aaw;tjNEa1CccvY,...but let's just see what we can do at a regular cruising speed so I'm now doing 11 knots I've got uh...,
pearl 72,Pearl,72,Pearl 72,72.0,attribute,powertrain,drive_type,Drive Type,outboard,,0.94,1,VRbfNR28Aaw;tjNEa1CccvY,...because you have that Epic tender garage so what do you do on the outboard side of the motors you do have,
pearl 72,Pearl,72,Pearl 72,72.0,attribute,access,folding_balconies,Folding Balconies,true,,0.94,2,VRbfNR28Aaw;tjNEa1CccvY,they couldn't work out before are actually these beautiful drop down Terraces which kind of hide away because they're,
pearl 72,Pearl,72,Pearl 72,72.0,attribute,capacity,fuel_capacity_l,Fuel Capacity L,200 L,L,0.93,1,VRbfNR28Aaw;tjNEa1CccvY,uh fuel capacity I think I read it was at 4 200 liters I'll put it in the uh description below in...,
pearl 72,Pearl,72,Pearl 72,72.0,attribute,accommodation,galley,Galley,true,,0.9,2,VRbfNR28Aaw;tjNEa1CccvY,galley because it's it's an Entertainer's Galley this one but it's also a breakfast bar look at the amount,
pearl 72,Pearl,72,Pearl 72,72.0,attribute,performance,max_observed_speed_knots,Max Observed Speed Knots,11 kn,kn,0.89,1,VRbfNR28Aaw;tjNEa1CccvY,...let's just see what we can do at a regular cruising speed so I'm now doing 11 knots I've got uh 60,
pearl 72,Pearl,72,Pearl 72,72.0,attribute,mission,offshore_capable,Offshore Capable,true,,0.88,1,VRbfNR28Aaw;tjNEa1CccvY,...side it's quite impressive just look at that look at the Blue Water too I'll tell you what guys if you haven't...,
pearl 72,Pearl,72,Pearl 72,72.0,attribute,accommodation,separate_shower,Separate Shower,true,,0.94,2,VRbfNR28Aaw;tjNEa1CccvY,but there is a sink in here because check out the loo and the proper stand up separate shower,
pearl 72,Pearl,72,Pearl 72,72.0,attribute,storage,tender_garage,Tender Garage,true,,0.96,5,VRbfNR28Aaw;tjNEa1CccvY,pretty good and we have a large tender garage underneath here so you actually have facility for a tender and a jet...,
pearl 95,Pearl,95,Pearl 95,95.0,category,category,power-catamaran,Power Catamaran,true,,0.95,1,ANP3fbBA8fA,what's good about that is you know there's lots of power catamarans coming into the market right now they're cool but look...,
pearl 95,Pearl,95,Pearl 95,95.0,category,category,walkaround-day-boat,Walkaround Day Boat,true,,0.87,2,ANP3fbBA8fA,...once you've done your med season ship it home to Sydney do your awesome Sydney Harbor Day boat thing take it to,
pearl 95,Pearl,95,Pearl 95,95.0,attribute,dimensions,length_feet,Length Feet,95 ft,ft,0.937,0,ANP3fbBA8fA,,
pearl 95,Pearl,95,Pearl 95,95.0,attribute,comfort,air_conditioning,Air Conditioning,true,,0.92,1,ANP3fbBA8fA,...and then we have drawers underneath both beds all of our air conditioning and lighting is controlled individually in each cabin and...,
pearl 95,Pearl,95,Pearl 95,95.0,attribute,access,beach_club,Beach Club,true,,0.97,2,ANP3fbBA8fA,...so come on down this is cool this this is real Beach Club Vibes um there is a carbon fiber standup shower...,
pearl 95,Pearl,95,Pearl 95,95.0,attribute,performance,cruise_speed_knots,Cruise Speed Knots,18 kn,kn,0.93,1,ANP3fbBA8fA,...knot top speed at wideopen throttle on this boat and an 18 knot Cruise you can do 380 nautical miles at that...,
pearl 95,Pearl,95,Pearl 95,95.0,attribute,powertrain,engine_power_hp,Engine Power Hp,600 hp,hp,0.89,3,ANP3fbBA8fA,"...it to you because V drive shaft beautiful big Mt got 2,400 horsepower on this boat she would be a lot of...",
pearl 95,Pearl,95,Pearl 95,95.0,attribute,accommodation,galley,Galley,true,,0.9,3,ANP3fbBA8fA,...up that side the port side is to the crew and Galley uh but we're going to go starboard first we check...,
pearl 95,Pearl,95,Pearl 95,95.0,attribute,hull,hull_form,Hull Form,power-catamaran,,0.94,1,ANP3fbBA8fA,...set up for monoh Hol so if you got a big Power cat and you want that extra beam you're paying for...,
pearl 95,Pearl,95,Pearl 95,95.0,attribute,performance,max_observed_speed_knots,Max Observed Speed Knots,10 kn,kn,0.89,1,ANP3fbBA8fA,...with the stabilizer on and a cup of coffee whilst you're doing 10 knots to sand trape you can or if you...,
pearl 95,Pearl,95,Pearl 95,95.0,attribute,accommodation,separate_shower,Separate Shower,true,,0.94,1,ANP3fbBA8fA,...toilet just have a quick look in there and your own separate shower plus a TV everything's air conditioned they've got all...,
pearl 95,Pearl,95,Pearl 95,95.0,attribute,performance,top_speed_knots,Top Speed Knots,18 kn,kn,0.93,1,ANP3fbBA8fA,...range I'm on the Pearl 95 we got a 28 knot top speed at wideopen throttle on this boat and an 18...,
pearl 95,Pearl,95,Pearl 95,95.0,attribute,systems,watermaker,Watermaker,true,,0.96,1,ANP3fbBA8fA,...in there you can see our shore power we got our water maker we've got our other gen set just on Port...,
prestige 420s,Prestige,420S,Prestige 420S,42.0,category,category,flybridge-motor-yacht,Flybridge Motor Yacht,true,,0.94,1,9EmEA4hscaA;YEJ26YPVwXQ,the time it takes to prepping and then packing up a flybridge boat it's just more time you've got more covers you've...,
prestige 420s,Prestige,420S,Prestige 420S,42.0,category,category,walkaround-day-boat,Walkaround Day Boat,true,,0.87,1,9EmEA4hscaA;YEJ26YPVwXQ,done the fancy day boat now you want to spend weekends long lunches or have a floating holiday home second house for...,
prestige 420s,Prestige,420S,Prestige 420S,42.0,attribute,dimensions,length_feet,Length Feet,42 ft,ft,0.937,0,9EmEA4hscaA;YEJ26YPVwXQ,,
prestige 420s,Prestige,420S,Prestige 420S,42.0,attribute,comfort,air_conditioning,Air Conditioning,true,,0.92,5,9EmEA4hscaA;YEJ26YPVwXQ,...that's the remote anchor operation from the helm we've got an air conditioning outlet the vhf just here and the throttle base...,
prestige 420s,Prestige,420S,Prestige 420S,42.0,attribute,performance,cruise_speed_knots,Cruise Speed Knots,12 kn,kn,0.93,1,9EmEA4hscaA;YEJ26YPVwXQ,knots you definitely wouldn't cruise around at 12 knots in this boat because you're gonna make surf waves and piss people off...,
prestige 420s,Prestige,420S,Prestige 420S,42.0,attribute,powertrain,drive_type,Drive Type,ips-pod,,0.96,4,9EmEA4hscaA;YEJ26YPVwXQ,...42 foot size length anymore a lot of boats are going ips you still have a few stern drives working their way...,multiple_values_review
prestige 420s,Prestige,420S,Prestige 420S,42.0,attribute,powertrain,drive_type,Drive Type,outboard,,0.94,1,9EmEA4hscaA;YEJ26YPVwXQ,...you're coming through a smaller boat if you're coming from an outboard with power assisted steering or if you're coming from an...,multiple_values_review
prestige 420s,Prestige,420S,Prestige 420S,42.0,attribute,powertrain,drive_type,Drive Type,shaft,,0.97,5,9EmEA4hscaA;YEJ26YPVwXQ,...itself um it's worth talking about it because this is a shaft drive you don't always see shaft drives in boats around...,multiple_values_review
prestige 420s,Prestige,420S,Prestige 420S,42.0,attribute,powertrain,drive_type,Drive Type,sterndrive,,0.94,2,9EmEA4hscaA;YEJ26YPVwXQ,...lot of boats are going ips you still have a few stern drives working their way up into that size so we...,multiple_values_review
prestige 420s,Prestige,420S,Prestige 420S,42.0,attribute,character,dry_ride,Dry Ride,true,,0.87,2,9EmEA4hscaA;YEJ26YPVwXQ,...we've just cut our way through it's excellent visibility from seated position it's dry ride because the wash i can see the,
prestige 420s,Prestige,420S,Prestige 420S,42.0,attribute,powertrain,engine_power_hp,Engine Power Hp,425 hp,hp,0.89,1,9EmEA4hscaA;YEJ26YPVwXQ,so just rolling through a thousand and eleven hundred so 425 horsepower these are big torquey powerful diesels you will feel a...,
prestige 420s,Prestige,420S,Prestige 420S,42.0,attribute,mission,family_suitable,Family Suitable,true,,0.85,1,9EmEA4hscaA;YEJ26YPVwXQ,here so for the social boaters for the family boaters having a single level boat you've got a couple of benefits you've...,
prestige 420s,Prestige,420S,Prestige 420S,42.0,attribute,capacity,fuel_capacity_l,Fuel Capacity L,600 L,L,0.93,1,9EmEA4hscaA;YEJ26YPVwXQ,...full 80 how about the fuel okay so we've got about 600 liters of fuel and we've got half a tank of...,
prestige 420s,Prestige,420S,Prestige 420S,42.0,attribute,accommodation,galley,Galley,true,,0.9,5,9EmEA4hscaA;YEJ26YPVwXQ,...looks like you can do that um come in here follow me into the galley take my sunnies off now that i'm,
prestige 420s,Prestige,420S,Prestige 420S,42.0,attribute,systems,generator,Generator,true,,0.93,3,9EmEA4hscaA;YEJ26YPVwXQ,canyon hot plate so this is generator we have a generator at seven and a half kva power so this is all...,
prestige 420s,Prestige,420S,Prestige 420S,42.0,attribute,performance,max_observed_speed_knots,Max Observed Speed Knots,8 kn,kn,0.89,2,9EmEA4hscaA;YEJ26YPVwXQ,...on 900 revs i'm not making any wash and i'm currently doing 6.5 knots sog we don't have any tired here or...,numeric_sanity_review
prestige 420s,Prestige,420S,Prestige 420S,42.0,attribute,accommodation,separate_shower,Separate Shower,true,,0.94,2,9EmEA4hscaA;YEJ26YPVwXQ,separate shower and one thing which is a sensible use of space and worth noting in this particular version you can,
prestige m48,Prestige,M48,Prestige M48,48.0,category,category,power-catamaran,Power Catamaran,true,,0.95,3,_EmREu0Xnt8;2vsPPXpaRFk,beers with him but we've got this beautiful Prestige M48 the brand new power cat by Prestige and it's actually,
prestige m48,Prestige,M48,Prestige M48,48.0,category,category,walkaround-day-boat,Walkaround Day Boat,true,,0.87,1,_EmREu0Xnt8;2vsPPXpaRFk,maneuver whatsoever so if you were using it as a day boat function or in a day boat function you are going...,
prestige m48,Prestige,M48,Prestige M48,48.0,attribute,dimensions,length_feet,Length Feet,48 ft,ft,0.937,0,_EmREu0Xnt8;2vsPPXpaRFk,,
prestige m48,Prestige,M48,Prestige M48,48.0,attribute,comfort,air_conditioning,Air Conditioning,true,,0.85,1,_EmREu0Xnt8;2vsPPXpaRFk,...be fine doing a long passage sitting in here you've got air conditioning I'm comfortable I'm out of the sun I can...,
prestige m48,Prestige,M48,Prestige M48,48.0,attribute,accommodation,crew_cabin,Crew Cabin,true,,0.96,2,_EmREu0Xnt8;2vsPPXpaRFk,...there so but that's a proper so that's the crew toilet crew cabin on the port side crew toilet on the starboard...,
prestige m48,Prestige,M48,Prestige M48,48.0,attribute,powertrain,drive_type,Drive Type,outboard,,0.94,1,_EmREu0Xnt8;2vsPPXpaRFk,okay I might as well increase my outboard engine just to get us through this turn here,multiple_values_review
prestige m48,Prestige,M48,Prestige M48,48.0,attribute,powertrain,drive_type,Drive Type,shaft,,0.97,3,_EmREu0Xnt8;2vsPPXpaRFk,...fly bridge so we have um joystick that's quite interesting through shaft drives I've not really played around with these before if...,multiple_values_review
prestige m48,Prestige,M48,Prestige M48,48.0,attribute,powertrain,drive_type,Drive Type,sterndrive,,0.94,1,_EmREu0Xnt8;2vsPPXpaRFk,...shaft that's pretty simple I've got to say compared to the stern drives that's actually let me just test the other way...,comparison_context_review;multiple_values_review
prestige m48,Prestige,M48,Prestige M48,48.0,attribute,powertrain,engine_power_hp,Engine Power Hp,320 hp,hp,0.89,1,_EmREu0Xnt8;2vsPPXpaRFk,drive starting right now twin 320 horsepower so the Volvo d4s on a V-drive shaft in a little bit of a,
prestige m48,Prestige,M48,Prestige M48,48.0,attribute,accommodation,galley,Galley,true,,0.9,4,_EmREu0Xnt8;2vsPPXpaRFk,...a serving window just here immediately to starboard we've got the galley so come and get all this in shot Scotty some...,
prestige m48,Prestige,M48,Prestige M48,48.0,attribute,hull,hull_form,Hull Form,power-catamaran,,0.94,3,_EmREu0Xnt8;2vsPPXpaRFk,beers with him but we've got this beautiful Prestige M48 the brand new power cat by Prestige and it's actually,
prestige m48,Prestige,M48,Prestige M48,48.0,attribute,mission,overnight_capable,Overnight Capable,true,,0.86,1,_EmREu0Xnt8;2vsPPXpaRFk,...wow um storage your own private Lounge you could have a sleep on this lounge or you could sleep in the bed...,
prestige m48,Prestige,M48,Prestige M48,48.0,attribute,accommodation,separate_shower,Separate Shower,true,,0.94,4,_EmREu0Xnt8;2vsPPXpaRFk,...out through the window and then check out the head we have a head and a separate shower in here so marble,
princess s66,Princess,S66,Princess S66,66.0,category,category,sport-yacht,Sport Yacht,true,,0.97,1,ElMLwgEnEOc;P7Tiejod6bI;HtAPiMxvi5o,...back just there so true to her name she's definitely a sport yacht that's a lot of fun some real feedback High...,
princess s66,Princess,S66,Princess S66,66.0,attribute,dimensions,length_feet,Length Feet,66 ft,ft,0.937,0,ElMLwgEnEOc;P7Tiejod6bI;HtAPiMxvi5o,,
princess s66,Princess,S66,Princess S66,66.0,attribute,comfort,air_conditioning,Air Conditioning,true,,0.92,5,ElMLwgEnEOc;P7Tiejod6bI;HtAPiMxvi5o,also have the air conditioning running we're&nbsp; just going to leave that running throughout&nbsp;&nbsp; this walk through so you guys can hear...,
princess s66,Princess,S66,Princess S66,66.0,attribute,accommodation,cabins,Cabins,4 count,count,0.93,1,ElMLwgEnEOc;P7Tiejod6bI;HtAPiMxvi5o,[Music] four cabins three heads the option for&nbsp; a crew cabin with its with a head as well but&nbsp;&nbsp;,
princess s66,Princess,S66,Princess S66,66.0,attribute,accommodation,crew_cabin,Crew Cabin,true,,0.89,1,ElMLwgEnEOc;P7Tiejod6bI;HtAPiMxvi5o,[Music] four cabins three heads the option for&nbsp; a crew cabin with its with a head as well but&nbsp;&nbsp;,
princess s66,Princess,S66,Princess S66,66.0,attribute,performance,cruise_speed_knots,Cruise Speed Knots,18.3 kn,kn,0.93,1,ElMLwgEnEOc;P7Tiejod6bI;HtAPiMxvi5o,...horsepower v12s they're on a Straight Shaft so I'm currently just cruising at 18.2 to 18.3 knots and that's uh it's on...,
princess s66,Princess,S66,Princess S66,66.0,attribute,powertrain,drive_type,Drive Type,outboard,,0.94,1,ElMLwgEnEOc;P7Tiejod6bI;HtAPiMxvi5o,...in an emergency geez those guys&nbsp; know how to use their Outboards don't they&nbsp;&nbsp; so that's all pretty cool let's go&nbsp; downstairs...,multiple_values_review
princess s66,Princess,S66,Princess S66,66.0,attribute,powertrain,drive_type,Drive Type,shaft,,0.97,2,ElMLwgEnEOc;P7Tiejod6bI;HtAPiMxvi5o,...and we're running the man 1400 horsepower v12s they're on a Straight Shaft so I'm currently just cruising at 18.2 to 18.3...,multiple_values_review
princess s66,Princess,S66,Princess S66,66.0,attribute,powertrain,engine_power_hp,Engine Power Hp,1400 hp,hp,0.89,1,ElMLwgEnEOc;P7Tiejod6bI;HtAPiMxvi5o,...we're running about half tanks today and we're running the man 1400 horsepower v12s they're on a Straight Shaft so I'm currently...,
princess s66,Princess,S66,Princess S66,66.0,attribute,capacity,fuel_capacity_l,Fuel Capacity L,837 L,L,0.93,1,ElMLwgEnEOc;P7Tiejod6bI;HtAPiMxvi5o,30.5 ton light chip mode she's got 4 100 liters of diesel capacity about 837 liters of water capacity we're running about...,
princess s66,Princess,S66,Princess S66,66.0,attribute,accommodation,galley,Galley,true,,0.9,3,ElMLwgEnEOc;P7Tiejod6bI;HtAPiMxvi5o,...said the mechanical spaces&nbsp; at the end but you've got this Galley and it's&nbsp;&nbsp; it's a typical flow through layout but&nbsp; in...,
princess s66,Princess,S66,Princess S66,66.0,attribute,accommodation,heads,Heads,3 count,count,0.93,1,ElMLwgEnEOc;P7Tiejod6bI;HtAPiMxvi5o,[Music] four cabins three heads the option for&nbsp; a crew cabin with its with a head as well but&nbsp;&nbsp;,
princess s66,Princess,S66,Princess S66,66.0,attribute,performance,max_observed_speed_knots,Max Observed Speed Knots,22 kn,kn,0.89,1,ElMLwgEnEOc;P7Tiejod6bI;HtAPiMxvi5o,...comes to mind is the quietness so just listen to that we're doing 22 knots we're going into a Southeast swell it's...,
princess s66,Princess,S66,Princess S66,66.0,attribute,character,premium_styling,Premium Styling,true,,0.82,4,ElMLwgEnEOc;P7Tiejod6bI;HtAPiMxvi5o,...down to Sydney Harbor what is this boat this is the princess s66 s for sport I think it's s for sexy,
princess s66,Princess,S66,Princess S66,66.0,attribute,handling,stern_thruster,Stern Thruster,true,,0.96,3,ElMLwgEnEOc;P7Tiejod6bI;HtAPiMxvi5o,...in using the Reversed thrust of the motor instead of the stern Thruster but just as an example here we go three...,
princess s66,Princess,S66,Princess S66,66.0,attribute,storage,tender_garage,Tender Garage,true,,0.96,1,ElMLwgEnEOc;P7Tiejod6bI;HtAPiMxvi5o,...and&nbsp; just pay attention to the shape just here that's&nbsp;&nbsp; your tender garage which we're had a look at&nbsp; before so that's...,
princess s66,Princess,S66,Princess S66,66.0,attribute,capacity,water_capacity_l,Water Capacity L,837 L,L,0.93,1,ElMLwgEnEOc;P7Tiejod6bI;HtAPiMxvi5o,...chip mode she's got 4 100 liters of diesel capacity about 837 liters of water capacity we're running about half tanks today...,
princess v40,Princess,V40,Princess V40,40.0,category,category,sport-yacht,Sport Yacht,true,,0.99,3,0g3JHqhJlXw;u-uYYgXesl4,it's a sports cruiser it's a sports yacht it wants to give you a sporty experience i'm feeling that right now like...,
princess v40,Princess,V40,Princess V40,40.0,category,category,sports-cruiser,Sports Cruiser,true,,0.97,3,0g3JHqhJlXw;u-uYYgXesl4,it's a sports cruiser it's a sports yacht it wants to give you a sporty experience i'm feeling that right now like...,
princess v40,Princess,V40,Princess V40,40.0,category,category,walkaround-day-boat,Walkaround Day Boat,true,,0.87,1,0g3JHqhJlXw;u-uYYgXesl4,...so that's great for what is a family weekender a sexy day boat and a boat that you could justifiably own instead...,
princess v40,Princess,V40,Princess V40,40.0,category,category,weekender-commuter,Weekender Commuter,true,,0.93,4,0g3JHqhJlXw;u-uYYgXesl4,this makes your weekender even more usable,
princess v40,Princess,V40,Princess V40,40.0,attribute,dimensions,length_feet,Length Feet,40 ft,ft,0.937,0,0g3JHqhJlXw;u-uYYgXesl4,,
princess v40,Princess,V40,Princess V40,40.0,attribute,accommodation,berths,Berths,6 count,count,0.93,1,0g3JHqhJlXw;u-uYYgXesl4,for adults with the possibility to sleep six down there entertaining in multiple,
princess v40,Princess,V40,Princess V40,40.0,attribute,handling,bow_thruster,Bow Thruster,true,,0.96,1,0g3JHqhJlXw;u-uYYgXesl4,14 minutessterndrive uh gauge side power bow thruster just a regular thruster horn bilge bilge bilge lights,
princess v40,Princess,V40,Princess V40,40.0,attribute,performance,cruise_speed_knots,Cruise Speed Knots,24.5 kn,kn,0.95,4,0g3JHqhJlXw;u-uYYgXesl4,the 340 horsepower volvo pentas on this particular boat cruising along at about six knots at the moment at 900 revs and...,
princess v40,Princess,V40,Princess V40,40.0,attribute,powertrain,drive_type,Drive Type,sterndrive,,0.94,2,0g3JHqhJlXw;u-uYYgXesl4,the stern drive on the port side of the steering wheel i've got my port diagnostics my my port engine,
princess v40,Princess,V40,Princess V40,40.0,attribute,powertrain,engine_power_hp,Engine Power Hp,340 hp,hp,0.89,3,0g3JHqhJlXw;u-uYYgXesl4,...on what engines suit you this one's got the twin volvo 340 horsepower but you can option it up to the 380....,
princess v40,Princess,V40,Princess V40,40.0,attribute,accommodation,galley,Galley,true,,0.9,3,0g3JHqhJlXw;u-uYYgXesl4,there with the window on the galley and this one just here you feel great and you you'll be enjoying yourself you...,
princess v40,Princess,V40,Princess V40,40.0,attribute,systems,generator,Generator,true,,0.93,2,0g3JHqhJlXw;u-uYYgXesl4,the generator is centrally mounted down the center line of the boat got a bank of fuses fireboy system,
princess v40,Princess,V40,Princess V40,40.0,attribute,performance,max_observed_speed_knots,Max Observed Speed Knots,22 kn,kn,0.89,1,0g3JHqhJlXw;u-uYYgXesl4,...to do a little bit of trim on the drives and i'm at 22 knots feels good feels good what i'm going...,
princess v40,Princess,V40,Princess V40,40.0,attribute,weather,opening_sunroof,Opening Sunroof,true,,0.93,1,0g3JHqhJlXw;u-uYYgXesl4,...long summer's day so i like that a couple of people will be happy there we've got the opening sunroof just here,
princess v40,Princess,V40,Princess V40,40.0,attribute,character,premium_styling,Premium Styling,true,,0.82,5,0g3JHqhJlXw;u-uYYgXesl4,and keep you comfortable and keep you looking sexy and having a good time for the weekend so my name is dan...,
princess v40,Princess,V40,Princess V40,40.0,attribute,accommodation,separate_shower,Separate Shower,true,,0.94,1,0g3JHqhJlXw;u-uYYgXesl4,brush just there but in here is the separate shower so come around and hopefully you can see this mitch because i'm...,
princess v40,Princess,V40,Princess V40,40.0,attribute,performance,top_speed_knots,Top Speed Knots,27 kn,kn,0.95,2,0g3JHqhJlXw;u-uYYgXesl4,the boat we got 32 knots top speed we're cruising around at 27 knots and this makes your weekender,
princess v65,Princess,V65,Princess V65,65.0,attribute,dimensions,length_feet,Length Feet,65 ft,ft,0.937,0,Ut8cXiFvIMg;yjdOpZg4VEg,,
princess v65,Princess,V65,Princess V65,65.0,attribute,comfort,air_conditioning,Air Conditioning,true,,0.92,5,Ut8cXiFvIMg;yjdOpZg4VEg,so a couple of drink holes here and here that looks like air conditioning i've got blinds that come down i've got,
princess v65,Princess,V65,Princess V65,65.0,attribute,accommodation,cabins,Cabins,4 count,count,0.93,1,Ut8cXiFvIMg;yjdOpZg4VEg,we should just check out the forward vip come on down so it's a four cabin boat this and,
princess v65,Princess,V65,Princess V65,65.0,attribute,powertrain,drive_type,Drive Type,ips-pod,,0.96,1,Ut8cXiFvIMg;yjdOpZg4VEg,...so that's what i like about these big shaft drive boats i know a lot of manufacturers are going to ips these,multiple_values_review
princess v65,Princess,V65,Princess V65,65.0,attribute,powertrain,drive_type,Drive Type,shaft,,0.97,4,Ut8cXiFvIMg;yjdOpZg4VEg,...so let's do that um twin mans twin man's 1400 horsepower straight shaft i don't know how many blades on the prop...,multiple_values_review
princess v65,Princess,V65,Princess V65,65.0,attribute,powertrain,engine_power_hp,Engine Power Hp,1400 hp,hp,0.91,3,Ut8cXiFvIMg;yjdOpZg4VEg,the boat so let's do that um twin mans twin man's 1400 horsepower straight shaft i don't know how many blades on...,
princess v65,Princess,V65,Princess V65,65.0,attribute,mission,fishing_suitable,Fishing Suitable,true,,0.88,1,Ut8cXiFvIMg;yjdOpZg4VEg,he's storing his fishing rods up here as well um that just says happiness to me that says saturday afternoon,
princess v65,Princess,V65,Princess V65,65.0,attribute,accommodation,galley,Galley,true,,0.9,5,Ut8cXiFvIMg;yjdOpZg4VEg,...bin just there this is fixed here so this is good for serving that's a fridge just there so with the galley,
princess v65,Princess,V65,Princess V65,65.0,attribute,performance,max_observed_speed_knots,Max Observed Speed Knots,30 kn,kn,0.91,2,Ut8cXiFvIMg;yjdOpZg4VEg,didn't see any wash over the bow so let's start to bring that speed up now so i'm at 20 knots here,
princess v65,Princess,V65,Princess V65,65.0,attribute,mission,overnight_capable,Overnight Capable,true,,0.86,1,Ut8cXiFvIMg;yjdOpZg4VEg,entertain for obviously epic day situations but for your overnight scenarios it's really,
princess v65,Princess,V65,Princess V65,65.0,attribute,character,premium_styling,Premium Styling,true,,0.82,2,Ut8cXiFvIMg;yjdOpZg4VEg,...not in my home orders and i don't want to crash someone else's beautiful boat uh but this looks good and i'm,
princess v65,Princess,V65,Princess V65,65.0,attribute,accommodation,separate_shower,Separate Shower,true,,0.94,1,Ut8cXiFvIMg;yjdOpZg4VEg,...on this boat we've got a smaller vanity just here we still have a separate shower and a nice fancy loo and,
princess v65,Princess,V65,Princess V65,65.0,attribute,storage,tender_garage,Tender Garage,true,,0.96,3,Ut8cXiFvIMg;yjdOpZg4VEg,opening up the tender garage and on boats of this size you have enough length within the hull to accommodate a,
princess v65,Princess,V65,Princess V65,65.0,attribute,systems,watermaker,Watermaker,true,,0.96,1,Ut8cXiFvIMg;yjdOpZg4VEg,that looks like a water maker just there we have a number one tank of two on the port side insulated and...,
princess y72,Princess,Y72,Princess Y72,72.0,attribute,dimensions,length_feet,Length Feet,72 ft,ft,0.937,0,iBaHDKkrVbc;x_nDvAgbwTg,,
princess y72,Princess,Y72,Princess Y72,72.0,attribute,comfort,air_conditioning,Air Conditioning,true,,0.92,4,iBaHDKkrVbc;x_nDvAgbwTg,"switches, and then windless high load just there. Air conditioning. I'll give you a quick overview of the lower helm",
princess y72,Princess,Y72,Princess Y72,72.0,attribute,access,beach_club,Beach Club,true,,0.97,1,iBaHDKkrVbc;x_nDvAgbwTg,"...in there as well. We've also got deployable ladders. But, this is a real beach club when you want it to be.",
princess y72,Princess,Y72,Princess Y72,72.0,attribute,accommodation,cabins,Cabins,4 count,count,0.93,1,iBaHDKkrVbc;x_nDvAgbwTg,"accommodation in four cabins, which we're going to touch on a little bit later. But just appreciate this space",
princess y72,Princess,Y72,Princess Y72,72.0,attribute,accommodation,crew_cabin,Crew Cabin,true,,0.96,1,iBaHDKkrVbc;x_nDvAgbwTg,"And then we're going to go into greater detail about the crew quarters, crew facilities, and the operational aspects",
princess y72,Princess,Y72,Princess Y72,72.0,attribute,powertrain,drive_type,Drive Type,ips-pod,,0.96,1,iBaHDKkrVbc;x_nDvAgbwTg,"if you're coming from an IPS drive boat, um, or an outboard powered boat for that matter, a big big difference when...",multiple_values_review
princess y72,Princess,Y72,Princess Y72,72.0,attribute,powertrain,drive_type,Drive Type,outboard,,0.94,1,iBaHDKkrVbc;x_nDvAgbwTg,"if you're coming from an IPS drive boat, um, or an outboard powered boat for that matter, a big big difference when...",multiple_values_review
princess y72,Princess,Y72,Princess Y72,72.0,attribute,powertrain,drive_type,Drive Type,shaft,,0.95,4,iBaHDKkrVbc;x_nDvAgbwTg,"We are a shaft drive, straight shaft.",multiple_values_review
princess y72,Princess,Y72,Princess Y72,72.0,attribute,systems,fin_stabilisers,Fin Stabilisers,true,,0.96,1,iBaHDKkrVbc;x_nDvAgbwTg,that fin stabilizers are better if you want to go out in the ocean compared to a gyro that just keeps the...,comparison_context_review
princess y72,Princess,Y72,Princess Y72,72.0,attribute,accommodation,galley,Galley,true,,0.9,1,iBaHDKkrVbc;x_nDvAgbwTg,"galley. We've actually got an ice maker behind here. We've got lots of storage all the way around. They're really, really good...",
princess y72,Princess,Y72,Princess Y72,72.0,attribute,systems,generator,Generator,true,,0.93,2,iBaHDKkrVbc;x_nDvAgbwTg,We've got AC and then DC system. So you can operate the generator on and off.,
princess y72,Princess,Y72,Princess Y72,72.0,attribute,systems,watermaker,Watermaker,true,,0.96,2,iBaHDKkrVbc;x_nDvAgbwTg,"takes you into some hydraulics, water maker, and gen set space. And we can also get access into the build batteries, what...",
quarken 27 cabin,Quarken,27 CABIN,Quarken 27 CABIN,27.0,category,category,walkaround-day-boat,Walkaround Day Boat,true,,0.87,2,uSxsWpCpmiM;A0Qo_iP2xPw,...boat it's definitely an overnight boat for two people and a day boat for five people comfortably yes you could get more...,
quarken 27 cabin,Quarken,27 CABIN,Quarken 27 CABIN,27.0,attribute,dimensions,length_feet,Length Feet,27 ft,ft,0.937,0,uSxsWpCpmiM;A0Qo_iP2xPw,,
quarken 27 cabin,Quarken,27 CABIN,Quarken 27 CABIN,27.0,attribute,comfort,air_conditioning,Air Conditioning,true,,0.92,2,uSxsWpCpmiM;A0Qo_iP2xPw,hle excuse me coughing spluttering I've come down with another cold after 20 hours of traveling and air conditioning,
quarken 27 cabin,Quarken,27 CABIN,Quarken 27 CABIN,27.0,attribute,handling,bow_thruster,Bow Thruster,true,,0.96,2,uSxsWpCpmiM;A0Qo_iP2xPw,...this is the anchor operation up and down this is the bow thruster which we have used and it's pretty effective and...,
quarken 27 cabin,Quarken,27 CABIN,Quarken 27 CABIN,27.0,attribute,performance,cruise_speed_knots,Cruise Speed Knots,29.5 kn,kn,0.95,2,uSxsWpCpmiM;A0Qo_iP2xPw,here it's going to get you to your destination at reasonable speeds look at that a 29 knot cruising speed that's,
quarken 27 cabin,Quarken,27 CABIN,Quarken 27 CABIN,27.0,attribute,character,dry_ride,Dry Ride,true,,0.87,1,uSxsWpCpmiM;A0Qo_iP2xPw,below it's a dry ride you know here we are going into swrs getting almost fully,
quarken 27 cabin,Quarken,27 CABIN,Quarken 27 CABIN,27.0,attribute,powertrain,engine_power_hp,Engine Power Hp,300 hp,hp,0.89,2,uSxsWpCpmiM;A0Qo_iP2xPw,so single 300 horsepower is the option it's a Yamaha on the quarin this brand,
quarken 27 cabin,Quarken,27 CABIN,Quarken 27 CABIN,27.0,attribute,mission,family_suitable,Family Suitable,true,,0.85,2,uSxsWpCpmiM;A0Qo_iP2xPw,...are pretty moderate this isn't the raciest of boats I'm going to describe this as like a conservative family boat if you're,
quarken 27 cabin,Quarken,27 CABIN,Quarken 27 CABIN,27.0,attribute,performance,max_observed_speed_knots,Max Observed Speed Knots,35.8 kn,kn,0.89,1,uSxsWpCpmiM;A0Qo_iP2xPw,"now I'm at 35.8 knots 4,700 in Flat Water now we've left the",
quarken 27 cabin,Quarken,27 CABIN,Quarken 27 CABIN,27.0,attribute,weather,opening_sunroof,Opening Sunroof,true,,0.93,1,uSxsWpCpmiM;A0Qo_iP2xPw,...lights forward of that and this massive excuse me a massive opening sunroof which slides quite easily because we did do that...,
quarken 27 cabin,Quarken,27 CABIN,Quarken 27 CABIN,27.0,attribute,mission,overnight_capable,Overnight Capable,true,,0.86,2,uSxsWpCpmiM;A0Qo_iP2xPw,...seeing here it's not just a communal boat it's definitely an overnight boat for two people and a day boat for five...,
quarken 27 t top,Quarken,27 T-Top,Quarken 27 T-Top,27.0,attribute,dimensions,length_feet,Length Feet,27 ft,ft,0.99,0,QkTHrT6e1Po;d_Cp9CPRsv8,,
quarken 27 t top,Quarken,27 T-Top,Quarken 27 T-Top,27.0,attribute,accommodation,berths,Berths,2 count,count,0.93,1,QkTHrT6e1Po;d_Cp9CPRsv8,is makes sense it'll sleep two people single cold water sink another light in the loo and this actually serves as a...,
quarken 27 t top,Quarken,27 T-Top,Quarken 27 T-Top,27.0,attribute,handling,bow_thruster,Bow Thruster,true,,0.96,4,QkTHrT6e1Po;d_Cp9CPRsv8,...electronic throttle your safety is just here and you've got your bow thruster on Port and even a really handy phone charger...,
quarken 27 t top,Quarken,27 T-Top,Quarken 27 T-Top,27.0,attribute,performance,cruise_speed_knots,Cruise Speed Knots,27 kn,kn,0.95,2,QkTHrT6e1Po;d_Cp9CPRsv8,...Yamaha which is the only option available with this boat to give you a cruising speed of about 29 to 31 knots,
quarken 27 t top,Quarken,27 T-Top,Quarken 27 T-Top,27.0,attribute,character,dry_ride,Dry Ride,true,,0.87,4,QkTHrT6e1Po;d_Cp9CPRsv8,...I feel like I've got lots of control minimal if no cavitation and Incredibly dry ride man they keep doing it these,
quarken 27 t top,Quarken,27 T-Top,Quarken 27 T-Top,27.0,attribute,powertrain,engine_power_hp,Engine Power Hp,300 hp,hp,0.91,3,QkTHrT6e1Po;d_Cp9CPRsv8,...activated just here start stop electric start stop on the Yamaha 300 horsepower with the electric steering that is the motor it...,
quarken 27 t top,Quarken,27 T-Top,Quarken 27 T-Top,27.0,attribute,performance,top_speed_knots,Top Speed Knots,43.5 kn,kn,0.93,1,QkTHrT6e1Po;d_Cp9CPRsv8,and then we've got a top speed of 43.5 knots today we can see the fixed hole Windows just here and I...,
quarken 27 t top,Quarken,27 T-Top,Quarken 27 T-Top,27.0,attribute,mission,watersports_suitable,Watersports Suitable,true,,0.87,1,QkTHrT6e1Po;d_Cp9CPRsv8,wakeboard or a biscuit that's what you do and you're going to be comfortable and you can communicate with the driver so...,
quarken 27,Quarken,27 YACHT,Quarken 27 YACHT,27.0,attribute,dimensions,length_feet,Length Feet,27 ft,ft,0.937,0,DBN7pmLUluw,,
quarken 27,Quarken,27 YACHT,Quarken 27 YACHT,27.0,attribute,handling,bow_thruster,Bow Thruster,true,,0.96,3,DBN7pmLUluw,...a cutting bow she has air steps I can see the bow thruster in there I can see a little bit of...,
quarken 27,Quarken,27 YACHT,Quarken 27 YACHT,27.0,attribute,mission,overnight_capable,Overnight Capable,true,,0.86,1,DBN7pmLUluw,...this is fine for a couple you know it's definitely comfortable overnighting um again I think if you had that opening hatch...,
quarken 27,Quarken,27 YACHT,Quarken 27 YACHT,27.0,attribute,mission,watersports_suitable,Watersports Suitable,true,,0.87,1,DBN7pmLUluw,...it doesn't end there doesn't end there so if you've been wakeboarding or skiing and you want to pull your toys out...,
quarken 35 cabin,Quarken,35 Cabin,Quarken 35 Cabin,35.0,category,category,sports-cruiser,Sports Cruiser,true,,0.97,1,MrrCoWt3Dl0;sV754B4Pedc,Sports Cruiser or something larger and perhaps less uh convenient as what we have in this package so this is brand,
quarken 35 cabin,Quarken,35 Cabin,Quarken 35 Cabin,35.0,category,category,walkaround-day-boat,Walkaround Day Boat,true,,0.87,1,MrrCoWt3Dl0;sV754B4Pedc,it's more of a goast mostly day boat I suspect you alcohol storage all your bottles will go quite nicely in there,
quarken 35 cabin,Quarken,35 Cabin,Quarken 35 Cabin,35.0,attribute,dimensions,length_feet,Length Feet,35 ft,ft,0.99,0,MrrCoWt3Dl0;sV754B4Pedc,,
quarken 35 cabin,Quarken,35 Cabin,Quarken 35 Cabin,35.0,attribute,handling,bow_thruster,Bow Thruster,true,,0.96,1,MrrCoWt3Dl0;sV754B4Pedc,...travel of the motors just there I'm going to get on the bow thruster there just tickle that up a little bit,
quarken 35 cabin,Quarken,35 Cabin,Quarken 35 Cabin,35.0,attribute,performance,cruise_speed_knots,Cruise Speed Knots,25 kn,kn,0.93,1,MrrCoWt3Dl0;sV754B4Pedc,"...just get up to the boat feels like it wants to cruise a little bit quicker so 3,800 revs now 25 knots...",
quarken 35 cabin,Quarken,35 Cabin,Quarken 35 Cabin,35.0,attribute,powertrain,drive_type,Drive Type,sterndrive,,0.94,1,MrrCoWt3Dl0;sV754B4Pedc,...end of a summer will be up to three times more than what you had say on something like a Stern Drive,
quarken 35 cabin,Quarken,35 Cabin,Quarken 35 Cabin,35.0,attribute,powertrain,engine_count,Engine Count,2 count,count,0.93,1,MrrCoWt3Dl0;sV754B4Pedc,...dry 24 knots and 65 L consumption that's total for the twin engines on the dial un let's just increase that speed...,
quarken 35 cabin,Quarken,35 Cabin,Quarken 35 Cabin,35.0,attribute,performance,max_observed_speed_knots,Max Observed Speed Knots,43 kn,kn,0.89,1,MrrCoWt3Dl0;sV754B4Pedc,...want to get rid of the zip wake right now but I'm doing 43 knots easy peasy the other thing these yammies...,
quarken 35 cabin,Quarken,35 Cabin,Quarken 35 Cabin,35.0,attribute,mission,offshore_capable,Offshore Capable,true,,0.88,1,MrrCoWt3Dl0;sV754B4Pedc,moderate offshore conditions not an issue if it's really really rough okay you might have to hold on in another way so...,
quarken 35 cabin,Quarken,35 Cabin,Quarken 35 Cabin,35.0,attribute,weather,opening_sunroof,Opening Sunroof,true,,0.86,1,MrrCoWt3Dl0;sV754B4Pedc,this boat but they are bringing in an option to do a soft opening roof so for those of you who,
quarken 35 cabin,Quarken,35 Cabin,Quarken 35 Cabin,35.0,attribute,mission,overnight_capable,Overnight Capable,true,,0.86,2,MrrCoWt3Dl0;sV754B4Pedc,space into a day bed or maybe some overnight accommodation for some kids see how I have foot rests just here so,
quarken 35 gt,Quarken,35 GT,Quarken 35 GT,35.0,category,category,centre-console,Centre Console,true,,0.96,1,90HoWmj_HSE,"...which which is what's more possible on many of the American center consoles, but you use less fuel, you still achieve a...",
quarken 35 gt,Quarken,35 GT,Quarken 35 GT,35.0,category,category,sports-cruiser,Sports Cruiser,true,,0.97,1,90HoWmj_HSE,...We're cutting through and if any of you are coming from sports cruisers now is a good time to look at the...,
quarken 35 gt,Quarken,35 GT,Quarken 35 GT,35.0,attribute,dimensions,length_feet,Length Feet,35 ft,ft,0.937,0,90HoWmj_HSE,,
quarken 35 gt,Quarken,35 GT,Quarken 35 GT,35.0,attribute,comfort,air_conditioning,Air Conditioning,true,,0.92,1,90HoWmj_HSE,"...got the twin 350s on the back. We also have got air conditioning via lithium. So, you could consider this a loaded...",
quarken 35 gt,Quarken,35 GT,Quarken 35 GT,35.0,attribute,handling,bow_thruster,Bow Thruster,true,,0.96,5,90HoWmj_HSE,...want to talk to you about is pressing F1 with the bow thruster on and we'll go to joystick and we will...,
quarken 35 sport tourer,Quarken,35 SPORT TOURER,Quarken 35 SPORT TOURER,35.0,category,category,sports-cruiser,Sports Cruiser,true,,0.99,5,KPB5EYSyx84;jl4y-Up6djE,have you got an American style Sports Cruiser or do you perhaps have a a French boat a Cabin boat something like,
quarken 35 sport tourer,Quarken,35 SPORT TOURER,Quarken 35 SPORT TOURER,35.0,category,category,walkaround-day-boat,Walkaround Day Boat,true,,0.87,1,KPB5EYSyx84;jl4y-Up6djE,...boats this is the Miami Vibes this is the um summer day boat which is also going to be suitable for other,
quarken 35 sport tourer,Quarken,35 SPORT TOURER,Quarken 35 SPORT TOURER,35.0,attribute,dimensions,length_feet,Length Feet,35 ft,ft,0.937,0,KPB5EYSyx84;jl4y-Up6djE,,
quarken 35 sport tourer,Quarken,35 SPORT TOURER,Quarken 35 SPORT TOURER,35.0,attribute,character,dry_ride,Dry Ride,true,,0.87,1,KPB5EYSyx84;jl4y-Up6djE,and away so it's quite a dry ride now we also have a rub rail going all the way around the boat...,
quarken 35 sport tourer,Quarken,35 SPORT TOURER,Quarken 35 SPORT TOURER,35.0,attribute,powertrain,engine_count,Engine Count,2 count,count,0.93,1,KPB5EYSyx84;jl4y-Up6djE,going to help your life um because yes we've got twin engines throttles and a bath Thruster but now this Joy joystick,
quarken 35 sport tourer,Quarken,35 SPORT TOURER,Quarken 35 SPORT TOURER,35.0,attribute,powertrain,engine_power_hp,Engine Power Hp,350 hp,hp,0.89,1,KPB5EYSyx84;jl4y-Up6djE,...there but welcome to Palm Beach uh welcome to Twin Yamaha 350 horsepower test we're going to be going straight out in...,
quarken 35 sport tourer,Quarken,35 SPORT TOURER,Quarken 35 SPORT TOURER,35.0,attribute,accommodation,galley,Galley,true,,0.9,1,KPB5EYSyx84;jl4y-Up6djE,and do things so if you're working The Summer Kitchen The Galley look at all this space that we've got here remember,
quarken 35 sport tourer,Quarken,35 SPORT TOURER,Quarken 35 SPORT TOURER,35.0,attribute,handling,joystick_control,Joystick Control,true,,0.94,1,KPB5EYSyx84;jl4y-Up6djE,...let's just have a play with that now uh on the joystick control itself so I'm on level two at the moment...,
quarken 35 sport tourer,Quarken,35 SPORT TOURER,Quarken 35 SPORT TOURER,35.0,attribute,mission,overnight_capable,Overnight Capable,true,,0.86,1,KPB5EYSyx84;jl4y-Up6djE,bed so this actually slides out the back rest becomes the bed and it's another sleeping accommodation probably suitable,
quarken 35 sport tourer,Quarken,35 SPORT TOURER,Quarken 35 SPORT TOURER,35.0,attribute,mission,watersports_suitable,Watersports Suitable,true,,0.87,1,KPB5EYSyx84;jl4y-Up6djE,to for you um also if you're doing a lot of water sports it might be easier to rig up surfboards and...,
rafnar 1100,Rafnar,1100,Rafnar 1100,36.09,category,category,explorer-expedition,Explorer Expedition,true,,0.97,3,Qi0w-FwkuX4;QDaI7S4rnoo,...it in some remote destination as a support boat for your Expedition yacht you you can actually do that on this boat...,
rafnar 1100,Rafnar,1100,Rafnar 1100,36.09,attribute,dimensions,length_feet,Length Feet,36.09 ft,ft,0.937,0,Qi0w-FwkuX4;QDaI7S4rnoo,,
rafnar 1100,Rafnar,1100,Rafnar 1100,36.09,attribute,comfort,air_conditioning,Air Conditioning,true,,0.92,4,Qi0w-FwkuX4;QDaI7S4rnoo,...you don't even notice it you're just sitting inside with the air conditioning on and it was very pleasant but you can...,
rafnar 1100,Rafnar,1100,Rafnar 1100,36.09,attribute,performance,cruise_speed_knots,Cruise Speed Knots,30 kn,kn,0.93,4,Qi0w-FwkuX4;QDaI7S4rnoo,...to be going down swell pretty soon i'm just maintaining a 28 knot cruising speed across large rolling swell i've got grain...,
rafnar 1100,Rafnar,1100,Rafnar 1100,36.09,attribute,powertrain,engine_count,Engine Count,3 count,count,0.93,1,Qi0w-FwkuX4;QDaI7S4rnoo,...I've said this on other videos before I thoroughly enjoy starting triple engine boats something about just it just gets me really...,
rafnar 1100,Rafnar,1100,Rafnar 1100,36.09,attribute,powertrain,engine_power_hp,Engine Power Hp,300 hp,hp,0.89,1,Qi0w-FwkuX4;QDaI7S4rnoo,...tons empty weight triple rig set up this one we've got 300 horsepower three of them three fuel tanks individually supplying to...,
rafnar 1100,Rafnar,1100,Rafnar 1100,36.09,attribute,capacity,fuel_capacity_l,Fuel Capacity L,900 L,L,0.93,3,Qi0w-FwkuX4;QDaI7S4rnoo,...do that in a second so yeah access here we have fuel tanks three times 300 liter fuel tanks with a total...,
rafnar 1100,Rafnar,1100,Rafnar 1100,36.09,attribute,hull,hull_form,Hull Form,rib,,0.95,2,Qi0w-FwkuX4;QDaI7S4rnoo,...really well mounted into the fiberglass and then we've got the inflatable tube externally of that so we do have we have...,
rafnar 1100,Rafnar,1100,Rafnar 1100,36.09,attribute,character,premium_styling,Premium Styling,true,,0.82,1,Qi0w-FwkuX4;QDaI7S4rnoo,you can feel the g-force in this in this sexy seat here you you really could notice the whole profile but you...,
rafnar 1100,Rafnar,1100,Rafnar 1100,36.09,attribute,capacity,water_capacity_l,Water Capacity L,50 L,L,0.93,1,Qi0w-FwkuX4;QDaI7S4rnoo,...can see the water tank just looks like a moderately sized water tank I'm guessing 50 liters that's all you need just...,
regal 33xo,Regal,33XO,Regal 33XO,33.0,category,category,bowrider-runabout,Bowrider Runabout,true,,0.95,1,E-mhIEMoF-k;MZaj0SGOdLI,...doesn't go out of fashion. If you've come from like a bow rider or a smaller sports cruiser and it's a natural...,
regal 33xo,Regal,33XO,Regal 33XO,33.0,category,category,sports-cruiser,Sports Cruiser,true,,0.99,5,E-mhIEMoF-k;MZaj0SGOdLI,"Three reasons why you might be ready for a sports cruiser. Time poor. If you value your time, you probably need a...",
regal 33xo,Regal,33XO,Regal 33XO,33.0,attribute,dimensions,length_feet,Length Feet,33 ft,ft,0.937,0,E-mhIEMoF-k;MZaj0SGOdLI,,
regal 33xo,Regal,33XO,Regal 33XO,33.0,attribute,handling,bow_thruster,Bow Thruster,true,,0.96,2,E-mhIEMoF-k;MZaj0SGOdLI,...right throttle hand can drop down to the joystick and the bow thruster is immediately in support of that got my safety...,
regal 33xo,Regal,33XO,Regal 33XO,33.0,attribute,accommodation,cabins,Cabins,2 count,count,0.93,1,E-mhIEMoF-k;MZaj0SGOdLI,...this area private. So you can separate into bit of a two cabin vibe. So I just think that is so so...,
regal 33xo,Regal,33XO,Regal 33XO,33.0,attribute,performance,cruise_speed_knots,Cruise Speed Knots,37.5 kn,kn,0.93,2,E-mhIEMoF-k;MZaj0SGOdLI,...waves I'm turning here at 32. that feels like a fast cruise and we've got 43 knots top speed that is that's...,
regal 33xo,Regal,33XO,Regal 33XO,33.0,attribute,powertrain,drive_type,Drive Type,outboard,,0.96,5,E-mhIEMoF-k;MZaj0SGOdLI,...you know the argument is there but I think the the points for Outboards are now starting to very much outweigh the,multiple_values_review
regal 33xo,Regal,33XO,Regal 33XO,33.0,attribute,powertrain,drive_type,Drive Type,sterndrive,,0.96,3,E-mhIEMoF-k;MZaj0SGOdLI,a Stern drive's dead yet well no not yet is my thinking on this there's a number of benefits that still exist...,multiple_values_review
regal 33xo,Regal,33XO,Regal 33XO,33.0,attribute,powertrain,engine_count,Engine Count,2 count,count,0.93,1,E-mhIEMoF-k;MZaj0SGOdLI,...said and um other buttons which are not relevant to a twin engine setup. Um this is the joystick control just here....,
regal 33xo,Regal,33XO,Regal 33XO,33.0,attribute,powertrain,engine_power_hp,Engine Power Hp,300 hp,hp,0.89,1,E-mhIEMoF-k;MZaj0SGOdLI,...Regal 33 XO so this is an outboard powered twin Yamaha 300 horsepower boat um a good old-fashioned Sports Cruiser but it's...,
regal 33xo,Regal,33XO,Regal 33XO,33.0,attribute,capacity,fuel_capacity_l,Fuel Capacity L,568 L,L,0.93,1,E-mhIEMoF-k;MZaj0SGOdLI,...terms of her displacement and you feel the weight 540 no 568 liters of fuel 130 maybe 40 I forget liters of...,
regal 33xo,Regal,33XO,Regal 33XO,33.0,attribute,accommodation,galley,Galley,true,,0.9,1,E-mhIEMoF-k;MZaj0SGOdLI,...the back of the boat and uh after or behind the galley. I've got them closed cuz the sun's a little bit...,
regal 33xo,Regal,33XO,Regal 33XO,33.0,attribute,handling,joystick_control,Joystick Control,true,,0.94,2,E-mhIEMoF-k;MZaj0SGOdLI,"...the autopilot function. So, with the Yamaha, because we have the joystick control on this one, we do have an autopilot. If...",
regal 33xo,Regal,33XO,Regal 33XO,33.0,attribute,mission,overnight_capable,Overnight Capable,true,,0.86,1,E-mhIEMoF-k;MZaj0SGOdLI,"...stage of life where you need the accommodation. You want the overnight capability, but you don't want something that's so massive it's...",
regal 33xo,Regal,33XO,Regal 33XO,33.0,attribute,accommodation,separate_shower,Separate Shower,true,,0.94,1,E-mhIEMoF-k;MZaj0SGOdLI,"...this vanity area stays dry. So, it's almost like having a separate shower. The head itself, can I tell? It looks like...",
regal 36xo,Regal,36XO,Regal 36XO,36.0,category,category,bowrider-runabout,Bowrider Runabout,true,,0.97,3,Nico8t29Qi8;OuIuHLTog5c,bow riders open boats sunny days wind in your hair it's awesome we all love it but i think there probably comes...,
regal 36xo,Regal,36XO,Regal 36XO,36.0,category,category,sports-cruiser,Sports Cruiser,true,,0.99,4,Nico8t29Qi8;OuIuHLTog5c,...if you were coming from a a a decent sized bow rider or a sports cruiser um it's got the outboards yeah,
regal 36xo,Regal,36XO,Regal 36XO,36.0,attribute,dimensions,length_feet,Length Feet,36 ft,ft,0.937,0,Nico8t29Qi8;OuIuHLTog5c,,
regal 36xo,Regal,36XO,Regal 36XO,36.0,attribute,comfort,air_conditioning,Air Conditioning,true,,0.92,5,Nico8t29Qi8;OuIuHLTog5c,...this circle here that's not just for looks that is phone charging so that's great below that i see an air conditioning,
regal 36xo,Regal,36XO,Regal 36XO,36.0,attribute,handling,bow_thruster,Bow Thruster,true,,0.96,1,Nico8t29Qi8;OuIuHLTog5c,...be cool for operating in the evening i've got my lumar bow thruster just here i've got my electronic throttles to hand...,
regal 36xo,Regal,36XO,Regal 36XO,36.0,attribute,performance,cruise_speed_knots,Cruise Speed Knots,23 kn,kn,0.93,3,Nico8t29Qi8;OuIuHLTog5c,...tells me at 4 100 revs in calm conditions your fast cruise is 27 knots at 3 900 revs in calm conditions...,
regal 36xo,Regal,36XO,Regal 36XO,36.0,attribute,powertrain,drive_type,Drive Type,outboard,,0.96,5,Nico8t29Qi8;OuIuHLTog5c,...i'm on a very fine example this is the regal 36xo outboard powered you absolutely want to be focusing on outboards these...,
regal 36xo,Regal,36XO,Regal 36XO,36.0,attribute,mission,family_suitable,Family Suitable,true,,0.85,1,Nico8t29Qi8;OuIuHLTog5c,this regal 36xo this is this this is a family boat this is a holiday boat this is low maintenance a lot...,
regal 36xo,Regal,36XO,Regal 36XO,36.0,attribute,accommodation,galley,Galley,true,,0.9,1,Nico8t29Qi8;OuIuHLTog5c,...sensible place to put it because you know why clutter the galley up with a microwave when you hardly use them you're...,
regal 36xo,Regal,36XO,Regal 36XO,36.0,attribute,systems,generator,Generator,true,,0.93,2,Nico8t29Qi8;OuIuHLTog5c,...uh we can switch it on using lithium batteries not the generator however the boat does have a generator we could just...,
regal 36xo,Regal,36XO,Regal 36XO,36.0,attribute,weather,opening_sunroof,Opening Sunroof,true,,0.93,2,Nico8t29Qi8;OuIuHLTog5c,...seating position you've got the sliding window here so you can get some fresh air you've got the opening roof as well,
regal 36xo,Regal,36XO,Regal 36XO,36.0,attribute,character,premium_styling,Premium Styling,true,,0.82,1,Nico8t29Qi8;OuIuHLTog5c,...people obviously lounging out like this this is for all the sexy people that's good oh my god charging points your phone...,
regal 36xo,Regal,36XO,Regal 36XO,36.0,attribute,accommodation,separate_shower,Separate Shower,true,,0.94,2,Nico8t29Qi8;OuIuHLTog5c,...most boats on this size people are going to want a separate shower but you can't do it you can't have everything...,
regal 38 sav,Regal,38 SAV,Regal 38 SAV,38.0,category,category,sport-yacht,Sport Yacht,true,,0.99,4,nPI62mFzKgs;jVRnXeDVrPA,around in 50 60 70 foot sport yachts um and i say day boaters because i don't even know whether they knew...,
regal 38 sav,Regal,38 SAV,Regal 38 SAV,38.0,category,category,walkaround-day-boat,Walkaround Day Boat,true,,0.89,3,nPI62mFzKgs;jVRnXeDVrPA,is a family day booat this is a luxurious Family Day boat that's capable of doing many things so if you're interested...,
regal 38 sav,Regal,38 SAV,Regal 38 SAV,38.0,attribute,dimensions,length_feet,Length Feet,38 ft,ft,0.937,0,nPI62mFzKgs;jVRnXeDVrPA,,
regal 38 sav,Regal,38 SAV,Regal 38 SAV,38.0,attribute,comfort,air_conditioning,Air Conditioning,true,,0.92,5,nPI62mFzKgs;jVRnXeDVrPA,uh these air conditioning outlets got a little bit of mercedes benz vibes but um once again carrying this corian finish,
regal 38 sav,Regal,38 SAV,Regal 38 SAV,38.0,attribute,accommodation,cabins,Cabins,4 count,count,0.93,1,nPI62mFzKgs;jVRnXeDVrPA,American European Australian whatever with three or four cabins on them and they essentially Debo on these things,
regal 38 sav,Regal,38 SAV,Regal 38 SAV,38.0,attribute,performance,cruise_speed_knots,Cruise Speed Knots,27 kn,kn,0.93,1,nPI62mFzKgs;jVRnXeDVrPA,okay cruising speed slow Cruise 27 knot fast,
regal 38 sav,Regal,38 SAV,Regal 38 SAV,38.0,attribute,powertrain,drive_type,Drive Type,outboard,,0.96,2,nPI62mFzKgs;jVRnXeDVrPA,side we have a hot and cold shower and yes outboard powered boat but this one,
regal 38 sav,Regal,38 SAV,Regal 38 SAV,38.0,attribute,mission,family_suitable,Family Suitable,true,,0.85,4,nPI62mFzKgs;jVRnXeDVrPA,is a family day booat this is a luxurious Family Day boat that's capable of doing many things so if you're interested...,
regal 38 sav,Regal,38 SAV,Regal 38 SAV,38.0,attribute,handling,joystick_control,Joystick Control,true,,0.94,1,nPI62mFzKgs;jVRnXeDVrPA,is a Yamaha joystick system is it similar to the Mercury pull it back turn the engines,comparison_context_review
regal 38 sav,Regal,38 SAV,Regal 38 SAV,38.0,attribute,performance,max_observed_speed_knots,Max Observed Speed Knots,45 kn,kn,0.89,1,nPI62mFzKgs;jVRnXeDVrPA,45 jeez I didn't think it would be that quick I'm doing 45 knots I think I've got a bit more wow...,
regal 38 sav,Regal,38 SAV,Regal 38 SAV,38.0,attribute,accommodation,separate_shower,Separate Shower,true,,0.94,1,nPI62mFzKgs;jVRnXeDVrPA,a proper stand-up separate shower so we've got a rain head thingamabob just here,
regal 38 sav,Regal,38 SAV,Regal 38 SAV,38.0,attribute,performance,top_speed_knots,Top Speed Knots,46 kn,kn,0.95,2,nPI62mFzKgs;jVRnXeDVrPA,the hard now so 46 knots top speed 27 knots easy Cruise,
regal 38 sav,Regal,38 SAV,Regal 38 SAV,38.0,attribute,mission,watersports_suitable,Watersports Suitable,true,,0.87,1,nPI62mFzKgs;jVRnXeDVrPA,blokes and this is dad's boat and you're biscuiting or wakeboarding behind this thing what a great observer's seat so that's cool,
regal 43lx,Regal,43LX,Regal 43LX,43.0,category,category,luxury-med-day-boat,Luxury Med Day Boat,true,,0.96,1,ELs8n_HPcvs;Q4XS5dy35nE,"...uh as opposed to this boat. This feels more like a luxury day boat, but remember you can set this one up...",
regal 43lx,Regal,43LX,Regal 43LX,43.0,category,category,walkaround-day-boat,Walkaround Day Boat,true,,0.89,5,ELs8n_HPcvs;Q4XS5dy35nE,"full-on fun day boat, which might be a",
regal 43lx,Regal,43LX,Regal 43LX,43.0,attribute,dimensions,length_feet,Length Feet,43 ft,ft,0.937,0,ELs8n_HPcvs;Q4XS5dy35nE,,
regal 43lx,Regal,43LX,Regal 43LX,43.0,attribute,comfort,air_conditioning,Air Conditioning,true,,0.92,1,ELs8n_HPcvs;Q4XS5dy35nE,"Good space, air conditioning, put your",
regal 43lx,Regal,43LX,Regal 43LX,43.0,attribute,handling,bow_thruster,Bow Thruster,true,,0.96,5,ELs8n_HPcvs;Q4XS5dy35nE,"do a little test thrust of the bow thruster, so that's still on. So, I've got the engines trimmed up. So, if...",
regal 43lx,Regal,43LX,Regal 43LX,43.0,attribute,powertrain,drive_type,Drive Type,outboard,,0.96,4,ELs8n_HPcvs;Q4XS5dy35nE,"this than that. Outboards, it gives us",
regal 43lx,Regal,43LX,Regal 43LX,43.0,attribute,handling,dynamic_positioning,Dynamic Positioning,true,,0.94,3,ELs8n_HPcvs;Q4XS5dy35nE,Here is your joystick. We have Skyhook,
regal 43lx,Regal,43LX,Regal 43LX,43.0,attribute,access,folding_balconies,Folding Balconies,true,,0.94,1,ELs8n_HPcvs;Q4XS5dy35nE,"drop-down wings. So, everything has got",
regal 43lx,Regal,43LX,Regal 43LX,43.0,attribute,systems,generator,Generator,true,,0.93,4,ELs8n_HPcvs;Q4XS5dy35nE,"gyro and genset on now, but we're",
regal 43lx,Regal,43LX,Regal 43LX,43.0,attribute,systems,gyro_stabiliser,Gyro Stabiliser,true,,0.96,2,ELs8n_HPcvs;Q4XS5dy35nE,"cuz we've got the Seakeeper gyro, we've",
regal 43lx,Regal,43LX,Regal 43LX,43.0,attribute,weather,hardtop,Hardtop,true,,0.92,2,ELs8n_HPcvs;Q4XS5dy35nE,"you're on hardtop, deck, or cabin. So,",
regal 43lx,Regal,43LX,Regal 43LX,43.0,attribute,performance,max_observed_speed_knots,Max Observed Speed Knots,31 kn,kn,0.89,2,ELs8n_HPcvs;Q4XS5dy35nE,"...See if we notice. It's quite comfortable, to be fair. Uh I'm at 31 knots now. I'm just going to drop that...",
regal 43lx,Regal,43LX,Regal 43LX,43.0,attribute,weather,opening_sunroof,Opening Sunroof,true,,0.93,1,ELs8n_HPcvs;Q4XS5dy35nE,"windows, we've got opening sunroof, so",
regal 43lx,Regal,43LX,Regal 43LX,43.0,attribute,mission,overnight_capable,Overnight Capable,true,,0.86,1,ELs8n_HPcvs;Q4XS5dy35nE,bit of a boys boat for overnighting,
regulator 41,Regulator,41,Regulator 41,41.0,category,category,chase-tender,Chase Tender,true,,0.94,1,lRLScuutPyY;TwOIrAeC5tE,...be an awesome surf safari adventure boat this would be an ultimate big boat tender or chase boat so like don't just,
regulator 41,Regulator,41,Regulator 41,41.0,category,category,walkaround-day-boat,Walkaround Day Boat,true,,0.89,2,lRLScuutPyY;TwOIrAeC5tE,um normally i'm you know more focused on your luxury fancy a little bit wanky day boats um this thing's serious,
regulator 41,Regulator,41,Regulator 41,41.0,attribute,dimensions,length_feet,Length Feet,41 ft,ft,0.937,0,lRLScuutPyY;TwOIrAeC5tE,,
regulator 41,Regulator,41,Regulator 41,41.0,attribute,comfort,air_conditioning,Air Conditioning,true,,0.92,5,lRLScuutPyY;TwOIrAeC5tE,...then as i make my way to the center of the panel i've got some air conditioning outlets i've got a sea,
regulator 41,Regulator,41,Regulator 41,41.0,attribute,handling,dynamic_positioning,Dynamic Positioning,true,,0.94,1,lRLScuutPyY;TwOIrAeC5tE,...stock standard stuff these days and it looks like it's got position hold on it as well horn forward bilge bilge bilge...,
regulator 41,Regulator,41,Regulator 41,41.0,attribute,powertrain,engine_power_hp,Engine Power Hp,1700 hp,hp,0.89,1,lRLScuutPyY;TwOIrAeC5tE,...yamaha 425 so that's what's that not very good at math 1700 horsepower i think 1700. um my first experience i am...,
regulator 41,Regulator,41,Regulator 41,41.0,attribute,mission,fishing_suitable,Fishing Suitable,true,,0.88,1,lRLScuutPyY;TwOIrAeC5tE,...pod out the back here she is designed as a serious game fishing offshore weapon i know that's not normally what i...,
regulator 41,Regulator,41,Regulator 41,41.0,attribute,accommodation,galley,Galley,true,,0.9,1,lRLScuutPyY;TwOIrAeC5tE,...that can you see all that you've got a neat little galley so we already have the outside barbie set up which...,
regulator 41,Regulator,41,Regulator 41,41.0,attribute,performance,max_observed_speed_knots,Max Observed Speed Knots,20 kn,kn,0.89,1,lRLScuutPyY;TwOIrAeC5tE,okay so i've got full trim tab down i'm doing 20 knots i'm on 3 000 revs we're going into the breeze...,
regulator 41,Regulator,41,Regulator 41,41.0,attribute,access,side_boarding_door,Side Boarding Door,true,,0.93,1,lRLScuutPyY;TwOIrAeC5tE,...um i've got a latch just here somewhere good big thick dive door and then that just goes over like so hopefully...,
riviera 395,Riviera,395 SUV,Riviera 395 SUV,39.5,attribute,dimensions,length_feet,Length Feet,39.5 ft,ft,0.937,0,w2Lsm_qlOVU,,
riviera 395,Riviera,395 SUV,Riviera 395 SUV,39.5,attribute,comfort,air_conditioning,Air Conditioning,true,,0.92,2,w2Lsm_qlOVU,actually for the air conditioning,
riviera 395,Riviera,395 SUV,Riviera 395 SUV,39.5,attribute,powertrain,drive_type,Drive Type,outboard,,0.94,2,w2Lsm_qlOVU,"inflatable, and the outboard engine, you",
riviera 395,Riviera,395 SUV,Riviera 395 SUV,39.5,attribute,accommodation,galley,Galley,true,,0.9,3,w2Lsm_qlOVU,let's just focus on the galley before we,
riviera 395,Riviera,395 SUV,Riviera 395 SUV,39.5,attribute,systems,generator,Generator,true,,0.93,1,w2Lsm_qlOVU,"the genset on, which is just in here.",
riviera 395,Riviera,395 SUV,Riviera 395 SUV,39.5,attribute,accommodation,separate_shower,Separate Shower,true,,0.94,1,w2Lsm_qlOVU,"separate shower. Door opened in, so it's",
riviera 4300 sports express,Riviera,4300 SPORTS express,Riviera 4300 SPORTS express,43.0,category,category,bowrider-runabout,Bowrider Runabout,true,,0.95,1,api0oikCbkE;CyM89D6-P0c,"...who are used to having lots of space on your big bow riders or your center consoles, you still have that on...",
riviera 4300 sports express,Riviera,4300 SPORTS express,Riviera 4300 SPORTS express,43.0,category,category,centre-console,Centre Console,true,,0.98,2,api0oikCbkE;CyM89D6-P0c,"...having lots of space on your big bow riders or your center consoles, you still have that on this boat which is...",
riviera 4300 sports express,Riviera,4300 SPORTS express,Riviera 4300 SPORTS express,43.0,category,category,sports-cruiser,Sports Cruiser,true,,0.97,1,api0oikCbkE;CyM89D6-P0c,"...pros and cons. Um, she's the perfect entrylevel sedan style uh sports cruiser. In my opinion, this is really, really good if...",
riviera 4300 sports express,Riviera,4300 SPORTS express,Riviera 4300 SPORTS express,43.0,category,category,walkaround-day-boat,Walkaround Day Boat,true,,0.87,3,api0oikCbkE;CyM89D6-P0c,...of you are going to be used to with your big day boats. And at the boat show when I was investigating...,
riviera 4300 sports express,Riviera,4300 SPORTS express,Riviera 4300 SPORTS express,43.0,attribute,dimensions,length_feet,Length Feet,43 ft,ft,0.937,0,api0oikCbkE;CyM89D6-P0c,,
riviera 4300 sports express,Riviera,4300 SPORTS express,Riviera 4300 SPORTS express,43.0,attribute,comfort,air_conditioning,Air Conditioning,true,,0.92,3,api0oikCbkE;CyM89D6-P0c,"...need to think about wind and sun and weather protection, even air conditioning, so heat control, it's all possible because we've got...",
riviera 4300 sports express,Riviera,4300 SPORTS express,Riviera 4300 SPORTS express,43.0,attribute,accommodation,berths,Berths,1 count,count,0.93,1,api0oikCbkE;CyM89D6-P0c,"...boat of this size is excellent cuz you could technically maybe sleep one person up in the cockpit, potentially another person or...",
riviera 4300 sports express,Riviera,4300 SPORTS express,Riviera 4300 SPORTS express,43.0,attribute,handling,bow_thruster,Bow Thruster,true,,0.96,3,api0oikCbkE;CyM89D6-P0c,"So, we have a bow thruster, but you didn't need to use it then, Dean, did you?",
riviera 4300 sports express,Riviera,4300 SPORTS express,Riviera 4300 SPORTS express,43.0,attribute,performance,cruise_speed_knots,Cruise Speed Knots,40 kn,kn,0.93,1,api0oikCbkE;CyM89D6-P0c,"...back on your last boat, you're going to be used to cruising speeds of 40 knots. That's not what we're going for...",
riviera 4300 sports express,Riviera,4300 SPORTS express,Riviera 4300 SPORTS express,43.0,attribute,powertrain,drive_type,Drive Type,ips-pod,,0.98,5,api0oikCbkE;CyM89D6-P0c,"...we're going to run this in both directions. I got 147 L an hour. We've got the IPS 650, so that's 480",multiple_values_review
riviera 4300 sports express,Riviera,4300 SPORTS express,Riviera 4300 SPORTS express,43.0,attribute,powertrain,drive_type,Drive Type,outboard,,0.96,3,api0oikCbkE;CyM89D6-P0c,...for those of you who are stepping up from a multi-engine outboard power boat. If you're looking for an awesome ultimate day...,comparison_context_review;multiple_values_review
riviera 4300 sports express,Riviera,4300 SPORTS express,Riviera 4300 SPORTS express,43.0,attribute,handling,dynamic_positioning,Dynamic Positioning,true,,0.94,1,api0oikCbkE;CyM89D6-P0c,No. So I've just put it into assisted docking dynamic positioning system now. Okay.,
riviera 4300 sports express,Riviera,4300 SPORTS express,Riviera 4300 SPORTS express,43.0,attribute,powertrain,engine_power_hp,Engine Power Hp,650 hp,hp,0.89,3,api0oikCbkE;CyM89D6-P0c,...can have the 600s or the 650. So they're 440 or 480 horsepower. Uh but they are the equivalent of a 600...,
riviera 4300 sports express,Riviera,4300 SPORTS express,Riviera 4300 SPORTS express,43.0,attribute,mission,family_suitable,Family Suitable,true,,0.85,2,api0oikCbkE;CyM89D6-P0c,...stuff on them. And this is great again if it's a family boat. It's anyone of any size can hold on to...,
riviera 4300 sports express,Riviera,4300 SPORTS express,Riviera 4300 SPORTS express,43.0,attribute,accommodation,galley,Galley,true,,0.9,2,api0oikCbkE;CyM89D6-P0c,...has been done beautifully well. And then I think we should come straight to the L-shaped galley. More refrigeration. So we're not,
riviera 4300 sports express,Riviera,4300 SPORTS express,Riviera 4300 SPORTS express,43.0,attribute,systems,generator,Generator,true,,0.93,1,api0oikCbkE;CyM89D6-P0c,"...the comments. Uh, but we've got two because we've got the generator on this boat. We've got the two hot plates here...",
riviera 4300 sports express,Riviera,4300 SPORTS express,Riviera 4300 SPORTS express,43.0,attribute,mission,offshore_capable,Offshore Capable,true,,0.88,1,api0oikCbkE;CyM89D6-P0c,"fiber for example, which is very noticeable when you're in offshore conditions. You you can hear every single bang. Whereas on this...",
riviera 4300 sports express,Riviera,4300 SPORTS express,Riviera 4300 SPORTS express,43.0,attribute,weather,opening_sunroof,Opening Sunroof,true,,0.93,3,api0oikCbkE;CyM89D6-P0c,...there. But look at the window just here. So that's a nice just manually operated sliding window. I've got the opening sunroof,
riviera 4300 sports express,Riviera,4300 SPORTS express,Riviera 4300 SPORTS express,43.0,attribute,mission,overnight_capable,Overnight Capable,true,,0.86,1,api0oikCbkE;CyM89D6-P0c,...this into a bit of a dayb bed. Possibly sleep some overnight here. The accommodation for a boat of this size is...,
riviera 4300 sports express,Riviera,4300 SPORTS express,Riviera 4300 SPORTS express,43.0,attribute,accommodation,separate_shower,Separate Shower,true,,0.94,1,api0oikCbkE;CyM89D6-P0c,"Okay, separate shower. So, it's a great head. Basically, we've got a full It's not a rain head shower. It's one of...",
riviera 4300 sports express,Riviera,4300 SPORTS express,Riviera 4300 SPORTS express,43.0,attribute,storage,tender_garage,Tender Garage,true,,0.96,1,api0oikCbkE;CyM89D6-P0c,"...it out of the way and you got your own little toy garage. To be fair, I have seen a slightly better...",
riviera 4300 sports express,Riviera,4300 SPORTS express,Riviera 4300 SPORTS express,43.0,attribute,mission,watersports_suitable,Watersports Suitable,true,,0.87,2,api0oikCbkE;CyM89D6-P0c,"...and you see your life going in the direction of more water sports, activity, entertaining, and as I said, you got some...",
riviera 46 smy,Riviera,46 SPORT MOTOR YACHT,Riviera 46 SPORT MOTOR YACHT,46.0,category,category,sport-yacht,Sport Yacht,true,,0.97,2,YT0Miz8tKDA,comparison uh between the 4600 sport yacht Platinum plat Platinum say that,
riviera 46 smy,Riviera,46 SPORT MOTOR YACHT,Riviera 46 SPORT MOTOR YACHT,46.0,category,category,walkaround-day-boat,Walkaround Day Boat,true,,0.87,1,YT0Miz8tKDA,sedan style boat so if you've had a a outboard day boat or a sports Cruis or a sedan boat before um...,
riviera 46 smy,Riviera,46 SPORT MOTOR YACHT,Riviera 46 SPORT MOTOR YACHT,46.0,attribute,dimensions,length_feet,Length Feet,46 ft,ft,0.937,0,YT0Miz8tKDA,,
riviera 46 smy,Riviera,46 SPORT MOTOR YACHT,Riviera 46 SPORT MOTOR YACHT,46.0,attribute,powertrain,drive_type,Drive Type,outboard,,0.94,1,YT0Miz8tKDA,sedan style boat so if you've had a a outboard day boat or a sports Cruis or a sedan boat before um...,
riviera 46 smy,Riviera,46 SPORT MOTOR YACHT,Riviera 46 SPORT MOTOR YACHT,46.0,attribute,handling,dynamic_positioning,Dynamic Positioning,true,,0.94,3,YT0Miz8tKDA,have here is the DPS so I can now press this button Bo Boom the boat now is is,
riviera 46 smy,Riviera,46 SPORT MOTOR YACHT,Riviera 46 SPORT MOTOR YACHT,46.0,attribute,systems,generator,Generator,true,,0.93,1,YT0Miz8tKDA,auto I have the gyro generator on and the gyro,
riviera 46 smy,Riviera,46 SPORT MOTOR YACHT,Riviera 46 SPORT MOTOR YACHT,46.0,attribute,performance,max_observed_speed_knots,Max Observed Speed Knots,8 kn,kn,0.89,1,YT0Miz8tKDA,...just so I'm just interested now see what happens to the fuel flow I'm seeing 30 L I'm still doing 8 knots,numeric_sanity_review
riviera 4600 sport,Riviera,4600 SPORT YACHT platinum,Riviera 4600 SPORT YACHT platinum,46.0,category,category,sport-yacht,Sport Yacht,true,,0.99,5,xXMcBsBHnYY;DICEdZh68JU,...new you can be a one-fifth owner in this Riviera 4600 sport yacht Platinum how cool is that I'll get into more...,
riviera 4600 sport,Riviera,4600 SPORT YACHT platinum,Riviera 4600 SPORT YACHT platinum,46.0,attribute,dimensions,length_feet,Length Feet,46 ft,ft,0.937,0,xXMcBsBHnYY;DICEdZh68JU,,
riviera 4600 sport,Riviera,4600 SPORT YACHT platinum,Riviera 4600 SPORT YACHT platinum,46.0,attribute,comfort,air_conditioning,Air Conditioning,true,,0.92,5,xXMcBsBHnYY;DICEdZh68JU,...well of an evening it's warm let's get into enjoy this air conditioning so we have the generator running right now and...,
riviera 4600 sport,Riviera,4600 SPORT YACHT platinum,Riviera 4600 SPORT YACHT platinum,46.0,attribute,performance,cruise_speed_knots,Cruise Speed Knots,28 kn,kn,0.93,1,xXMcBsBHnYY;DICEdZh68JU,if you're in Flat Water just cruise this boat at 27 to 28 knots guys do 30 knots if you want you...,
riviera 4600 sport,Riviera,4600 SPORT YACHT platinum,Riviera 4600 SPORT YACHT platinum,46.0,attribute,powertrain,drive_type,Drive Type,ips-pod,,0.98,4,xXMcBsBHnYY;DICEdZh68JU,...as we go into the flight of water so Motors wise we're running the Volvo IPS 800s that does not mean 800,multiple_values_review
riviera 4600 sport,Riviera,4600 SPORT YACHT platinum,Riviera 4600 SPORT YACHT platinum,46.0,attribute,powertrain,drive_type,Drive Type,outboard,,0.96,3,xXMcBsBHnYY;DICEdZh68JU,...the platform form out the back here you can do a rigid inflatable center console with an outboard 20 horsepower type Vibe,comparison_context_review;multiple_values_review
riviera 4600 sport,Riviera,4600 SPORT YACHT platinum,Riviera 4600 SPORT YACHT platinum,46.0,attribute,powertrain,engine_power_hp,Engine Power Hp,600 hp,hp,0.91,4,xXMcBsBHnYY;DICEdZh68JU,...the platform form out the back here you can do a rigid inflatable center console with an outboard 20 horsepower type Vibe,
riviera 4600 sport,Riviera,4600 SPORT YACHT platinum,Riviera 4600 SPORT YACHT platinum,46.0,attribute,capacity,fuel_capacity_l,Fuel Capacity L,100 L,L,0.95,2,xXMcBsBHnYY;DICEdZh68JU,reasonably efficiently for what is we're running a 19.2 ton boat we've got 2 100 liters of fuel we've got about 610,
riviera 4600 sport,Riviera,4600 SPORT YACHT platinum,Riviera 4600 SPORT YACHT platinum,46.0,attribute,accommodation,galley,Galley,true,,0.9,4,xXMcBsBHnYY;DICEdZh68JU,...through the ocean and nothing fell out of place but The Galley this is the modern layout this is what you see...,
riviera 4600 sport,Riviera,4600 SPORT YACHT platinum,Riviera 4600 SPORT YACHT platinum,46.0,attribute,systems,generator,Generator,true,,0.93,2,xXMcBsBHnYY;DICEdZh68JU,...let's get into enjoy this air conditioning so we have the generator running right now and we've got the gyro on so...,
riviera 4600 sport,Riviera,4600 SPORT YACHT platinum,Riviera 4600 SPORT YACHT platinum,46.0,attribute,hull,hull_form,Hull Form,rib,,0.95,1,xXMcBsBHnYY;DICEdZh68JU,...the platform form out the back here you can do a rigid inflatable center console with an outboard 20 horsepower type Vibe,
riviera 4600 sport,Riviera,4600 SPORT YACHT platinum,Riviera 4600 SPORT YACHT platinum,46.0,attribute,mission,offshore_capable,Offshore Capable,true,,0.88,3,xXMcBsBHnYY;DICEdZh68JU,warn your guests before you go belting through calm Waters and then into offshore conditions and just don't even,
riviera 4600 sport,Riviera,4600 SPORT YACHT platinum,Riviera 4600 SPORT YACHT platinum,46.0,attribute,weather,opening_sunroof,Opening Sunroof,true,,0.93,1,xXMcBsBHnYY;DICEdZh68JU,...sort of view so over us just here we have this opening sunroof it's not a glass sunroof we really want to...,
riviera 4600 sport,Riviera,4600 SPORT YACHT platinum,Riviera 4600 SPORT YACHT platinum,46.0,attribute,character,premium_styling,Premium Styling,true,,0.82,3,xXMcBsBHnYY;DICEdZh68JU,...face it would look a little bit awkward on such a sexy boat like this you can Stow that away including these...,
riviera 4600 sport,Riviera,4600 SPORT YACHT platinum,Riviera 4600 SPORT YACHT platinum,46.0,attribute,accommodation,separate_shower,Separate Shower,true,,0.94,1,xXMcBsBHnYY;DICEdZh68JU,...not a problem again a vacu flush head and a proper separate shower you could sit down on this Tech ledge here...,
riviera 4600 sport,Riviera,4600 SPORT YACHT platinum,Riviera 4600 SPORT YACHT platinum,46.0,attribute,storage,tender_garage,Tender Garage,true,,0.96,1,xXMcBsBHnYY;DICEdZh68JU,because this is the 4600 we can't have a full tender Garage on this boat so what we have is a toy...,
riviera 4600 sport,Riviera,4600 SPORT YACHT platinum,Riviera 4600 SPORT YACHT platinum,46.0,attribute,capacity,water_capacity_l,Water Capacity L,300 L,L,0.93,1,xXMcBsBHnYY;DICEdZh68JU,we can just see the water tank so they're going to be about 300 liters each those water tanks so space wise...,
riviera 4600 sport,Riviera,4600 SPORT YACHT platinum,Riviera 4600 SPORT YACHT platinum,46.0,attribute,systems,watermaker,Watermaker,true,,0.96,1,xXMcBsBHnYY;DICEdZh68JU,say that's something to do with the water maker and as we can see just here we do have a blue water...,
riviera 465,Riviera,465 SUV,Riviera 465 SUV,46.5,category,category,luxury-med-day-boat,Luxury Med Day Boat,true,,0.98,2,wY1AV5aueQw;8U4e7Wp2NDI,be as manageable and is it offering you perhaps a little bit more than that big luxury day boat that you've probably,
riviera 465,Riviera,465 SUV,Riviera 465 SUV,46.5,category,category,sport-yacht,Sport Yacht,true,,0.97,1,wY1AV5aueQw;8U4e7Wp2NDI,...the SUV um you might have already seen the 4600 uh sport yacht platinum on my channel so it's similar in size...,
riviera 465,Riviera,465 SUV,Riviera 465 SUV,46.5,category,category,sports-cruiser,Sports Cruiser,true,,0.97,3,wY1AV5aueQw;8U4e7Wp2NDI,if you're coming from something like a big outboard power day boat or a sports Cruiser this is going to feel familiar,
riviera 465,Riviera,465 SUV,Riviera 465 SUV,46.5,category,category,walkaround-day-boat,Walkaround Day Boat,true,,0.89,5,wY1AV5aueQw;8U4e7Wp2NDI,if you're coming from something like a big outboard power day boat or a sports Cruiser this is going to feel familiar,
riviera 465,Riviera,465 SUV,Riviera 465 SUV,46.5,attribute,dimensions,length_feet,Length Feet,46.5 ft,ft,0.937,0,wY1AV5aueQw;8U4e7Wp2NDI,,
riviera 465,Riviera,465 SUV,Riviera 465 SUV,46.5,attribute,comfort,air_conditioning,Air Conditioning,true,,0.92,2,wY1AV5aueQw;8U4e7Wp2NDI,...factory it really is that that simple um that's it so air conditioning uh control is just there we have uh two...,
riviera 465,Riviera,465 SUV,Riviera 465 SUV,46.5,attribute,accommodation,cabins,Cabins,3 count,count,0.93,1,wY1AV5aueQw;8U4e7Wp2NDI,...a bit of boating and even though this is something with three cabins and two toilets and will'll accommodate a whole family...,
riviera 465,Riviera,465 SUV,Riviera 465 SUV,46.5,attribute,performance,cruise_speed_knots,Cruise Speed Knots,27 kn,kn,0.93,1,wY1AV5aueQw;8U4e7Wp2NDI,going to bring the boat up to a 27 knot Cruise speed as we roll through a couple of waves so this...,
riviera 465,Riviera,465 SUV,Riviera 465 SUV,46.5,attribute,powertrain,drive_type,Drive Type,ips-pod,,0.98,3,wY1AV5aueQw;8U4e7Wp2NDI,"now and speed increasing 2,500 revs so we got the IPS 800 that means 600",multiple_values_review
riviera 465,Riviera,465 SUV,Riviera 465 SUV,46.5,attribute,powertrain,drive_type,Drive Type,outboard,,0.94,3,wY1AV5aueQw;8U4e7Wp2NDI,if you're coming from something like a big outboard power day boat or a sports Cruiser this is going to feel familiar,multiple_values_review
riviera 465,Riviera,465 SUV,Riviera 465 SUV,46.5,attribute,handling,dynamic_positioning,Dynamic Positioning,true,,0.94,2,wY1AV5aueQw;8U4e7Wp2NDI,okay guys so I've just pressed DPS again found our Anchorage uh I'm just going to run forward and release the,
riviera 465,Riviera,465 SUV,Riviera 465 SUV,46.5,attribute,powertrain,engine_power_hp,Engine Power Hp,800 hp,hp,0.89,2,wY1AV5aueQw;8U4e7Wp2NDI,...and these are the Volvo Penta IPS 800 so they are 600 horsepower let me just step back a bit so you...,
riviera 465,Riviera,465 SUV,Riviera 465 SUV,46.5,attribute,accommodation,galley,Galley,true,,0.9,1,wY1AV5aueQw;8U4e7Wp2NDI,...of time and be comfortable but let's just focus on this Galley before we get there so uh u-shaped Galley we've got...,
riviera 465,Riviera,465 SUV,Riviera 465 SUV,46.5,attribute,accommodation,heads,Heads,2 count,count,0.93,1,wY1AV5aueQw;8U4e7Wp2NDI,...just here so the day head is cuz this is a two head boat is also shared by the accommodation so this...,
riviera 465,Riviera,465 SUV,Riviera 465 SUV,46.5,attribute,access,hydraulic_swim_platform,Hydraulic Swim Platform,true,,0.96,1,wY1AV5aueQw;8U4e7Wp2NDI,...when it's been lowered in the water and this is a hydraulic platform so yes it does drop down deploy the tender...,
riviera 465,Riviera,465 SUV,Riviera 465 SUV,46.5,attribute,performance,max_observed_speed_knots,Max Observed Speed Knots,33 kn,kn,0.89,2,wY1AV5aueQw;8U4e7Wp2NDI,knots and above and right now I'm at 24 knots burning 150 L total that's 6 3 L,
riviera 465,Riviera,465 SUV,Riviera 465 SUV,46.5,attribute,weather,opening_sunroof,Opening Sunroof,true,,0.93,2,wY1AV5aueQw;8U4e7Wp2NDI,...best looking things in the range and then you've got the opening sunroof we've got the radar Mast VHF that's all been...,
riviera 465,Riviera,465 SUV,Riviera 465 SUV,46.5,attribute,accommodation,separate_shower,Separate Shower,true,,0.94,1,wY1AV5aueQw;8U4e7Wp2NDI,this is the day head access we do have the separate shower similar vanity nice mirror there it all works well but...,
riviera 465,Riviera,465 SUV,Riviera 465 SUV,46.5,attribute,mission,watersports_suitable,Watersports Suitable,true,,0.87,2,wY1AV5aueQw;8U4e7Wp2NDI,...vibe so if you want to do some of your fishing water sports if you're maybe a bit more of an active...,
riviera 50 smy,Riviera,50 SPORTS MOTOR YACHT,Riviera 50 SPORTS MOTOR YACHT,50.0,category,category,walkaround-day-boat,Walkaround Day Boat,true,,0.87,1,bOE_SBXopnI;9zX04y2BhDQ,...sort of mix where it's great coastal cruising. It's a great day boat. It's a great liveaboard. And in particular for this...,
riviera 50 smy,Riviera,50 SPORTS MOTOR YACHT,Riviera 50 SPORTS MOTOR YACHT,50.0,attribute,dimensions,length_feet,Length Feet,50 ft,ft,0.937,0,bOE_SBXopnI;9zX04y2BhDQ,,
riviera 50 smy,Riviera,50 SPORTS MOTOR YACHT,Riviera 50 SPORTS MOTOR YACHT,50.0,attribute,comfort,air_conditioning,Air Conditioning,true,,0.92,5,bOE_SBXopnI;9zX04y2BhDQ,"...you want natural air ventilation, that's the go. We got the air conditioning on today cuz it's actually not too hot. It's...",
riviera 50 smy,Riviera,50 SPORTS MOTOR YACHT,Riviera 50 SPORTS MOTOR YACHT,50.0,attribute,accommodation,cabins,Cabins,3 count,count,0.93,1,bOE_SBXopnI;9zX04y2BhDQ,"...still do a couple of kids as well cuz we've got three cabins. So, um that's nice to have that extra option,...",
riviera 50 smy,Riviera,50 SPORTS MOTOR YACHT,Riviera 50 SPORTS MOTOR YACHT,50.0,attribute,powertrain,drive_type,Drive Type,ips-pod,,0.98,4,bOE_SBXopnI;9zX04y2BhDQ,"where an IPS is actually going to help you. All clear on star, but heaps of room because you can just hold...",multiple_values_review
riviera 50 smy,Riviera,50 SPORTS MOTOR YACHT,Riviera 50 SPORTS MOTOR YACHT,50.0,attribute,powertrain,drive_type,Drive Type,outboard,,0.96,2,bOE_SBXopnI;9zX04y2BhDQ,"What do I mean by that? If you're coming from an outboard powered boat, an inboard powered boat, and you are looking...",multiple_values_review
riviera 50 smy,Riviera,50 SPORTS MOTOR YACHT,Riviera 50 SPORTS MOTOR YACHT,50.0,attribute,handling,dynamic_positioning,Dynamic Positioning,true,,0.94,3,bOE_SBXopnI;9zX04y2BhDQ,And remember with the DPS You can just hold position if you are,
riviera 50 smy,Riviera,50 SPORTS MOTOR YACHT,Riviera 50 SPORTS MOTOR YACHT,50.0,attribute,accommodation,galley,Galley,true,,0.9,2,bOE_SBXopnI;9zX04y2BhDQ,"...if you're in a big seaway, but it's it's not really a drama. Come on down. Let's check out the galley. So",
riviera 50 smy,Riviera,50 SPORTS MOTOR YACHT,Riviera 50 SPORTS MOTOR YACHT,50.0,attribute,systems,generator,Generator,true,,0.93,3,bOE_SBXopnI;9zX04y2BhDQ,"All right. Okay, so we do have a uh gyro generator on gyro on this boat. We are",
riviera 50 smy,Riviera,50 SPORTS MOTOR YACHT,Riviera 50 SPORTS MOTOR YACHT,50.0,attribute,mission,long_range_suitable,Long Range Suitable,true,,0.91,1,bOE_SBXopnI;9zX04y2BhDQ,"So that's long range, slow cruise and non-offensive.",
riviera 50 smy,Riviera,50 SPORTS MOTOR YACHT,Riviera 50 SPORTS MOTOR YACHT,50.0,attribute,performance,max_observed_speed_knots,Max Observed Speed Knots,9.5 kn,kn,0.89,1,bOE_SBXopnI;9zX04y2BhDQ,"answer that question um accurately. So here we are at 9.5 knots s,00",numeric_sanity_review
riviera 50 smy,Riviera,50 SPORTS MOTOR YACHT,Riviera 50 SPORTS MOTOR YACHT,50.0,attribute,accommodation,separate_shower,Separate Shower,true,,0.94,2,bOE_SBXopnI;9zX04y2BhDQ,"...door behind this door to go into this head. So, toilet, separate shower just here. I'll jump in for perspective. So, that's...",
riviera 505,Riviera,505 SUV,Riviera 505 SUV,50.5,category,category,sport-yacht,Sport Yacht,true,,0.97,2,WFW2DJlvG88;AXrtpnlyRp0,"...boat's uh hulls in detail when you compare them to the sports yachts, some of the other models. If you're someone who...",
riviera 505,Riviera,505 SUV,Riviera 505 SUV,50.5,attribute,dimensions,length_feet,Length Feet,50.5 ft,ft,0.982315,0,WFW2DJlvG88;AXrtpnlyRp0,,
riviera 505,Riviera,505 SUV,Riviera 505 SUV,50.5,attribute,comfort,air_conditioning,Air Conditioning,true,,0.92,5,WFW2DJlvG88;AXrtpnlyRp0,...do like just come back here. These big we do have air conditioning of course it's a Riviera but look at these...,
riviera 505,Riviera,505 SUV,Riviera 505 SUV,50.5,attribute,powertrain,drive_type,Drive Type,ips-pod,,0.98,5,WFW2DJlvG88;AXrtpnlyRp0,"725 horsepower on each motor on these IPS Volvos,",comparison_context_review
riviera 505,Riviera,505 SUV,Riviera 505 SUV,50.5,attribute,handling,dynamic_positioning,Dynamic Positioning,true,,0.94,5,WFW2DJlvG88;AXrtpnlyRp0,"hold station. This dynamic positioning system is so freaking good. You can actually, as we are right now, hold",
riviera 505,Riviera,505 SUV,Riviera 505 SUV,50.5,attribute,powertrain,engine_power_hp,Engine Power Hp,725 hp,hp,0.89,1,WFW2DJlvG88;AXrtpnlyRp0,"725 horsepower on each motor on these IPS Volvos,",
riviera 505,Riviera,505 SUV,Riviera 505 SUV,50.5,attribute,capacity,fuel_capacity_l,Fuel Capacity L,200 L,L,0.93,1,WFW2DJlvG88;AXrtpnlyRp0,"sit on 27 knots all day long, burn 200 L of fuel. Excellent. Um, inshore, well, we saw 35. Like, she's a...",
riviera 505,Riviera,505 SUV,Riviera 505 SUV,50.5,attribute,accommodation,galley,Galley,true,,0.9,1,WFW2DJlvG88;AXrtpnlyRp0,"...that's kind of handy. And then we come into this U-shaped galley, which is really easy to work. So, there's a lot...",
riviera 505,Riviera,505 SUV,Riviera 505 SUV,50.5,attribute,systems,generator,Generator,true,,0.93,5,WFW2DJlvG88;AXrtpnlyRp0,And that is your generator and other large items attached to that one. You can parallel them all. So that's in an,
riviera 505,Riviera,505 SUV,Riviera 505 SUV,50.5,attribute,hull,hull_form,Hull Form,rib,,0.95,1,WFW2DJlvG88;AXrtpnlyRp0,"...pleasurable for you. But we can see the anchor equipment, typical rib stuff. We can any mess that gets created by the...",
riviera 505,Riviera,505 SUV,Riviera 505 SUV,50.5,attribute,accommodation,separate_shower,Separate Shower,true,,0.94,1,WFW2DJlvG88;AXrtpnlyRp0,"...come in a and you've actually got your own beautiful head, separate shower, nice vanity. So just check out this door. It's...",
riviera 505,Riviera,505 SUV,Riviera 505 SUV,50.5,attribute,storage,tender_garage,Tender Garage,false,,0.96,1,WFW2DJlvG88;AXrtpnlyRp0,"...space. You know, also I guess cuz we don't have a tender garage, we've just got those storage boxes. It's allowing us...",
riviera 505,Riviera,505 SUV,Riviera 505 SUV,50.5,attribute,performance,top_speed_knots,Top Speed Knots,29 kn,kn,0.93,1,WFW2DJlvG88;AXrtpnlyRp0,Why not? Even though it's not a full speed in the ocean test. 29 knots.,
riviera 505,Riviera,505 SUV,Riviera 505 SUV,50.5,attribute,mission,watersports_suitable,Watersports Suitable,true,,0.87,3,WFW2DJlvG88;AXrtpnlyRp0,...as well. The off deck here is where some of you water sports fishing uh you know water aqua men or women...,
riviera 5400 sport,Riviera,5400 SPORT YACHT platinum,Riviera 5400 SPORT YACHT platinum,54.0,category,category,sport-yacht,Sport Yacht,true,,0.99,4,F-dYQPUMKpM;q1oL0tWZ6Pk,okay guys welcome to the Riviera 5400 sport yacht Platinum Walkthrough um if you're interested in how this boat test,
riviera 5400 sport,Riviera,5400 SPORT YACHT platinum,Riviera 5400 SPORT YACHT platinum,54.0,attribute,dimensions,length_feet,Length Feet,54 ft,ft,0.937,0,F-dYQPUMKpM;q1oL0tWZ6Pk,,
riviera 5400 sport,Riviera,5400 SPORT YACHT platinum,Riviera 5400 SPORT YACHT platinum,54.0,attribute,comfort,air_conditioning,Air Conditioning,true,,0.92,5,F-dYQPUMKpM;q1oL0tWZ6Pk,lights night and saloon so that's all lights operation just there this looks like the air con is that right yeah it,
riviera 5400 sport,Riviera,5400 SPORT YACHT platinum,Riviera 5400 SPORT YACHT platinum,54.0,attribute,accommodation,berths,Berths,6 count,count,0.93,1,F-dYQPUMKpM;q1oL0tWZ6Pk,it all um sleep six in Comfort let's go check out the engine bay okay so this is,
riviera 5400 sport,Riviera,5400 SPORT YACHT platinum,Riviera 5400 SPORT YACHT platinum,54.0,attribute,powertrain,drive_type,Drive Type,ips-pod,,0.98,5,F-dYQPUMKpM;q1oL0tWZ6Pk,to the IPS just through here the engine room access is another hatch come on into the cockpit area and just,multiple_values_review
riviera 5400 sport,Riviera,5400 SPORT YACHT platinum,Riviera 5400 SPORT YACHT platinum,54.0,attribute,powertrain,drive_type,Drive Type,outboard,,0.94,2,F-dYQPUMKpM;q1oL0tWZ6Pk,...a 26 ton boat sideways into the dock compared to what you were used to perhaps with your Outboards or with your,comparison_context_review;multiple_values_review
riviera 5400 sport,Riviera,5400 SPORT YACHT platinum,Riviera 5400 SPORT YACHT platinum,54.0,attribute,powertrain,drive_type,Drive Type,shaft,,0.95,1,F-dYQPUMKpM;q1oL0tWZ6Pk,shaft drives before I just haven't seen one of these before I'm sure they've been around for a while but it's just...,multiple_values_review
riviera 5400 sport,Riviera,5400 SPORT YACHT platinum,Riviera 5400 SPORT YACHT platinum,54.0,attribute,powertrain,engine_count,Engine Count,1 count,count,0.93,1,F-dYQPUMKpM;q1oL0tWZ6Pk,...cuz we have two with a rope protector or rub rail just there and single diesel tank so diesel in water in,
riviera 5400 sport,Riviera,5400 SPORT YACHT platinum,Riviera 5400 SPORT YACHT platinum,54.0,attribute,powertrain,engine_power_hp,Engine Power Hp,725 hp,hp,0.91,2,F-dYQPUMKpM;q1oL0tWZ6Pk,...a little bit more so it's the IPS 1100 is a 725 horsepower I didn't mention that before but we'll do a...,
riviera 5400 sport,Riviera,5400 SPORT YACHT platinum,Riviera 5400 SPORT YACHT platinum,54.0,attribute,accommodation,galley,Galley,true,,0.9,4,F-dYQPUMKpM;q1oL0tWZ6Pk,there easy to operate okay all right in we go let's check out the galley um,
riviera 5400 sport,Riviera,5400 SPORT YACHT platinum,Riviera 5400 SPORT YACHT platinum,54.0,attribute,mission,offshore_capable,Offshore Capable,true,,0.88,1,F-dYQPUMKpM;q1oL0tWZ6Pk,is at a premium top end an offshore capable boat that's going to last a long time and I believe this 5400...,
riviera 5400 sport,Riviera,5400 SPORT YACHT platinum,Riviera 5400 SPORT YACHT platinum,54.0,attribute,character,premium_styling,Premium Styling,true,,0.82,2,F-dYQPUMKpM;q1oL0tWZ6Pk,illuminate the back of the boat these things got really really gorgeous lines at of a nighttime um makes the boat a...,
riviera 5400 sport,Riviera,5400 SPORT YACHT platinum,Riviera 5400 SPORT YACHT platinum,54.0,attribute,character,quiet_ride,Quiet Ride,true,,0.85,1,F-dYQPUMKpM;q1oL0tWZ6Pk,...worth pointing out so I'll shut up for this it's a very quiet ride so I'm just going to shut up a...,
riviera 5400 sport,Riviera,5400 SPORT YACHT platinum,Riviera 5400 SPORT YACHT platinum,54.0,attribute,storage,tender_garage,Tender Garage,true,,0.96,4,F-dYQPUMKpM;q1oL0tWZ6Pk,...don't store the tender here this boat is big enough for a proper tender garage and we'll cut to some shots of,
riviera 5400 sport,Riviera,5400 SPORT YACHT platinum,Riviera 5400 SPORT YACHT platinum,54.0,attribute,capacity,water_capacity_l,Water Capacity L,800 L,L,0.93,1,F-dYQPUMKpM;q1oL0tWZ6Pk,about 800 L of water on board underneath the melee oven yeah forgot for a sec um is,
riviera 5400 sport,Riviera,5400 SPORT YACHT platinum,Riviera 5400 SPORT YACHT platinum,54.0,attribute,systems,watermaker,Watermaker,true,,0.96,3,F-dYQPUMKpM;q1oL0tWZ6Pk,...ton light ship 3 000 total fuel 800 water 400 holding tank got a water maker on board got a gen set,
riviera 5600 sport,Riviera,5600 SPORT YACHT platinum,Riviera 5600 SPORT YACHT platinum,56.0,category,category,explorer-expedition,Explorer Expedition,true,,0.97,1,bwRFIL0L0SU;-vtAh57dQ8Q,"...do a shortened course today cuz there is a super cool explorer yacht with a helicopter, a sea plane, and an epic...",
riviera 5600 sport,Riviera,5600 SPORT YACHT platinum,Riviera 5600 SPORT YACHT platinum,56.0,category,category,sport-yacht,Sport Yacht,true,,0.97,5,bwRFIL0L0SU;-vtAh57dQ8Q,Riviera 5600 Sport Yacht [music],
riviera 5600 sport,Riviera,5600 SPORT YACHT platinum,Riviera 5600 SPORT YACHT platinum,56.0,attribute,dimensions,length_feet,Length Feet,56 ft,ft,0.937,0,bwRFIL0L0SU;-vtAh57dQ8Q,,
riviera 5600 sport,Riviera,5600 SPORT YACHT platinum,Riviera 5600 SPORT YACHT platinum,56.0,attribute,comfort,air_conditioning,Air Conditioning,true,,0.92,3,bwRFIL0L0SU;-vtAh57dQ8Q,...because now you have this connection with the seat rather than living in the air conditioning. Turn on the gyro again. Um,
riviera 5600 sport,Riviera,5600 SPORT YACHT platinum,Riviera 5600 SPORT YACHT platinum,56.0,attribute,powertrain,drive_type,Drive Type,ips-pod,,0.98,3,bwRFIL0L0SU;-vtAh57dQ8Q,we checked. Volvo IPS 950s. Those are um pod drives obviously and they are the,multiple_values_review
riviera 5600 sport,Riviera,5600 SPORT YACHT platinum,Riviera 5600 SPORT YACHT platinum,56.0,attribute,powertrain,drive_type,Drive Type,outboard,,0.94,1,bwRFIL0L0SU;-vtAh57dQ8Q,outboard engine in the tender garage.,multiple_values_review
riviera 5600 sport,Riviera,5600 SPORT YACHT platinum,Riviera 5600 SPORT YACHT platinum,56.0,attribute,handling,dynamic_positioning,Dynamic Positioning,true,,0.94,5,bwRFIL0L0SU;-vtAh57dQ8Q,"there. So, I can just hold station by doing the DPS here, which is just going to hold us in position. We've...",
riviera 5600 sport,Riviera,5600 SPORT YACHT platinum,Riviera 5600 SPORT YACHT platinum,56.0,attribute,powertrain,engine_power_hp,Engine Power Hp,725 hp,hp,0.89,1,bwRFIL0L0SU;-vtAh57dQ8Q,725 horsepower each. And we're just going to get the boat up and moving.,
riviera 5600 sport,Riviera,5600 SPORT YACHT platinum,Riviera 5600 SPORT YACHT platinum,56.0,attribute,accommodation,galley,Galley,true,,0.9,5,bwRFIL0L0SU;-vtAh57dQ8Q,"galley, centrally mounted, and then",
riviera 5600 sport,Riviera,5600 SPORT YACHT platinum,Riviera 5600 SPORT YACHT platinum,56.0,attribute,systems,generator,Generator,true,,0.93,2,bwRFIL0L0SU;-vtAh57dQ8Q,I've turned my generator on and these,
riviera 5600 sport,Riviera,5600 SPORT YACHT platinum,Riviera 5600 SPORT YACHT platinum,56.0,attribute,systems,gyro_stabiliser,Gyro Stabiliser,true,,0.96,3,bwRFIL0L0SU;-vtAh57dQ8Q,"then add the Seakeeper stabilization,",
riviera 5600 sport,Riviera,5600 SPORT YACHT platinum,Riviera 5600 SPORT YACHT platinum,56.0,attribute,accommodation,heads,Heads,2 count,count,0.93,1,bwRFIL0L0SU;-vtAh57dQ8Q,"three double cabins, two heads toilets",
riviera 5600 sport,Riviera,5600 SPORT YACHT platinum,Riviera 5600 SPORT YACHT platinum,56.0,attribute,hull,hull_form,Hull Form,rib,,0.95,2,bwRFIL0L0SU;-vtAh57dQ8Q,typical rib. We just overloaded with,
riviera 5600 sport,Riviera,5600 SPORT YACHT platinum,Riviera 5600 SPORT YACHT platinum,56.0,attribute,performance,max_observed_speed_knots,Max Observed Speed Knots,20 kn,kn,0.89,1,bwRFIL0L0SU;-vtAh57dQ8Q,"So, so the boats, nothing's creaking, nothing's flexing. She feels solid. I feel confident. I'm doing 20 knots. I'd",
riviera 5600 sport,Riviera,5600 SPORT YACHT platinum,Riviera 5600 SPORT YACHT platinum,56.0,attribute,weather,opening_sunroof,Opening Sunroof,true,,0.93,1,bwRFIL0L0SU;-vtAh57dQ8Q,"opening sunroof. And this is clear, so",
riviera 5600 sport,Riviera,5600 SPORT YACHT platinum,Riviera 5600 SPORT YACHT platinum,56.0,attribute,mission,overnight_capable,Overnight Capable,true,,0.86,1,bwRFIL0L0SU;-vtAh57dQ8Q,overnighting in your inshore and coastal waters. I don't think that's so much of a drama. This is absolutely from what we,
riviera 5600 sport,Riviera,5600 SPORT YACHT platinum,Riviera 5600 SPORT YACHT platinum,56.0,attribute,character,premium_styling,Premium Styling,true,,0.82,1,bwRFIL0L0SU;-vtAh57dQ8Q,Looks beautiful. This particular design,
riviera 5600 sport,Riviera,5600 SPORT YACHT platinum,Riviera 5600 SPORT YACHT platinum,56.0,attribute,storage,tender_garage,Tender Garage,true,,0.96,4,bwRFIL0L0SU;-vtAh57dQ8Q,"tender garage, and we've got a fantastic",
riviera 5600 sport,Riviera,5600 SPORT YACHT platinum,Riviera 5600 SPORT YACHT platinum,56.0,attribute,capacity,water_capacity_l,Water Capacity L,800 L,L,0.93,1,bwRFIL0L0SU;-vtAh57dQ8Q,water in just here about 800 L water. I,
riviera 5600 sport,Riviera,5600 SPORT YACHT platinum,Riviera 5600 SPORT YACHT platinum,56.0,attribute,systems,watermaker,Watermaker,true,,0.96,1,bwRFIL0L0SU;-vtAh57dQ8Q,"starboard side, we have a water maker",
riviera 58 smy,Riviera,58 SPORTS MOTOR YACHT,Riviera 58 SPORTS MOTOR YACHT,58.0,attribute,dimensions,length_feet,Length Feet,58 ft,ft,0.937,0,gpfXmX06B1A;yaPUT7jed6c,,
riviera 58 smy,Riviera,58 SPORTS MOTOR YACHT,Riviera 58 SPORTS MOTOR YACHT,58.0,attribute,comfort,air_conditioning,Air Conditioning,configuration-dependent,,0.8,5,gpfXmX06B1A;yaPUT7jed6c,voice you could hold a conversation the air conditioning vents are everywhere I've got vents here here there so the,configuration_dependent
riviera 58 smy,Riviera,58 SPORTS MOTOR YACHT,Riviera 58 SPORTS MOTOR YACHT,58.0,attribute,accommodation,cabins,Cabins,1 count,count,0.93,1,gpfXmX06B1A;yaPUT7jed6c,...is doing that and they're thinking about the sound carrying from one cabin to another so your experience on board is just...,
riviera 58 smy,Riviera,58 SPORTS MOTOR YACHT,Riviera 58 SPORTS MOTOR YACHT,58.0,attribute,accommodation,crew_cabin,Crew Cabin,true,,0.89,1,gpfXmX06B1A;yaPUT7jed6c,get to in a sec because there is a an optional crew cabin but I think most of you are going to...,
riviera 58 smy,Riviera,58 SPORTS MOTOR YACHT,Riviera 58 SPORTS MOTOR YACHT,58.0,attribute,powertrain,drive_type,Drive Type,ips-pod,,0.98,5,gpfXmX06B1A;yaPUT7jed6c,"...active fins and we've got interceptors at the back operated through the same system we're running the Volvo IPS 1350s their 1,000",multiple_values_review
riviera 58 smy,Riviera,58 SPORTS MOTOR YACHT,Riviera 58 SPORTS MOTOR YACHT,58.0,attribute,powertrain,drive_type,Drive Type,outboard,,0.94,1,gpfXmX06B1A;yaPUT7jed6c,...to store a tender up here so this actually would allow for the space for an outboard should you need be you,multiple_values_review
riviera 58 smy,Riviera,58 SPORTS MOTOR YACHT,Riviera 58 SPORTS MOTOR YACHT,58.0,attribute,handling,dynamic_positioning,Dynamic Positioning,true,,0.94,4,gpfXmX06B1A;yaPUT7jed6c,and we have the Volvo DPS if you are interested in how this boat drives we have done that that's a separate...,
riviera 58 smy,Riviera,58 SPORTS MOTOR YACHT,Riviera 58 SPORTS MOTOR YACHT,58.0,attribute,mission,fishing_suitable,Fishing Suitable,true,,0.88,2,gpfXmX06B1A;yaPUT7jed6c,real estate functionality fishability and offshore performance those are the words that come to mind after I've had,
riviera 58 smy,Riviera,58 SPORTS MOTOR YACHT,Riviera 58 SPORTS MOTOR YACHT,58.0,attribute,accommodation,galley,Galley,true,,0.9,1,gpfXmX06B1A;yaPUT7jed6c,...the comments below and explain that to me um you shaped Galley on the starboard side so now obviously we're doing this...,
riviera 58 smy,Riviera,58 SPORTS MOTOR YACHT,Riviera 58 SPORTS MOTOR YACHT,58.0,attribute,systems,generator,Generator,true,,0.93,2,gpfXmX06B1A;yaPUT7jed6c,also have another wine storage just in here so we've got the generator running guys,
riviera 58 smy,Riviera,58 SPORTS MOTOR YACHT,Riviera 58 SPORTS MOTOR YACHT,58.0,attribute,mission,overnight_capable,Overnight Capable,true,,0.86,1,gpfXmX06B1A;yaPUT7jed6c,into another bed so it's emergency overnight sleeping but it's also another wonderful daybed area so if you've,
riviera 585,Riviera,585 SUV,Riviera 585 SUV,58.5,attribute,dimensions,length_feet,Length Feet,58.5 ft,ft,0.937,0,XoGRBRQfy1k;_u3gicL-p-c,,
riviera 585,Riviera,585 SUV,Riviera 585 SUV,58.5,attribute,comfort,air_conditioning,Air Conditioning,true,,0.92,5,XoGRBRQfy1k;_u3gicL-p-c,...guys now I'm going to increase that speed a little bit got the air conditioning running it's winter here on the goldie,
riviera 585,Riviera,585 SUV,Riviera 585 SUV,58.5,attribute,handling,bow_thruster,Bow Thruster,true,,0.96,1,XoGRBRQfy1k;_u3gicL-p-c,...some life jackets but you can also get access into the bow thruster from underneath here you can see we've got strip,
riviera 585,Riviera,585 SUV,Riviera 585 SUV,58.5,attribute,accommodation,crew_cabin,Crew Cabin,true,,0.96,5,XoGRBRQfy1k;_u3gicL-p-c,the fully crude boat thing and you want your crew cabin down after and away from you well it's not down after...,
riviera 585,Riviera,585 SUV,Riviera 585 SUV,58.5,attribute,powertrain,drive_type,Drive Type,electric,,0.92,1,XoGRBRQfy1k;_u3gicL-p-c,...a hidden switch now now watch this this is cool so those tracks that I pointed out before an electric motor is,multiple_values_review
riviera 585,Riviera,585 SUV,Riviera 585 SUV,58.5,attribute,powertrain,drive_type,Drive Type,ips-pod,,0.96,3,XoGRBRQfy1k;_u3gicL-p-c,access to the IPS drives I'm just going to open this one,multiple_values_review
riviera 585,Riviera,585 SUV,Riviera 585 SUV,58.5,attribute,handling,dynamic_positioning,Dynamic Positioning,true,,0.94,1,XoGRBRQfy1k;_u3gicL-p-c,...go in small increments yeah so if you have a look at the screen here I will engage Dynamic positioning system which,
riviera 585,Riviera,585 SUV,Riviera 585 SUV,58.5,attribute,accommodation,galley,Galley,true,,0.9,4,XoGRBRQfy1k;_u3gicL-p-c,the galley and then we'll make our way around I'm just going to point out all The Cutlery and the glass where...,
riviera 585,Riviera,585 SUV,Riviera 585 SUV,58.5,attribute,systems,generator,Generator,true,,0.93,2,XoGRBRQfy1k;_u3gicL-p-c,...at the moment so I'm gonna and we also have the generator on what I'm going to do I'm going to go...,
riviera 585,Riviera,585 SUV,Riviera 585 SUV,58.5,attribute,performance,max_observed_speed_knots,Max Observed Speed Knots,37 kn,kn,0.89,1,XoGRBRQfy1k;_u3gicL-p-c,...load on the motors the Barrel Race actually has been quite minimal and I'm at 37 knots and climbing oh my God,
riviera 585,Riviera,585 SUV,Riviera 585 SUV,58.5,attribute,mission,offshore_capable,Offshore Capable,true,,0.88,1,XoGRBRQfy1k;_u3gicL-p-c,I'm not the sort of guy to go belting boats in offshore conditions um I would really pick my times but you,
riviera 585,Riviera,585 SUV,Riviera 585 SUV,58.5,attribute,accommodation,separate_shower,Separate Shower,true,,0.94,3,XoGRBRQfy1k;_u3gicL-p-c,...cabin because all you're doing is stepping across there and the VIP and the master have their own so separate shower we've,
riviera 585,Riviera,585 SUV,Riviera 585 SUV,58.5,attribute,systems,watermaker,Watermaker,true,,0.96,1,XoGRBRQfy1k;_u3gicL-p-c,because I imagine most people only operating this boat but you do you we have water maker down here on the,
riviera 585,Riviera,585 SUV,Riviera 585 SUV,58.5,attribute,mission,watersports_suitable,Watersports Suitable,true,,0.87,2,XoGRBRQfy1k;_u3gicL-p-c,sports guys and girls you know if you're into all these foiling electric boards all these different new water sports,
riviera 6000 sport,Riviera,6000 SPORT YACHT platinum,Riviera 6000 SPORT YACHT platinum,60.0,category,category,sport-yacht,Sport Yacht,true,,0.99,5,UdidCQLzrmI;DswdmmPDxIw,"...and out. So ladies and gents, this is the Riviera 6000 Sport Yacht Platinum. She's an absolute perfect entertainer and she's a...",
riviera 6000 sport,Riviera,6000 SPORT YACHT platinum,Riviera 6000 SPORT YACHT platinum,60.0,category,category,sports-cruiser,Sports Cruiser,true,,0.97,1,UdidCQLzrmI;DswdmmPDxIw,...open fly bridge boats where you got covers everywhere or some sports cruisers where you got to zip up all the clears....,
riviera 6000 sport,Riviera,6000 SPORT YACHT platinum,Riviera 6000 SPORT YACHT platinum,60.0,attribute,dimensions,length_feet,Length Feet,60 ft,ft,0.937,0,UdidCQLzrmI;DswdmmPDxIw,,
riviera 6000 sport,Riviera,6000 SPORT YACHT platinum,Riviera 6000 SPORT YACHT platinum,60.0,attribute,comfort,air_conditioning,Air Conditioning,true,,0.92,5,UdidCQLzrmI;DswdmmPDxIw,"...protection, opening windows, uh air flow if we choose, generator, gyro, air conditioning, or heat as well. So you pick the season,...",
riviera 6000 sport,Riviera,6000 SPORT YACHT platinum,Riviera 6000 SPORT YACHT platinum,60.0,attribute,accommodation,crew_cabin,Crew Cabin,true,,0.96,2,UdidCQLzrmI;DswdmmPDxIw,"...a waterproof door. Come on in. And this would be either the crew cabin or as we have it in this function,",
riviera 6000 sport,Riviera,6000 SPORT YACHT platinum,Riviera 6000 SPORT YACHT platinum,60.0,attribute,powertrain,drive_type,Drive Type,ips-pod,,0.96,3,UdidCQLzrmI;DswdmmPDxIw,"...forward. However, they're also touchscreen. We are twin uh twin engine IPS uh D11s and we've got the DPS, so we can...",multiple_values_review
riviera 6000 sport,Riviera,6000 SPORT YACHT platinum,Riviera 6000 SPORT YACHT platinum,60.0,attribute,powertrain,drive_type,Drive Type,outboard,,0.94,1,UdidCQLzrmI;DswdmmPDxIw,...and you've got you do a little Senate console with an outboard engine uh inflatable rib will just slide out of her...,multiple_values_review
riviera 6000 sport,Riviera,6000 SPORT YACHT platinum,Riviera 6000 SPORT YACHT platinum,60.0,attribute,powertrain,drive_type,Drive Type,shaft,,0.95,1,UdidCQLzrmI;DswdmmPDxIw,"category. Um, although it's a shaft drive boat, so maybe harder to park. Um, Sunseeker Predator also doing a 65. Um, and...",multiple_values_review
riviera 6000 sport,Riviera,6000 SPORT YACHT platinum,Riviera 6000 SPORT YACHT platinum,60.0,attribute,handling,dynamic_positioning,Dynamic Positioning,true,,0.94,5,UdidCQLzrmI;DswdmmPDxIw,"...got two wing stations on this boat. And we can activate DPS, which is dynamic positioning system. We'd cover this in the...",
riviera 6000 sport,Riviera,6000 SPORT YACHT platinum,Riviera 6000 SPORT YACHT platinum,60.0,attribute,powertrain,engine_count,Engine Count,3 count,count,0.95,2,UdidCQLzrmI;DswdmmPDxIw,"...to reach forward. However, they're also touchscreen. We are twin uh twin engine IPS uh D11s and we've got the DPS, so...",
riviera 6000 sport,Riviera,6000 SPORT YACHT platinum,Riviera 6000 SPORT YACHT platinum,60.0,attribute,accommodation,galley,Galley,true,,0.9,1,UdidCQLzrmI;DswdmmPDxIw,"...rainy day, it'll be quite pleasant. So, we'll just cover this galley. Heaps going on. So, remember, we've already got a fridge...",
riviera 6000 sport,Riviera,6000 SPORT YACHT platinum,Riviera 6000 SPORT YACHT platinum,60.0,attribute,systems,generator,Generator,true,,0.93,4,UdidCQLzrmI;DswdmmPDxIw,"...full weather protection, opening windows, uh air flow if we choose, generator, gyro, air conditioning, or heat as well. So you pick...",
riviera 6000 sport,Riviera,6000 SPORT YACHT platinum,Riviera 6000 SPORT YACHT platinum,60.0,attribute,mission,great_loop_relevant,Great Loop Relevant,true,,0.94,2,UdidCQLzrmI;DswdmmPDxIw,"the great loop in the States, get under bridges, have a sedan style lower um lower height above the water line. So",
riviera 6000 sport,Riviera,6000 SPORT YACHT platinum,Riviera 6000 SPORT YACHT platinum,60.0,attribute,hull,hull_form,Hull Form,rib,,0.95,1,UdidCQLzrmI;DswdmmPDxIw,...do a little Senate console with an outboard engine uh inflatable rib will just slide out of her tracks and you can...,
riviera 6000 sport,Riviera,6000 SPORT YACHT platinum,Riviera 6000 SPORT YACHT platinum,60.0,attribute,performance,max_observed_speed_knots,Max Observed Speed Knots,20 kn,kn,0.89,3,UdidCQLzrmI;DswdmmPDxIw,"We were doing 12 knots SOG before, but I want to get up to about 20. Running the D11s on this one....",
riviera 6000 sport,Riviera,6000 SPORT YACHT platinum,Riviera 6000 SPORT YACHT platinum,60.0,attribute,mission,offshore_capable,Offshore Capable,true,,0.88,1,UdidCQLzrmI;DswdmmPDxIw,"...Well, she is a little bit wetter offshore, but she's still a Riviera. She's an absolute offshore boat, and she doesn't rattle.",
riviera 6000 sport,Riviera,6000 SPORT YACHT platinum,Riviera 6000 SPORT YACHT platinum,60.0,attribute,mission,overnight_capable,Overnight Capable,true,,0.86,1,UdidCQLzrmI;DswdmmPDxIw,...They always do a great job with the foam. You could sleep on these things. No worries. But this will actually pull...,
riviera 6000 sport,Riviera,6000 SPORT YACHT platinum,Riviera 6000 SPORT YACHT platinum,60.0,attribute,character,premium_styling,Premium Styling,true,,0.82,3,UdidCQLzrmI;DswdmmPDxIw,"...yacht. Like, it's a good-look thing. If you got a really sexy house, like a lot of these people up here on...",
riviera 6000 sport,Riviera,6000 SPORT YACHT platinum,Riviera 6000 SPORT YACHT platinum,60.0,attribute,accommodation,separate_shower,Separate Shower,true,,0.94,1,UdidCQLzrmI;DswdmmPDxIw,...in here. Come in this way. And you still have a separate shower. You got the overhead hatch just there. You got...,
riviera 6000 sport,Riviera,6000 SPORT YACHT platinum,Riviera 6000 SPORT YACHT platinum,60.0,attribute,storage,tender_garage,Tender Garage,true,,0.96,5,UdidCQLzrmI;DswdmmPDxIw,"...don't need to store the tender here because we have a hidden tender garage. So, this is a little bit more Euro",
riviera 6000 sport,Riviera,6000 SPORT YACHT platinum,Riviera 6000 SPORT YACHT platinum,60.0,attribute,mission,watersports_suitable,Watersports Suitable,true,,0.87,1,UdidCQLzrmI;DswdmmPDxIw,"...the pick, lower the swim platform, open the garage, drop your toys in the water. You are ready to rock and roll....",
riviera 64 smy,Riviera,64 SMY BUILT,Riviera 64 SMY BUILT,64.0,category,category,flybridge-motor-yacht,Flybridge Motor Yacht,true,,0.96,2,hyjTupATGPE;unVHRkF07YA;FoxhmrcP40A,"it's uh your first Flybridge boat. Um noise and comfort levels, fantastic.",
riviera 64 smy,Riviera,64 SMY BUILT,Riviera 64 SMY BUILT,64.0,category,category,power-catamaran,Power Catamaran,true,,0.97,2,hyjTupATGPE;unVHRkF07YA;FoxhmrcP40A,got a catamaran port bow and a power catamaran crossing my bow. And so I'm just going to see what his intentions...,
riviera 64 smy,Riviera,64 SMY BUILT,Riviera 64 SMY BUILT,64.0,category,category,sport-yacht,Sport Yacht,true,,0.99,2,hyjTupATGPE;unVHRkF07YA;FoxhmrcP40A,"sports yachts because they are uh more of an offshore focused vessel. So, when you bash through some of these larger",
riviera 64 smy,Riviera,64 SMY BUILT,Riviera 64 SMY BUILT,64.0,category,category,sports-cruiser,Sports Cruiser,true,,0.97,1,hyjTupATGPE;unVHRkF07YA;FoxhmrcP40A,...more time out in the ocean as opposed to uh the sports cruisers or the sports yachts of which we have one...,
riviera 64 smy,Riviera,64 SMY BUILT,Riviera 64 SMY BUILT,64.0,attribute,dimensions,length_feet,Length Feet,64 ft,ft,0.937,0,hyjTupATGPE;unVHRkF07YA;FoxhmrcP40A,,
riviera 64 smy,Riviera,64 SMY BUILT,Riviera 64 SMY BUILT,64.0,attribute,comfort,air_conditioning,Air Conditioning,true,,0.92,5,hyjTupATGPE;unVHRkF07YA;FoxhmrcP40A,"...the boat too much for you. Now, we've actually got the air conditioning off and we're just using the natural ventilation through...",
riviera 64 smy,Riviera,64 SMY BUILT,Riviera 64 SMY BUILT,64.0,attribute,accommodation,crew_cabin,Crew Cabin,true,,0.89,3,hyjTupATGPE;unVHRkF07YA;FoxhmrcP40A,"...you can see what the status is. But through this door, we've got the option to have a crew cabin with a",
riviera 64 smy,Riviera,64 SMY BUILT,Riviera 64 SMY BUILT,64.0,attribute,powertrain,drive_type,Drive Type,ips-pod,,0.99,3,hyjTupATGPE;unVHRkF07YA;FoxhmrcP40A,"Remembering because of the shafts, unlike the IPS's, you're going to have a lot more water flow for and after when you...",comparison_context_review;multiple_values_review
riviera 64 smy,Riviera,64 SMY BUILT,Riviera 64 SMY BUILT,64.0,attribute,powertrain,drive_type,Drive Type,outboard,,0.94,1,hyjTupATGPE;unVHRkF07YA;FoxhmrcP40A,"...the bottom of the boat just there. And you can see outboard of that, we've actually got one of the three fuel...",multiple_values_review
riviera 64 smy,Riviera,64 SMY BUILT,Riviera 64 SMY BUILT,64.0,attribute,powertrain,drive_type,Drive Type,shaft,,0.95,2,hyjTupATGPE;unVHRkF07YA;FoxhmrcP40A,...every wing station. So that actually allows even though we are shaft drive with variable speed thrusters that allows us to hold...,multiple_values_review
riviera 64 smy,Riviera,64 SMY BUILT,Riviera 64 SMY BUILT,64.0,attribute,handling,dynamic_positioning,Dynamic Positioning,true,,0.94,5,hyjTupATGPE;unVHRkF07YA;FoxhmrcP40A,"...the marina this morning. Uh Dean just literally pulled the boat out of the birth, activated position hold, and it kept us",
riviera 64 smy,Riviera,64 SMY BUILT,Riviera 64 SMY BUILT,64.0,attribute,accommodation,galley,Galley,true,,0.9,2,hyjTupATGPE;unVHRkF07YA;FoxhmrcP40A,"...anyway, come back here and let's have a look at the galley because it's a proper operational area. this. We've got heaps...",
riviera 64 smy,Riviera,64 SMY BUILT,Riviera 64 SMY BUILT,64.0,attribute,hull,hull_form,Hull Form,power-catamaran,,0.96,2,hyjTupATGPE;unVHRkF07YA;FoxhmrcP40A,got a catamaran port bow and a power catamaran crossing my bow. And so I'm just going to see what his intentions...,
riviera 64 smy,Riviera,64 SMY BUILT,Riviera 64 SMY BUILT,64.0,attribute,access,hydraulic_swim_platform,Hydraulic Swim Platform,true,,0.96,1,hyjTupATGPE;unVHRkF07YA;FoxhmrcP40A,"...you can just uh deploy it off the stern on the hydraulic swim platform. So if you're in protected waters with Sundays,...",
riviera 64 smy,Riviera,64 SMY BUILT,Riviera 64 SMY BUILT,64.0,attribute,mission,long_range_suitable,Long Range Suitable,true,,0.91,1,hyjTupATGPE;unVHRkF07YA;FoxhmrcP40A,"...one of these boats. Someone who genuinely wants to do some serious extended cruising. And I'm talking about circumnavigating Australia, driving to",
riviera 64 smy,Riviera,64 SMY BUILT,Riviera 64 SMY BUILT,64.0,attribute,weather,opening_sunroof,Opening Sunroof,true,,0.93,1,hyjTupATGPE;unVHRkF07YA;FoxhmrcP40A,...will slide on port and starboard. And we've got a massive opening sunroof just above our heads. I haven't opened that cuz...,
riviera 64 smy,Riviera,64 SMY BUILT,Riviera 64 SMY BUILT,64.0,attribute,mission,overnight_capable,Overnight Capable,true,,0.86,1,hyjTupATGPE;unVHRkF07YA;FoxhmrcP40A,"...and onto these cleats. And then, obviously, if you were staying overnight, you'd run a snubber so you don't have the noise...",
riviera 64 smy,Riviera,64 SMY BUILT,Riviera 64 SMY BUILT,64.0,attribute,accommodation,separate_shower,Separate Shower,true,,0.94,1,hyjTupATGPE;unVHRkF07YA;FoxhmrcP40A,"...cabin works. So you go through that door, you've got your separate shower, similar vanity to the VIP, and we got twin...",
riviera 64 smy,Riviera,64 SMY BUILT,Riviera 64 SMY BUILT,64.0,attribute,storage,tender_garage,Tender Garage,false,,0.96,1,hyjTupATGPE;unVHRkF07YA;FoxhmrcP40A,...move your way fairly well afted because we don't have a tender garage because we're storing the tender up on the bow...,
riviera 64 smy,Riviera,64 SMY BUILT,Riviera 64 SMY BUILT,64.0,attribute,systems,watermaker,Watermaker,true,,0.96,2,hyjTupATGPE;unVHRkF07YA;FoxhmrcP40A,...set operation is just below that. And I think that's a water maker. But you can see we've got some charging points....,
riviera 645,Riviera,645 SUV,Riviera 645 SUV,64.5,category,category,bowrider-runabout,Bowrider Runabout,true,,0.95,1,GsL3bH5HEb8;slIk8CX7vwA,"...merry fishers you know. This guy here on the left, little bow rider, doesn't want any waves because he would bury his...",
riviera 645,Riviera,645 SUV,Riviera 645 SUV,64.5,category,category,sport-yacht,Sport Yacht,true,,0.97,1,GsL3bH5HEb8;slIk8CX7vwA,"opposed to many sports yachts or sport style yachts is going to make her a friendlier boat offshore. Um, and also",
riviera 645,Riviera,645 SUV,Riviera 645 SUV,64.5,category,category,sports-cruiser,Sports Cruiser,true,,0.97,1,GsL3bH5HEb8;slIk8CX7vwA,"...this searay to cross my bow. He's a single stern drive sports cruiser coming in. Actually, I can just start turning. I'll...",
riviera 645,Riviera,645 SUV,Riviera 645 SUV,64.5,attribute,dimensions,length_feet,Length Feet,64.5 ft,ft,0.937,0,GsL3bH5HEb8;slIk8CX7vwA,,
riviera 645,Riviera,645 SUV,Riviera 645 SUV,64.5,attribute,comfort,air_conditioning,Air Conditioning,true,,0.92,5,GsL3bH5HEb8;slIk8CX7vwA,"air conditioning vents. Oh, there they are. You can see one just tucked in up there on both sides. We've also got",
riviera 645,Riviera,645 SUV,Riviera 645 SUV,64.5,attribute,handling,bow_thruster,Bow Thruster,true,,0.96,1,GsL3bH5HEb8;slIk8CX7vwA,"the bow thruster for servicing. So, that's uh it's good. Everything is accessible on the Rivier. They always think about servicing in...",
riviera 645,Riviera,645 SUV,Riviera 645 SUV,64.5,attribute,accommodation,cabins,Cabins,3 count,count,0.93,1,GsL3bH5HEb8;slIk8CX7vwA,"inside, but there's also a two or a three cabin layout if you choose. And you can choose to have an equipment...",
riviera 645,Riviera,645 SUV,Riviera 645 SUV,64.5,attribute,accommodation,crew_cabin,Crew Cabin,true,,0.96,3,GsL3bH5HEb8;slIk8CX7vwA,room after the owner's master stateateroom or a crew cabin. And we're going to check that out as well. So the,
riviera 645,Riviera,645 SUV,Riviera 645 SUV,64.5,attribute,powertrain,drive_type,Drive Type,ips-pod,,0.96,1,GsL3bH5HEb8;slIk8CX7vwA,"...is how we can drive it like a joystick if you're used to an IPS boat, but it's actually through shaft. And",multiple_values_review
riviera 645,Riviera,645 SUV,Riviera 645 SUV,64.5,attribute,powertrain,drive_type,Drive Type,shaft,,0.97,4,GsL3bH5HEb8;slIk8CX7vwA,"...any of the Sunseekers that I've driven before that are big shaft drive diesel boats, and you engage gear with some of...",multiple_values_review
riviera 645,Riviera,645 SUV,Riviera 645 SUV,64.5,attribute,powertrain,drive_type,Drive Type,sterndrive,,0.94,1,GsL3bH5HEb8;slIk8CX7vwA,"...wait for this searay to cross my bow. He's a single stern drive sports cruiser coming in. Actually, I can just start...",multiple_values_review
riviera 645,Riviera,645 SUV,Riviera 645 SUV,64.5,attribute,handling,dynamic_positioning,Dynamic Positioning,true,,0.94,2,GsL3bH5HEb8;slIk8CX7vwA,...is probably one of the easiest Riviera's to maneuver around the dock. That was That was incredible. I do enjoy the DPS,
riviera 645,Riviera,645 SUV,Riviera 645 SUV,64.5,attribute,mission,fishing_suitable,Fishing Suitable,true,,0.88,1,GsL3bH5HEb8;slIk8CX7vwA,could fit surfboards in there. You could fit fishing rods in there. So potentially multiple uses. Uh the,
riviera 645,Riviera,645 SUV,Riviera 645 SUV,64.5,attribute,accommodation,galley,Galley,true,,0.9,2,GsL3bH5HEb8;slIk8CX7vwA,"galley cuz there's heaps going on. Air conditioning all the way around. So, we got climate climate controlled alfresco area. And you...",
riviera 645,Riviera,645 SUV,Riviera 645 SUV,64.5,attribute,systems,generator,Generator,true,,0.93,1,GsL3bH5HEb8;slIk8CX7vwA,...switches on and off for you. And then you can do things just like turning on the generator. So once you leave,
riviera 645,Riviera,645 SUV,Riviera 645 SUV,64.5,attribute,systems,gyro_stabiliser,Gyro Stabiliser,true,,0.96,1,GsL3bH5HEb8;slIk8CX7vwA,"...your comfort factor whatsoever. You can This boat's fitted with a Seakeeper gyro, but you can do active fins as well. So,...",
riviera 645,Riviera,645 SUV,Riviera 645 SUV,64.5,attribute,mission,long_range_suitable,Long Range Suitable,true,,0.91,3,GsL3bH5HEb8;slIk8CX7vwA,"...And let's just get to 10. So, really looks like your long range I can feel the stern starting to lean a...",
riviera 645,Riviera,645 SUV,Riviera 645 SUV,64.5,attribute,performance,max_observed_speed_knots,Max Observed Speed Knots,7 kn,kn,0.89,1,GsL3bH5HEb8;slIk8CX7vwA,"...you are lurching forward with the power of the shaft drive, and you're doing 7 knots in about, like, 3 seconds flat.",numeric_sanity_review
riviera 645,Riviera,645 SUV,Riviera 645 SUV,64.5,attribute,weather,opening_sunroof,Opening Sunroof,true,,0.93,1,GsL3bH5HEb8;slIk8CX7vwA,...nice natural air flow through the boat. We got the big opening sunroof. So that's that's all possible. But just check out,
riviera 645,Riviera,645 SUV,Riviera 645 SUV,64.5,attribute,accommodation,separate_shower,Separate Shower,true,,0.94,1,GsL3bH5HEb8;slIk8CX7vwA,see the separate shower. It's typical Riv quality. You're on the Coran.,
riviera 645,Riviera,645 SUV,Riviera 645 SUV,64.5,attribute,systems,watermaker,Watermaker,true,,0.96,2,GsL3bH5HEb8;slIk8CX7vwA,"of the confusion out of it. This particular boat's got a water maker, but we've got I think that's a threeburner electric...",
riviera 645,Riviera,645 SUV,Riviera 645 SUV,64.5,attribute,mission,watersports_suitable,Watersports Suitable,true,,0.87,1,GsL3bH5HEb8;slIk8CX7vwA,"SUV range, it's it's appeals to uh in my opinion, it appeals to serious active water sports people. So, people who like",
riviera 6800 sport,Riviera,6800 SPORT YACHT platinum,Riviera 6800 SPORT YACHT platinum,68.0,category,category,sport-yacht,Sport Yacht,true,,0.99,5,YYKOsHAXlKY;afcr6z9YUSg,sport yacht Platinum by yourself guys and that's what we're doing just here we had it on uh alongside the dock and...,
riviera 6800 sport,Riviera,6800 SPORT YACHT platinum,Riviera 6800 SPORT YACHT platinum,68.0,attribute,dimensions,length_feet,Length Feet,68 ft,ft,0.937,0,YYKOsHAXlKY;afcr6z9YUSg,,
riviera 6800 sport,Riviera,6800 SPORT YACHT platinum,Riviera 6800 SPORT YACHT platinum,68.0,attribute,comfort,air_conditioning,Air Conditioning,true,,0.92,5,YYKOsHAXlKY;afcr6z9YUSg,...cutlery look at the fittings everything's proper stainless steel no plastic there that's actually air conditioning coming out of us just above,
riviera 6800 sport,Riviera,6800 SPORT YACHT platinum,Riviera 6800 SPORT YACHT platinum,68.0,attribute,access,beach_club,Beach Club,true,,0.97,1,YYKOsHAXlKY;afcr6z9YUSg,...get rid of the tracks or the cradle and then this whole Space turns into a bit of a beach club area,
riviera 6800 sport,Riviera,6800 SPORT YACHT platinum,Riviera 6800 SPORT YACHT platinum,68.0,attribute,accommodation,crew_cabin,Crew Cabin,true,,0.96,3,YYKOsHAXlKY;afcr6z9YUSg,quarters with its own toilet through a double door from the crew quarters you get into the master cabin so if you're...,
riviera 6800 sport,Riviera,6800 SPORT YACHT platinum,Riviera 6800 SPORT YACHT platinum,68.0,attribute,powertrain,drive_type,Drive Type,ips-pod,,0.98,4,YYKOsHAXlKY;afcr6z9YUSg,Volvo IPS with Dynamic positioning system and the dock assist honestly allows you to birth this Riviera 6800,
riviera 6800 sport,Riviera,6800 SPORT YACHT platinum,Riviera 6800 SPORT YACHT platinum,68.0,attribute,handling,dynamic_positioning,Dynamic Positioning,true,,0.94,3,YYKOsHAXlKY;afcr6z9YUSg,Volvo IPS with Dynamic positioning system and the dock assist honestly allows you to birth this Riviera 6800,
riviera 6800 sport,Riviera,6800 SPORT YACHT platinum,Riviera 6800 SPORT YACHT platinum,68.0,attribute,mission,family_suitable,Family Suitable,true,,0.85,1,YYKOsHAXlKY;afcr6z9YUSg,...that I want to convey to you if you're concerned about something of this size being good for the family let's go,
riviera 6800 sport,Riviera,6800 SPORT YACHT platinum,Riviera 6800 SPORT YACHT platinum,68.0,attribute,systems,fin_stabilisers,Fin Stabilisers,true,,0.96,1,YYKOsHAXlKY;afcr6z9YUSg,struggling whatsoever and look out look out the window again there's waves passing us these active fin stabilizers,
riviera 6800 sport,Riviera,6800 SPORT YACHT platinum,Riviera 6800 SPORT YACHT platinum,68.0,attribute,accommodation,galley,Galley,true,,0.9,3,YYKOsHAXlKY;afcr6z9YUSg,these are drained I've seen these on all the rivieras and we have another one inside in the galley Refrigeration we've,
riviera 6800 sport,Riviera,6800 SPORT YACHT platinum,Riviera 6800 SPORT YACHT platinum,68.0,attribute,systems,generator,Generator,true,,0.93,1,YYKOsHAXlKY;afcr6z9YUSg,...check you can get to it like it's it's really really well done we got the generator so primary gen set just,
riviera 6800 sport,Riviera,6800 SPORT YACHT platinum,Riviera 6800 SPORT YACHT platinum,68.0,attribute,hull,hull_form,Hull Form,amphibious,,0.97,1,YYKOsHAXlKY;afcr6z9YUSg,so that's an amphibious tender made in New Zealand super popular in Oakland so if you're watching from outside of the region...,multiple_values_review
riviera 6800 sport,Riviera,6800 SPORT YACHT platinum,Riviera 6800 SPORT YACHT platinum,68.0,attribute,hull,hull_form,Hull Form,rib,,0.95,1,YYKOsHAXlKY;afcr6z9YUSg,...is a realistic here we go this is our biggest one of the day and Well Done rib that was awesome okay,multiple_values_review
riviera 6800 sport,Riviera,6800 SPORT YACHT platinum,Riviera 6800 SPORT YACHT platinum,68.0,attribute,character,premium_styling,Premium Styling,true,,0.82,1,YYKOsHAXlKY;afcr6z9YUSg,sound that's our sexy black search light which we saw up on the roof that's the control there this is your second...,
riviera 6800 sport,Riviera,6800 SPORT YACHT platinum,Riviera 6800 SPORT YACHT platinum,68.0,attribute,storage,tender_garage,Tender Garage,true,,0.96,2,YYKOsHAXlKY;afcr6z9YUSg,...to do let's go down the center line and show you so above the motors this is actually the tender garage so,
riviera 78my,Riviera,78MY,Riviera 78MY,78.0,attribute,dimensions,length_feet,Length Feet,78 ft,ft,0.937,0,pgeQG6xxPVg,,
riviera 78my,Riviera,78MY,Riviera 78MY,78.0,attribute,comfort,air_conditioning,Air Conditioning,true,,0.92,5,pgeQG6xxPVg,...when you slide the bed across so that's cool now there's air conditioning controls in each cabin so don't worry about that...,
riviera 78my,Riviera,78MY,Riviera 78MY,78.0,attribute,accommodation,crew_cabin,Crew Cabin,true,,0.96,3,pgeQG6xxPVg,show the interior it is super bougie three beautiful cabins crew quarters and you I think you're just going to be,
riviera 78my,Riviera,78MY,Riviera 78MY,78.0,attribute,performance,cruise_speed_knots,Cruise Speed Knots,12 kn,kn,0.93,1,pgeQG6xxPVg,...to 12 knots I feel like a boat of this caliber you're probably going to cruise around at 10 to 12 knots,
riviera 78my,Riviera,78MY,Riviera 78MY,78.0,attribute,powertrain,drive_type,Drive Type,ips-pod,,0.96,3,pgeQG6xxPVg,...a smooth ride next thing uh I was driving the 58 sport mod op just the other day and that's an IPS,multiple_values_review
riviera 78my,Riviera,78MY,Riviera 78MY,78.0,attribute,powertrain,drive_type,Drive Type,outboard,,0.94,1,pgeQG6xxPVg,who cares about outboard engines when you can just get when you can just get a motor out of your Suzuki and...,multiple_values_review
riviera 78my,Riviera,78MY,Riviera 78MY,78.0,attribute,powertrain,drive_type,Drive Type,shaft,,0.95,4,pgeQG6xxPVg,start stops so we're running the V12 on the shaft drives and we've got the Optimus Rudder angle indicator on the port...,multiple_values_review
riviera 78my,Riviera,78MY,Riviera 78MY,78.0,attribute,handling,dynamic_positioning,Dynamic Positioning,true,,0.94,1,pgeQG6xxPVg,...gives me a heading hold and it gives me a positions hold so if I press position hold it is now connecting,
riviera 78my,Riviera,78MY,Riviera 78MY,78.0,attribute,mission,long_range_suitable,Long Range Suitable,true,,0.91,2,pgeQG6xxPVg,cruise around long range to do some serious boating in remote places this boat will sit at 10 knots happily Ting,
riviera 78my,Riviera,78MY,Riviera 78MY,78.0,attribute,mission,overnight_capable,Overnight Capable,true,,0.86,1,pgeQG6xxPVg,...not just for kids an adult a 6 foot adult could sleep on this bed you've got a huge amount of head...,
riviera 78my,Riviera,78MY,Riviera 78MY,78.0,attribute,accommodation,separate_shower,Separate Shower,true,,0.94,2,pgeQG6xxPVg,...the guest cabin so you go in there a huge amount of space separate shower everything you need look look at that,
riviera 78my,Riviera,78MY,Riviera 78MY,78.0,attribute,systems,watermaker,Watermaker,true,,0.96,1,pgeQG6xxPVg,...lot of the refrigeration just there I've got full walking access around the motor here this is actually the water maker that,
ryck 280,Ryck,280 adventure,Ryck 280 adventure,28.0,category,category,luxury-med-day-boat,Luxury Med Day Boat,true,,0.96,1,Y3lcGO80hNk;bOkgYgCpNM0;O_yD4VlsvaU;o9K7-6r7K_k,...say this is it's kind of like um it's like a Mediterranean day boat you know you're some of your big big...,
ryck 280,Ryck,280 adventure,Ryck 280 adventure,28.0,category,category,sports-cruiser,Sports Cruiser,true,,0.99,4,Y3lcGO80hNk;bOkgYgCpNM0;O_yD4VlsvaU;o9K7-6r7K_k,Sports Cruisers from 10 to 20 years ago when they were hugely popular and dominating the market and for good reason think...,
ryck 280,Ryck,280 adventure,Ryck 280 adventure,28.0,category,category,walkaround-day-boat,Walkaround Day Boat,true,,0.91,4,Y3lcGO80hNk;bOkgYgCpNM0;O_yD4VlsvaU;o9K7-6r7K_k,they brought luxury big expensive day boats to the world and they've done it very successfully for a long time,
ryck 280,Ryck,280 adventure,Ryck 280 adventure,28.0,attribute,dimensions,length_feet,Length Feet,28 ft,ft,0.937,0,Y3lcGO80hNk;bOkgYgCpNM0;O_yD4VlsvaU;o9K7-6r7K_k,,
ryck 280,Ryck,280 adventure,Ryck 280 adventure,28.0,attribute,handling,bow_thruster,Bow Thruster,true,,0.96,5,Y3lcGO80hNk;bOkgYgCpNM0;O_yD4VlsvaU;o9K7-6r7K_k,...uh how does it perform so let's just give it a little thrust with the bow thruster this is the quick Thruster,
ryck 280,Ryck,280 adventure,Ryck 280 adventure,28.0,attribute,performance,cruise_speed_knots,Cruise Speed Knots,28 kn,kn,0.93,2,Y3lcGO80hNk;bOkgYgCpNM0;O_yD4VlsvaU;o9K7-6r7K_k,and this thing is smooth we're now sitting on a 25 to 26 knot cruise speed and i reckon,
ryck 280,Ryck,280 adventure,Ryck 280 adventure,28.0,attribute,powertrain,drive_type,Drive Type,outboard,,0.96,4,Y3lcGO80hNk;bOkgYgCpNM0;O_yD4VlsvaU;o9K7-6r7K_k,outboard engines is the next thing convenience maintenance advantages and cost advantages it really is noticeable,multiple_values_review
ryck 280,Ryck,280 adventure,Ryck 280 adventure,28.0,attribute,powertrain,drive_type,Drive Type,sterndrive,,0.94,1,Y3lcGO80hNk;bOkgYgCpNM0;O_yD4VlsvaU;o9K7-6r7K_k,category it is amazing it brings so many benefits think of it like the replacement to the inboard Stern Drive,multiple_values_review
ryck 280,Ryck,280 adventure,Ryck 280 adventure,28.0,attribute,powertrain,engine_power_hp,Engine Power Hp,350 hp,hp,0.95,4,Y3lcGO80hNk;bOkgYgCpNM0;O_yD4VlsvaU;o9K7-6r7K_k,350 horsepower perfect as a picnic boat she's damn good looking but how does she,
ryck 280,Ryck,280 adventure,Ryck 280 adventure,28.0,attribute,capacity,fuel_capacity_l,Fuel Capacity L,300 L,L,0.95,2,Y3lcGO80hNk;bOkgYgCpNM0;O_yD4VlsvaU;o9K7-6r7K_k,30 liters fuel flow what am I saying getting confused apologies so coming in there,
ryck 280,Ryck,280 adventure,Ryck 280 adventure,28.0,attribute,hull,hull_form,Hull Form,rib,,0.95,1,Y3lcGO80hNk;bOkgYgCpNM0;O_yD4VlsvaU;o9K7-6r7K_k,alongside the mothership trusting your kids to park the boat up alongside I would consider a rib as maybe a slightly,
ryck 280,Ryck,280 adventure,Ryck 280 adventure,28.0,attribute,mission,offshore_capable,Offshore Capable,true,,0.88,1,Y3lcGO80hNk;bOkgYgCpNM0;O_yD4VlsvaU;o9K7-6r7K_k,she's offshore capable she's got a really good center of gravity on her so I would be happy to do all of...,
ryck 280,Ryck,280 adventure,Ryck 280 adventure,28.0,attribute,mission,overnight_capable,Overnight Capable,true,,0.86,2,Y3lcGO80hNk;bOkgYgCpNM0;O_yD4VlsvaU;o9K7-6r7K_k,safer bed for that purpose um overnighting with the family well you know we only got sleeping for two people,
ryck 280,Ryck,280 adventure,Ryck 280 adventure,28.0,attribute,character,premium_styling,Premium Styling,true,,0.82,3,Y3lcGO80hNk;bOkgYgCpNM0;O_yD4VlsvaU;o9K7-6r7K_k,...Mediterranean day boat you know you're some of your big big sexy Med day boats but Consolidated into 28-foot Adventure boat is...,
ryck 280,Ryck,280 adventure,Ryck 280 adventure,28.0,attribute,performance,top_speed_knots,Top Speed Knots,40 kn,kn,0.93,1,Y3lcGO80hNk;bOkgYgCpNM0;O_yD4VlsvaU;o9K7-6r7K_k,because you got to remember if if your top speed is 40 knots if you're driving into 20 knots a breeze your...,
sabre 43 salon express,Sabre,43 SALON express,Sabre 43 SALON express,43.0,category,category,sports-cruiser,Sports Cruiser,true,,0.97,1,WG5nHIQJHJM;u_qVXL3uOmU,test on the channel definitely any sports Cruiser many sedan Moto yotts which are not designed for this sort of,
sabre 43 salon express,Sabre,43 SALON express,Sabre 43 SALON express,43.0,attribute,dimensions,length_feet,Length Feet,43 ft,ft,0.937,0,WG5nHIQJHJM;u_qVXL3uOmU,,
sabre 43 salon express,Sabre,43 SALON express,Sabre 43 SALON express,43.0,attribute,comfort,air_conditioning,Air Conditioning,configuration-dependent,,0.8,5,WG5nHIQJHJM;u_qVXL3uOmU,...so we're going to be closing these doors and I'm going to give you a fully insulated in the air conditioning or,configuration_dependent
sabre 43 salon express,Sabre,43 SALON express,Sabre 43 SALON express,43.0,attribute,performance,cruise_speed_knots,Cruise Speed Knots,25.5 kn,kn,0.95,2,WG5nHIQJHJM;u_qVXL3uOmU,"so the noise levels are incredible at a cruising speed now 24 knots 2,980 revs",
sabre 43 salon express,Sabre,43 SALON express,Sabre 43 SALON express,43.0,attribute,powertrain,drive_type,Drive Type,ips-pod,,0.98,5,WG5nHIQJHJM;u_qVXL3uOmU,...I wanted to point this out to you guys we are running IPS Volvo IPS 600s and many of you are going,multiple_values_review
sabre 43 salon express,Sabre,43 SALON express,Sabre 43 SALON express,43.0,attribute,powertrain,drive_type,Drive Type,shaft,,0.95,1,WG5nHIQJHJM;u_qVXL3uOmU,...and you've got a sail drive or if you're just used to shaft drives the benefits which we can now achieve uh,multiple_values_review
sabre 43 salon express,Sabre,43 SALON express,Sabre 43 SALON express,43.0,attribute,powertrain,engine_power_hp,Engine Power Hp,440 hp,hp,0.89,1,WG5nHIQJHJM;u_qVXL3uOmU,600 on this one that's about 440 twin 440 horsepower um it is rough offshore,
sabre 43 salon express,Sabre,43 SALON express,Sabre 43 SALON express,43.0,attribute,accommodation,galley,Galley,true,,0.9,1,WG5nHIQJHJM;u_qVXL3uOmU,...go really well in there as well draw just here and then Galley to port and Helm to starboard so I think,
sabre 43 salon express,Sabre,43 SALON express,Sabre 43 SALON express,43.0,attribute,weather,opening_sunroof,Opening Sunroof,true,,0.93,1,WG5nHIQJHJM;u_qVXL3uOmU,we've got 1 2 3 4 opening roof hatches so whilst she's really well air conditioned we've got great ventilation,
sabre 43 salon express,Sabre,43 SALON express,Sabre 43 SALON express,43.0,attribute,mission,overnight_capable,Overnight Capable,true,,0.86,1,WG5nHIQJHJM;u_qVXL3uOmU,to overnight some extra friends really do a lot of day boating um but you can also you don't have to overnight...,
sabre 43 salon express,Sabre,43 SALON express,Sabre 43 SALON express,43.0,attribute,character,premium_styling,Premium Styling,true,,0.82,1,WG5nHIQJHJM;u_qVXL3uOmU,it to do that but it allows us to have an amazing amount of accommodation downstairs a beautiful looking Hull and,
sabre 43 salon express,Sabre,43 SALON express,Sabre 43 SALON express,43.0,attribute,performance,top_speed_knots,Top Speed Knots,33 kn,kn,0.93,1,WG5nHIQJHJM;u_qVXL3uOmU,"speeds we saw 27 knots happily at 3,300 revs top speed of 33 knots amazing",
sabre 45 salon express,Sabre,45 SALON express WOW,Sabre 45 SALON express WOW,45.0,category,category,lobster-downeast,Lobster Downeast,true,,0.96,1,01yq8EJnbXo;4Txog5k_Cuw,conceived and manufactured in Maine the home of the original lobster boats this is the walkthrough video of the saber 45 Salon...,
sabre 45 salon express,Sabre,45 SALON express WOW,Sabre 45 SALON express WOW,45.0,category,category,sport-yacht,Sport Yacht,true,,0.97,1,01yq8EJnbXo;4Txog5k_Cuw,...super predictable that is actually [Music] similar to the Riviera 5800 sport yacht which I found very very easy to drive and...,
sabre 45 salon express,Sabre,45 SALON express WOW,Sabre 45 SALON express WOW,45.0,category,category,walkaround-day-boat,Walkaround Day Boat,true,,0.87,1,01yq8EJnbXo;4Txog5k_Cuw,...to do it in a day and being able to just day boat your way all the way up the Australian coast...,
sabre 45 salon express,Sabre,45 SALON express WOW,Sabre 45 SALON express WOW,45.0,attribute,dimensions,length_feet,Length Feet,45 ft,ft,0.937,0,01yq8EJnbXo;4Txog5k_Cuw,,
sabre 45 salon express,Sabre,45 SALON express WOW,Sabre 45 SALON express WOW,45.0,attribute,comfort,air_conditioning,Air Conditioning,true,,0.92,5,01yq8EJnbXo;4Txog5k_Cuw,...here we've got a 240 Outlet just here that's probably the air conditioning because it is that's the VHF this is the...,
sabre 45 salon express,Sabre,45 SALON express WOW,Sabre 45 SALON express WOW,45.0,attribute,performance,cruise_speed_knots,Cruise Speed Knots,26 kn,kn,0.95,2,01yq8EJnbXo;4Txog5k_Cuw,...thousand nautical miles range and at higher speeds or a comfortable cruising speed of 24 knots 300 nautical miles with the reserve...,
sabre 45 salon express,Sabre,45 SALON express WOW,Sabre 45 SALON express WOW,45.0,attribute,powertrain,drive_type,Drive Type,ips-pod,,0.98,4,01yq8EJnbXo;4Txog5k_Cuw,...so if it's not obvious uh you know this is a IPS power boat so we've got the IPS Volvo 600s on...,
sabre 45 salon express,Sabre,45 SALON express WOW,Sabre 45 SALON express WOW,45.0,attribute,powertrain,engine_power_hp,Engine Power Hp,435 hp,hp,0.89,1,01yq8EJnbXo;4Txog5k_Cuw,...we've got the IPS 600s on this one so they have 435 horsepower you can option it to the 650s and fuel...,
sabre 45 salon express,Sabre,45 SALON express WOW,Sabre 45 SALON express WOW,45.0,attribute,accommodation,galley,Galley,true,,0.9,5,01yq8EJnbXo;4Txog5k_Cuw,...on the L shape and enjoy that we'll get to the galley a little bit later because I want to show you...,
sabre 45 salon express,Sabre,45 SALON express WOW,Sabre 45 SALON express WOW,45.0,attribute,systems,generator,Generator,true,,0.93,4,01yq8EJnbXo;4Txog5k_Cuw,...to an Anchorage it's a wavy Anchorage we've just left the generator and the gyro on so they are operational right now...,
sabre 45 salon express,Sabre,45 SALON express WOW,Sabre 45 SALON express WOW,45.0,attribute,hull,hull_form,Hull Form,rib,,0.95,1,01yq8EJnbXo;4Txog5k_Cuw,...and raises so these particular owners have got quite a substantial rigid inflatable with an alloy bottom and a decent yammy motor...,
sabre 45 salon express,Sabre,45 SALON express WOW,Sabre 45 SALON express WOW,45.0,attribute,mission,long_range_suitable,Long Range Suitable,true,,0.91,1,01yq8EJnbXo;4Txog5k_Cuw,...don't have any throttle control but this just uh from a long range cruising perspective to have the ability to sit up...,
sabre 45 salon express,Sabre,45 SALON express WOW,Sabre 45 SALON express WOW,45.0,attribute,mission,overnight_capable,Overnight Capable,true,,0.86,1,01yq8EJnbXo;4Txog5k_Cuw,...do it in a day if you choose or sleep comfortably overnight going over some decent waves here and and just finish...,
sabre 45 salon express,Sabre,45 SALON express WOW,Sabre 45 SALON express WOW,45.0,attribute,accommodation,separate_shower,Separate Shower,true,,0.94,1,01yq8EJnbXo;4Txog5k_Cuw,...just that so the master hit it's on Port got a separate shower they are electric fresh water flush toilets and then,
sabre 45 salon express,Sabre,45 SALON express WOW,Sabre 45 SALON express WOW,45.0,attribute,performance,top_speed_knots,Top Speed Knots,33 kn,kn,0.93,1,01yq8EJnbXo;4Txog5k_Cuw,...29 28 knots seems sensible on this boat and then a top speed anywhere from that 31 you might even see 33...,
sabre 45 salon express,Sabre,45 SALON express WOW,Sabre 45 SALON express WOW,45.0,attribute,systems,watermaker,Watermaker,true,,0.96,2,01yq8EJnbXo;4Txog5k_Cuw,...cut to some b-roll so you can see that with a water maker in there so there's a water maker and there's...,
sabre 58 salon express,Sabre,58 SALON express DOWN,Sabre 58 SALON express DOWN,58.0,category,category,walkaround-day-boat,Walkaround Day Boat,true,,0.87,1,SjdyA_XvLs4;GKz_bpCxQfc,...is equally if you want to do your luxurious Sydney Harbor day boat thing just on a beautiful down east style day...,
sabre 58 salon express,Sabre,58 SALON express DOWN,Sabre 58 SALON express DOWN,58.0,attribute,dimensions,length_feet,Length Feet,58 ft,ft,0.937,0,SjdyA_XvLs4;GKz_bpCxQfc,,
sabre 58 salon express,Sabre,58 SALON express DOWN,Sabre 58 SALON express DOWN,58.0,attribute,comfort,air_conditioning,Air Conditioning,true,,0.92,5,SjdyA_XvLs4;GKz_bpCxQfc,...have that on board this boat so that is pretty cool air conditioning Outlets grab handle as we move forward and we...,
sabre 58 salon express,Sabre,58 SALON express DOWN,Sabre 58 SALON express DOWN,58.0,attribute,handling,bow_thruster,Bow Thruster,true,,0.96,1,SjdyA_XvLs4;GKz_bpCxQfc,...you down with me so we've got a variable speed electric bow thruster which you don't really always need to use because...,
sabre 58 salon express,Sabre,58 SALON express DOWN,Sabre 58 SALON express DOWN,58.0,attribute,accommodation,cabins,Cabins,3 count,count,0.93,2,SjdyA_XvLs4;GKz_bpCxQfc,...is the biggest head and shower on the boat so she's three cabins and three heads now does it go in yes...,
sabre 58 salon express,Sabre,58 SALON express DOWN,Sabre 58 SALON express DOWN,58.0,attribute,performance,cruise_speed_knots,Cruise Speed Knots,27 kn,kn,0.95,5,SjdyA_XvLs4;GKz_bpCxQfc,...I have driven the 45 saber in big rolling offshore conditions cruising along at 27 knots and I just thought to myself...,
sabre 58 salon express,Sabre,58 SALON express DOWN,Sabre 58 SALON express DOWN,58.0,attribute,powertrain,drive_type,Drive Type,ips-pod,,0.98,5,SjdyA_XvLs4;GKz_bpCxQfc,...Welcome hello from wherever you're watching from we are running the Volvo IPS 950s with 725 shaft horsepower just to explain to...,multiple_values_review
sabre 58 salon express,Sabre,58 SALON express DOWN,Sabre 58 SALON express DOWN,58.0,attribute,powertrain,drive_type,Drive Type,shaft,,0.95,1,SjdyA_XvLs4;GKz_bpCxQfc,...because it's the equivalent of a 7 950 horsepower on a Straight Shaft because you are very efficient with these ips's throwing...,multiple_values_review
sabre 58 salon express,Sabre,58 SALON express DOWN,Sabre 58 SALON express DOWN,58.0,attribute,powertrain,engine_power_hp,Engine Power Hp,950 hp,hp,0.89,2,SjdyA_XvLs4;GKz_bpCxQfc,...understand why they call it the Volvo 950 but it's got 725 horsepower it's because it's the equivalent of a 7 950...,
sabre 58 salon express,Sabre,58 SALON express DOWN,Sabre 58 SALON express DOWN,58.0,attribute,mission,family_suitable,Family Suitable,true,,0.85,1,SjdyA_XvLs4;GKz_bpCxQfc,...feet she'll do that exceptionally well we saw the accommodations the whole family cruising thing without a doubt is possible too so,
sabre 58 salon express,Sabre,58 SALON express DOWN,Sabre 58 SALON express DOWN,58.0,attribute,accommodation,galley,Galley,true,,0.9,3,SjdyA_XvLs4;GKz_bpCxQfc,...what we've got so to speak so let's start at the galley which is back here we're going to do the full...,
sabre 58 salon express,Sabre,58 SALON express DOWN,Sabre 58 SALON express DOWN,58.0,attribute,systems,generator,Generator,true,,0.86,1,SjdyA_XvLs4;GKz_bpCxQfc,...with more ventilation whilst we have the option for AC yes generator AC you're never struggling for cross flow air and these...,
sabre 58 salon express,Sabre,58 SALON express DOWN,Sabre 58 SALON express DOWN,58.0,attribute,accommodation,heads,Heads,3 count,count,0.93,2,SjdyA_XvLs4;GKz_bpCxQfc,...head and shower on the boat so she's three cabins and three heads now does it go in yes just I was...,
sabre 58 salon express,Sabre,58 SALON express DOWN,Sabre 58 SALON express DOWN,58.0,attribute,handling,joystick_control,Joystick Control,true,,0.94,2,SjdyA_XvLs4;GKz_bpCxQfc,...this super bougie chair because see this you can do the joystick steering on a long passage so you can actually just...,
sabre 58 salon express,Sabre,58 SALON express DOWN,Sabre 58 SALON express DOWN,58.0,attribute,mission,long_range_suitable,Long Range Suitable,true,,0.91,1,SjdyA_XvLs4;GKz_bpCxQfc,...at that eight to ten knots you're going to get a long range out of that thing because it's quite efficient but...,
sabre 58 salon express,Sabre,58 SALON express DOWN,Sabre 58 SALON express DOWN,58.0,attribute,performance,max_observed_speed_knots,Max Observed Speed Knots,27 kn,kn,0.89,1,SjdyA_XvLs4;GKz_bpCxQfc,...Vis these boats run hard fast and flat so you'll be doing 27 knots through the waves and you can actually just...,
sabre 58 salon express,Sabre,58 SALON express DOWN,Sabre 58 SALON express DOWN,58.0,attribute,mission,offshore_capable,Offshore Capable,true,,0.88,1,SjdyA_XvLs4;GKz_bpCxQfc,...brand because I have driven the 45 saber in big rolling offshore conditions cruising along at 27 knots and I just thought...,
sabre 58 salon express,Sabre,58 SALON express DOWN,Sabre 58 SALON express DOWN,58.0,attribute,character,premium_styling,Premium Styling,true,,0.82,3,SjdyA_XvLs4;GKz_bpCxQfc,are important to you and you want a gorgeous boat well then the saber is going to do that for you and...,
sacs 47 rebel,SACS,47 REBEL,SACS 47 REBEL,47.0,category,category,sport-yacht,Sport Yacht,true,,0.99,3,BjjYML1b3Wk;ElSAG9e86HM,...fast boats and you're trying to combine you know your big sports yacht with your convenient rib um this particular boat we've...,
sacs 47 rebel,SACS,47 REBEL,SACS 47 REBEL,47.0,attribute,dimensions,length_feet,Length Feet,47 ft,ft,0.937,0,BjjYML1b3Wk;ElSAG9e86HM,,
sacs 47 rebel,SACS,47 REBEL,SACS 47 REBEL,47.0,attribute,performance,cruise_speed_knots,Cruise Speed Knots,26 kn,kn,0.95,4,BjjYML1b3Wk;ElSAG9e86HM,...i'm now at 2800 revs this is a this is your cruising speed 2 800 revs 23 24 knots the bows leveled...,
sacs 47 rebel,SACS,47 REBEL,SACS 47 REBEL,47.0,attribute,powertrain,drive_type,Drive Type,outboard,,0.89,2,BjjYML1b3Wk;ElSAG9e86HM,...are coming out with the new uh 600 mercury 600 horsepower outboards and there's a quad setup available and there's also an...,multiple_values_review
sacs 47 rebel,SACS,47 REBEL,SACS 47 REBEL,47.0,attribute,powertrain,drive_type,Drive Type,sterndrive,,0.96,4,BjjYML1b3Wk;ElSAG9e86HM,...boat we've got the volvos um so we've got volvo diesel stern drive i think there's a huge benefit for having stern...,multiple_values_review
sacs 47 rebel,SACS,47 REBEL,SACS 47 REBEL,47.0,attribute,powertrain,engine_power_hp,Engine Power Hp,600 hp,hp,0.89,1,BjjYML1b3Wk;ElSAG9e86HM,they are coming out with the new uh 600 mercury 600 horsepower outboards and there's a quad setup available and there's also...,
sacs 47 rebel,SACS,47 REBEL,SACS 47 REBEL,47.0,attribute,accommodation,galley,Galley,true,,0.9,1,BjjYML1b3Wk;ElSAG9e86HM,...know so if you want to get and go to the galley which we'll do in a second or like exactly it's...,
sacs 47 rebel,SACS,47 REBEL,SACS 47 REBEL,47.0,attribute,systems,generator,Generator,true,,0.93,2,BjjYML1b3Wk;ElSAG9e86HM,...it um just yet because we'll cut to that but that's generator storage so generator fuel tanks on either side they're stainless...,
sacs 47 rebel,SACS,47 REBEL,SACS 47 REBEL,47.0,attribute,hull,hull_form,Hull Form,rib,,0.97,5,BjjYML1b3Wk;ElSAG9e86HM,...previous videos and today we're on the saks rebel 47 a rib would you believe it like the rib market it's absolutely...,
sacs 47 rebel,SACS,47 REBEL,SACS 47 REBEL,47.0,attribute,performance,max_observed_speed_knots,Max Observed Speed Knots,25 kn,kn,0.91,3,BjjYML1b3Wk;ElSAG9e86HM,...you dry there ruby yeah i'm completely dry yep so nothing coming in here i'm only doing 16 knots 17 knots here,
sacs 47 rebel,SACS,47 REBEL,SACS 47 REBEL,47.0,attribute,mission,overnight_capable,Overnight Capable,true,,0.86,2,BjjYML1b3Wk;ElSAG9e86HM,...quick look at the engine bay but i think as an overnight for a couple like yeah and going between destination to,
sacs 47 rebel,SACS,47 REBEL,SACS 47 REBEL,47.0,attribute,character,premium_styling,Premium Styling,true,,0.82,1,BjjYML1b3Wk;ElSAG9e86HM,...ribs and sacs were definitely the early adopters for the refined sexy luxurious style of rib and and they were probably the...,
sacs 47 rebel,SACS,47 REBEL,SACS 47 REBEL,47.0,attribute,handling,stern_thruster,Stern Thruster,true,,0.96,2,BjjYML1b3Wk;ElSAG9e86HM,...yep okay and i mean i've got i've got bow and stern thruster i've got the twin drives i've got the rudder...,
sacs 47 rebel,SACS,47 REBEL,SACS 47 REBEL,47.0,attribute,performance,top_speed_knots,Top Speed Knots,32 kn,kn,0.93,1,BjjYML1b3Wk;ElSAG9e86HM,...is probably a fast cruise 32 to 35 knots 35 knots top speed 32 knots if you've got probably a loaded boat...,
sacs 47 rebel,SACS,47 REBEL,SACS 47 REBEL,47.0,attribute,mission,watersports_suitable,Watersports Suitable,true,,0.87,1,BjjYML1b3Wk;ElSAG9e86HM,...you've got out of the water you've set this up in diving platform mode there is a carbon fiber hot and cold...,
sacs 11,SACS,Strider 11,SACS Strider 11,36.81,category,category,weekender-commuter,Weekender Commuter,true,,0.91,2,B_tvQOJzSeI;i11O__889qg,...guys who are going to be attracted to a boat like this you've probably got another boat you probably have a weekender,
sacs 11,SACS,Strider 11,SACS Strider 11,36.81,attribute,dimensions,length_feet,Length Feet,36.81 ft,ft,0.99,0,B_tvQOJzSeI;i11O__889qg,,
sacs 11,SACS,Strider 11,SACS Strider 11,36.81,attribute,handling,bow_thruster,Bow Thruster,true,,0.96,1,B_tvQOJzSeI;i11O__889qg,bluetooth to your phone we do have a bow thruster on port and it's the joystick version not the button version so...,
sacs 11,SACS,Strider 11,SACS Strider 11,36.81,attribute,performance,cruise_speed_knots,Cruise Speed Knots,30 kn,kn,0.93,3,B_tvQOJzSeI;i11O__889qg,...in the ocean for the reasons i've just explained but a 25 knot cruising speed in the ocean is very respectable because...,
sacs 11,SACS,Strider 11,SACS Strider 11,36.81,attribute,powertrain,drive_type,Drive Type,outboard,,0.94,1,B_tvQOJzSeI;i11O__889qg,time on outboard boats it's just cold water so there is a hot water cylinder which runs electrically on an inverter we've...,
sacs 11,SACS,Strider 11,SACS Strider 11,36.81,attribute,hull,hull_form,Hull Form,rib,,0.95,2,B_tvQOJzSeI;i11O__889qg,this is moving into your maxi rib vibe your big rib stage so this is this is a vessel that you can...,
sacs 11,SACS,Strider 11,SACS Strider 11,36.81,attribute,mission,offshore_capable,Offshore Capable,true,,0.88,1,B_tvQOJzSeI;i11O__889qg,so so in offshore conditions i actually would still drive like this this is quite comfortable you can just assume the seated...,
sacs 11,SACS,Strider 11,SACS Strider 11,36.81,attribute,mission,overnight_capable,Overnight Capable,true,,0.86,2,B_tvQOJzSeI;i11O__889qg,you could overnight i see this as great for a couple um and even tall guys like my feet,
sacs 11,SACS,Strider 11,SACS Strider 11,36.81,attribute,character,premium_styling,Premium Styling,true,,0.82,1,B_tvQOJzSeI;i11O__889qg,...that's nice the other thing we got you know it's quite sexy looks this boat but there's a practical nature to it...,
sacs 11,SACS,Strider 11,SACS Strider 11,36.81,attribute,mission,watersports_suitable,Watersports Suitable,true,,0.87,1,B_tvQOJzSeI;i11O__889qg,...you know this is a boat that you're going to do water sports on um you are going to be interested in...,
sargo 28,Sargo,28,Sargo 28,28.0,attribute,dimensions,length_feet,Length Feet,28 ft,ft,0.937,0,AIFykW7Q6UU;dBlL3uhwcxg,,
sargo 28,Sargo,28,Sargo 28,28.0,attribute,comfort,air_conditioning,Air Conditioning,true,,0.92,3,AIFykW7Q6UU;dBlL3uhwcxg,"...in most conditions, if you didn't have the boat fitted with air conditioning and you wanted to have fresh air, it's not...",
sargo 28,Sargo,28,Sargo 28,28.0,attribute,handling,bow_thruster,Bow Thruster,true,,0.96,5,AIFykW7Q6UU;dBlL3uhwcxg,"flood light. We've got an electric variable speed bow thruster, which because we have the Yamaha 250s, and",
sargo 28,Sargo,28,Sargo 28,28.0,attribute,accommodation,cabins,Cabins,2 count,count,0.95,5,AIFykW7Q6UU;dBlL3uhwcxg,"walkound decks, amazing construction, super high quality, two cabins, and a separate toilet with a shower. It's a",
sargo 28,Sargo,28,Sargo 28,28.0,attribute,powertrain,drive_type,Drive Type,outboard,,0.94,5,AIFykW7Q6UU;dBlL3uhwcxg,You can get it with a single diesel stern drive or two outboard powered uh,multiple_values_review
sargo 28,Sargo,28,Sargo 28,28.0,attribute,powertrain,drive_type,Drive Type,shaft,,0.95,1,AIFykW7Q6UU;dBlL3uhwcxg,...maybe the Nimbus 305. Um but just remember that's a single shaft drive diesel and it will do half the speed. So...,comparison_context_review;multiple_values_review
sargo 28,Sargo,28,Sargo 28,28.0,attribute,powertrain,drive_type,Drive Type,sterndrive,,0.94,1,AIFykW7Q6UU;dBlL3uhwcxg,You can get it with a single diesel stern drive or two outboard powered uh,multiple_values_review
sargo 28,Sargo,28,Sargo 28,28.0,attribute,powertrain,engine_count,Engine Count,1 count,count,0.93,1,AIFykW7Q6UU;dBlL3uhwcxg,You can get it with a single diesel stern drive or two outboard powered uh,
sargo 28,Sargo,28,Sargo 28,28.0,attribute,powertrain,engine_power_hp,Engine Power Hp,300 hp,hp,0.89,2,AIFykW7Q6UU;dBlL3uhwcxg,250 horsepower Yamahas or 300 horsepower Yamahas. My name is Dan Jones. You're,
sargo 28,Sargo,28,Sargo 28,28.0,attribute,capacity,fuel_capacity_l,Fuel Capacity L,25 L,L,0.93,1,AIFykW7Q6UU;dBlL3uhwcxg,"This is the diesel tank. I'm going to guess that that is about 25 L maybe,",numeric_sanity_review
sargo 28,Sargo,28,Sargo 28,28.0,attribute,accommodation,galley,Galley,true,,0.9,1,AIFykW7Q6UU;dBlL3uhwcxg,And another one just here. But this is actually also the galley. So if you pop,
sargo 28,Sargo,28,Sargo 28,28.0,attribute,systems,generator,Generator,true,,0.93,1,AIFykW7Q6UU;dBlL3uhwcxg,"boat, uh, yes, you could put air conditioning in a generator on this if you wish, but you can crack that open,...",
sargo 28,Sargo,28,Sargo 28,28.0,attribute,hull,hull_form,Hull Form,rib,,0.95,1,AIFykW7Q6UU;dBlL3uhwcxg,...at us today when we're driving around on this boat. You don't get that on a sexy rib. and I have been,comparison_context_review
sargo 28,Sargo,28,Sargo 28,28.0,attribute,handling,joystick_control,Joystick Control,true,,0.94,1,AIFykW7Q6UU;dBlL3uhwcxg,...the motors. So you just got to get used to the joystick system. Don't go practicing it um close to other boats...,
sargo 28,Sargo,28,Sargo 28,28.0,attribute,weather,opening_sunroof,Opening Sunroof,true,,0.93,1,AIFykW7Q6UU;dBlL3uhwcxg,"cabin downstairs. We've got the light bar up top, VHF aerial, opening sunroof.",
sargo 28,Sargo,28,Sargo 28,28.0,attribute,mission,overnight_capable,Overnight Capable,true,,0.86,2,AIFykW7Q6UU;dBlL3uhwcxg,"So, how good's this? It's a proper overnight cabin. You could potentially argue that this is the master instead of",
sargo 28,Sargo,28,Sargo 28,28.0,attribute,character,premium_styling,Premium Styling,true,,0.82,2,AIFykW7Q6UU;dBlL3uhwcxg,...at us today when we're driving around on this boat. You don't get that on a sexy rib. and I have been,comparison_context_review
sargo 28,Sargo,28,Sargo 28,28.0,attribute,mission,trailerable,Trailerable,true,,0.89,3,AIFykW7Q6UU;dBlL3uhwcxg,...see in some of the footage I took when we were on the trailer. Very interesting. See you in the next location....,
sargo 45,Sargo,45,Sargo 45,45.0,attribute,dimensions,length_feet,Length Feet,45 ft,ft,0.937,0,msCELOAmCbU;qtSn8sfeSBI,,
sargo 45,Sargo,45,Sargo 45,45.0,attribute,comfort,air_conditioning,Air Conditioning,true,,0.92,4,msCELOAmCbU;qtSn8sfeSBI,Obviously we have air conditioning as well. Um so you can really pick the climate for you. Um I'm going to open,
sargo 45,Sargo,45,Sargo 45,45.0,attribute,accommodation,cabins,Cabins,3 count,count,0.93,5,msCELOAmCbU;qtSn8sfeSBI,"that could be managed solo or short-handed. Two cabins with the option of three cabins, two toilets, two",
sargo 45,Sargo,45,Sargo 45,45.0,attribute,accommodation,crew_cabin,Crew Cabin,true,,0.96,1,msCELOAmCbU;qtSn8sfeSBI,"...as well go down to this cabin. This is potentially the crew cabin. Uh, because this is a this is a three...",
sargo 45,Sargo,45,Sargo 45,45.0,attribute,powertrain,drive_type,Drive Type,ips-pod,,0.98,5,msCELOAmCbU;qtSn8sfeSBI,"...to get rid of that cuz that was flickering on the camera. Uh, okay. So, we've got the IPS 650s. That's 480",multiple_values_review
sargo 45,Sargo,45,Sargo 45,45.0,attribute,powertrain,drive_type,Drive Type,sterndrive,,0.96,4,msCELOAmCbU;qtSn8sfeSBI,"1 minutehorsepower. You can get stern drives if you wish. We've got 2,000 L tankage on this one. Standard is 1,800. And...",multiple_values_review
sargo 45,Sargo,45,Sargo 45,45.0,attribute,handling,dynamic_positioning,Dynamic Positioning,true,,0.94,3,msCELOAmCbU;qtSn8sfeSBI,boat in. We do have the cover off the wing station should it be necessary. DPS dynamic positioning system is available,
sargo 45,Sargo,45,Sargo 45,45.0,attribute,mission,family_suitable,Family Suitable,true,,0.85,1,msCELOAmCbU;qtSn8sfeSBI,one to go for because it really does lend itself to being a real family boat.,
sargo 45,Sargo,45,Sargo 45,45.0,attribute,capacity,fuel_capacity_l,Fuel Capacity L,100 L,L,0.93,1,msCELOAmCbU;qtSn8sfeSBI,...now and then let's open that back door and just check out the noise levels at 22 knots. That's 100 L fuel,
sargo 45,Sargo,45,Sargo 45,45.0,attribute,accommodation,galley,Galley,true,,0.9,2,msCELOAmCbU;qtSn8sfeSBI,"engine room light, deck wash, table lift just there, and the galley is super",
sargo 45,Sargo,45,Sargo 45,45.0,attribute,systems,generator,Generator,true,,0.93,1,msCELOAmCbU;qtSn8sfeSBI,...gauges. And then we've got uh short ship to shore with generator um just in [snorts] here. And then we've got pencil,
sargo 45,Sargo,45,Sargo 45,45.0,attribute,access,hydraulic_swim_platform,Hydraulic Swim Platform,true,,0.96,1,msCELOAmCbU;qtSn8sfeSBI,that'll serve as an eskie. This is where you operate the hydraulic platform from.,
sargo 45,Sargo,45,Sargo 45,45.0,attribute,mission,long_range_suitable,Long Range Suitable,true,,0.91,1,msCELOAmCbU;qtSn8sfeSBI,"walkound decks. Really, really great access, long range capabilities and",
sargo 45,Sargo,45,Sargo 45,45.0,attribute,performance,max_observed_speed_knots,Max Observed Speed Knots,24 kn,kn,0.89,1,msCELOAmCbU;qtSn8sfeSBI,sleep whilst doing 24 knots in the ocean through waves in that aft cabin or in,
sargo 45,Sargo,45,Sargo 45,45.0,attribute,mission,offshore_capable,Offshore Capable,true,,0.88,1,msCELOAmCbU;qtSn8sfeSBI,"...would have thought green would look so cool, but in this blue water here in Greece, it looks fantastic. Um, we got...",
sargo 45,Sargo,45,Sargo 45,45.0,attribute,weather,opening_sunroof,Opening Sunroof,true,,0.93,1,msCELOAmCbU;qtSn8sfeSBI,...they still also going to appreciate the views. I've got glass all you know above me opening sunroof if I wanted ventilation.,
sargo 45,Sargo,45,Sargo 45,45.0,attribute,accommodation,separate_shower,Separate Shower,true,,0.94,1,msCELOAmCbU;qtSn8sfeSBI,"head is this one because it's a much wider setup. This particular one, we're going into a full-on separate shower.",
sargo 45,Sargo,45,Sargo 45,45.0,attribute,mission,watersports_suitable,Watersports Suitable,true,,0.87,1,msCELOAmCbU;qtSn8sfeSBI,"...in in that sort of scenario. Oh, someone's coming to give us a hard time about anchoring uh near the water sports.",
saxdor 200,Saxdor,200 PRO SPORT DAN,Saxdor 200 PRO SPORT DAN,20.0,category,category,chase-tender,Chase Tender,true,,0.94,1,6NUR5wNsR_c;iDtUptZrsBM,maintenance can tow it behind your car use it like a yacht tender or just keep it somewhere convenient that doesn't cost...,
saxdor 200,Saxdor,200 PRO SPORT DAN,Saxdor 200 PRO SPORT DAN,20.0,attribute,dimensions,length_feet,Length Feet,20 ft,ft,0.937,0,6NUR5wNsR_c;iDtUptZrsBM,,
saxdor 200,Saxdor,200 PRO SPORT DAN,Saxdor 200 PRO SPORT DAN,20.0,attribute,performance,cruise_speed_knots,Cruise Speed Knots,27 kn,kn,0.93,3,6NUR5wNsR_c;iDtUptZrsBM,...power for a little boat so 3700 revs and i'm just cruising there at that 27 knots she digs into the corner...,
saxdor 200,Saxdor,200 PRO SPORT DAN,Saxdor 200 PRO SPORT DAN,20.0,attribute,powertrain,engine_power_hp,Engine Power Hp,175 hp,hp,0.91,3,6NUR5wNsR_c;iDtUptZrsBM,...like bloody hot cakes might i add but that had a 115 horsepower from memory uh i'm on the i'm on the...,
saxdor 200,Saxdor,200 PRO SPORT DAN,Saxdor 200 PRO SPORT DAN,20.0,attribute,weather,hardtop,Hardtop,true,,0.85,1,6NUR5wNsR_c;iDtUptZrsBM,...of protection from the sun and the rain this is the hard top t-top just here there is an option for a...,
saxdor 200,Saxdor,200 PRO SPORT DAN,Saxdor 200 PRO SPORT DAN,20.0,attribute,mission,overnight_capable,Overnight Capable,true,,0.86,1,6NUR5wNsR_c;iDtUptZrsBM,gear today because we don't plan on overnighting the base of this floor just here this lounge just removes,
saxdor 200,Saxdor,200 PRO SPORT DAN,Saxdor 200 PRO SPORT DAN,20.0,attribute,performance,top_speed_knots,Top Speed Knots,44 kn,kn,0.93,1,6NUR5wNsR_c;iDtUptZrsBM,...of 27 28 knots and then wind it up to a top speed of 44 knots we just saw on the dial...,
saxdor 200,Saxdor,200 PRO SPORT DAN,Saxdor 200 PRO SPORT DAN,20.0,attribute,mission,trailerable,Trailerable,true,,0.89,1,6NUR5wNsR_c;iDtUptZrsBM,maintenance can tow it behind your car use it like a yacht tender or just keep it somewhere convenient that doesn't cost...,
saxdor 200,Saxdor,200 PRO SPORT DAN,Saxdor 200 PRO SPORT DAN,20.0,attribute,mission,watersports_suitable,Watersports Suitable,true,,0.87,1,6NUR5wNsR_c;iDtUptZrsBM,face them after if you're doing a little bit of wakeboarding and water sports and you can also put you know if...,
saxdor 200 sport,Saxdor,200 SPORT,Saxdor 200 SPORT,20.0,category,category,bowrider-runabout,Bowrider Runabout,true,,0.95,3,EFoPNXo4GmI;b7VunlseW-w,...considering considering the size you know if that was a 20-foot bow rider we would have filled the cup holders up with...,
saxdor 200 sport,Saxdor,200 SPORT,Saxdor 200 SPORT,20.0,category,category,walkaround-day-boat,Walkaround Day Boat,true,,0.87,1,EFoPNXo4GmI;b7VunlseW-w,...day or transiting between boats using it as a tender using it as your day boat and not worrying you know this,
saxdor 200 sport,Saxdor,200 SPORT,Saxdor 200 SPORT,20.0,attribute,dimensions,length_feet,Length Feet,20 ft,ft,0.937,0,EFoPNXo4GmI;b7VunlseW-w,,
saxdor 200 sport,Saxdor,200 SPORT,Saxdor 200 SPORT,20.0,attribute,performance,cruise_speed_knots,Cruise Speed Knots,15 kn,kn,0.93,1,EFoPNXo4GmI;b7VunlseW-w,...prefer not to chop anyone up today that's just an easy cruise at 15 knots i'm sitting on 2 900 revs zero...,
saxdor 200 sport,Saxdor,200 SPORT,Saxdor 200 SPORT,20.0,attribute,powertrain,engine_power_hp,Engine Power Hp,150 hp,hp,0.91,3,EFoPNXo4GmI;b7VunlseW-w,...test this baby we've um i'm on the one with the 150 horsepower uh mercury we've got pretty much no wind decent...,comparison_context_review
saxdor 205,Saxdor,205,Saxdor 205,20.5,category,category,walkaround-day-boat,Walkaround Day Boat,true,,0.87,1,x7yXdXvWwGE,...boat but you can also use this as a full on day boat and have great days with you and three friends,
saxdor 205,Saxdor,205,Saxdor 205,20.5,attribute,dimensions,length_feet,Length Feet,20.5 ft,ft,0.937,0,x7yXdXvWwGE,,
saxdor 205,Saxdor,205,Saxdor 205,20.5,attribute,performance,cruise_speed_knots,Cruise Speed Knots,28.5 kn,kn,0.93,2,x7yXdXvWwGE,I'm just cruising around at 25 to 27 knots here at the moment um windscreens are real big Improvement,
saxdor 205,Saxdor,205,Saxdor 205,20.5,attribute,powertrain,engine_power_hp,Engine Power Hp,115 hp,hp,0.89,2,x7yXdXvWwGE,...I'm back in Sydney I clearly can't get that here on a lake in Poland um 115 horsepower on this one engine,
saxdor 205,Saxdor,205,Saxdor 205,20.5,attribute,capacity,fuel_capacity_l,Fuel Capacity L,110 L,L,0.93,1,x7yXdXvWwGE,confirm that in the description and the fuel tank is 110 liters coming out the back we had the courtesy lights up...,
saxdor 270,Saxdor,270,Saxdor 270,27.0,attribute,dimensions,length_feet,Length Feet,27 ft,ft,0.937,0,56cgO1GDCoA;cRBdO9YR6gc,,
saxdor 270,Saxdor,270,Saxdor 270,27.0,attribute,comfort,air_conditioning,Air Conditioning,true,,0.85,1,56cgO1GDCoA;cRBdO9YR6gc,...there's also storage underneath the floor which if you chose the air conditioning or the heating option that's where that would be...,
saxdor 270,Saxdor,270,Saxdor 270,27.0,attribute,handling,bow_thruster,Bow Thruster,true,,0.96,1,56cgO1GDCoA;cRBdO9YR6gc,...important to you can do now underneath this bed we've got bow thruster access all the way up forward and then we've...,
saxdor 270,Saxdor,270,Saxdor 270,27.0,attribute,performance,cruise_speed_knots,Cruise Speed Knots,27 kn,kn,0.93,5,56cgO1GDCoA;cRBdO9YR6gc,...into perspective I'm now winding the boat back to her fast cruise speed of 27 knots Okay so can you notice that...,
saxdor 270,Saxdor,270,Saxdor 270,27.0,attribute,powertrain,engine_power_hp,Engine Power Hp,300 hp,hp,0.91,4,56cgO1GDCoA;cRBdO9YR6gc,...this morning and damn this thing is fun I've got the 300 horsepower Merc on the back we've got they had the...,
saxdor 270,Saxdor,270,Saxdor 270,27.0,attribute,capacity,fuel_capacity_l,Fuel Capacity L,300 L,L,0.93,1,56cgO1GDCoA;cRBdO9YR6gc,...it's going to be holding and water tanks are there the fuel tank centrally mounted because that's the 300 liters that's the...,
saxdor 270,Saxdor,270,Saxdor 270,27.0,attribute,performance,max_observed_speed_knots,Max Observed Speed Knots,40 kn,kn,0.89,1,56cgO1GDCoA;cRBdO9YR6gc,...by that this is what I mean feel the grip okay I'm doing 40 knots 5 900 revs I've just hooked it...,
saxdor 270,Saxdor,270,Saxdor 270,27.0,attribute,mission,overnight_capable,Overnight Capable,true,,0.86,3,56cgO1GDCoA;cRBdO9YR6gc,...a size that suits a lot of people because you can overnight on it you can offshore in it you can handle...,
saxdor 270,Saxdor,270,Saxdor 270,27.0,attribute,character,premium_styling,Premium Styling,true,,0.82,4,56cgO1GDCoA;cRBdO9YR6gc,swells okay so this wind screen whilst sexy it,
saxdor 270,Saxdor,270,Saxdor 270,27.0,attribute,performance,top_speed_knots,Top Speed Knots,36 kn,kn,0.93,1,56cgO1GDCoA;cRBdO9YR6gc,...I figured why don't I just start the video and almost full speed at an allegedly 36 knots I already had a...,
saxdor 270,Saxdor,270,Saxdor 270,27.0,attribute,capacity,water_capacity_l,Water Capacity L,55 L,L,0.93,1,56cgO1GDCoA;cRBdO9YR6gc,...run out of Lake and I've also got a 55 liter water tank and a 55 liter holding tank obviously they're empty...,
saxdor 320 gtc,Saxdor,320 GTC,Saxdor 320 GTC,32.0,category,category,weekender-commuter,Weekender Commuter,true,,0.91,1,RWGPhqUbPww;ZFmsJBLbkGc,"Yeah, you could totally use this as a weekender for a couple. We've got the ventilation through these two hatches here. You...",
saxdor 320 gtc,Saxdor,320 GTC,Saxdor 320 GTC,32.0,attribute,dimensions,length_feet,Length Feet,32 ft,ft,0.937,0,RWGPhqUbPww;ZFmsJBLbkGc,,
saxdor 320 gtc,Saxdor,320 GTC,Saxdor 320 GTC,32.0,attribute,dimensions,beam_feet,Beam Feet,32 ft,ft,0.93,1,RWGPhqUbPww;ZFmsJBLbkGc,access but not necessarily in this beam and length because we are only 32 feet remember. So just consider that we've,numeric_sanity_review
saxdor 320 gtc,Saxdor,320 GTC,Saxdor 320 GTC,32.0,attribute,handling,bow_thruster,Bow Thruster,true,,0.96,4,RWGPhqUbPww;ZFmsJBLbkGc,We've got the bow thruster immediately next to the throttles. I like how the throttles are set back away from the wheel...,
saxdor 320 gtc,Saxdor,320 GTC,Saxdor 320 GTC,32.0,attribute,performance,cruise_speed_knots,Cruise Speed Knots,31.5 kn,kn,0.93,2,RWGPhqUbPww;ZFmsJBLbkGc,...these joystick trim tab systems on these boats. Okay. And just cruising along at 26 knots there. Uh hopefully you can see...,
saxdor 320 gtc,Saxdor,320 GTC,Saxdor 320 GTC,32.0,attribute,access,folding_balconies,Folding Balconies,true,,0.94,1,RWGPhqUbPww;ZFmsJBLbkGc,"drop down terrace. You've got the lock and then you do down and up on both port and starboard. So, it's a...",
saxdor 320 gtc,Saxdor,320 GTC,Saxdor 320 GTC,32.0,attribute,performance,max_observed_speed_knots,Max Observed Speed Knots,37 kn,kn,0.89,1,RWGPhqUbPww;ZFmsJBLbkGc,"off at a fast cruise downwind, we're still doing 37 knot SG at 5,200 RPM and consuming 112 L an hour. Let's...",
saxdor 320 gtc,Saxdor,320 GTC,Saxdor 320 GTC,32.0,attribute,weather,opening_sunroof,Opening Sunroof,true,,0.93,1,RWGPhqUbPww;ZFmsJBLbkGc,"sliding opening sunroof that uh obviously allows sun and ventilation, but it also keeps the center of gravity",
saxdor 320 gtc,Saxdor,320 GTC,Saxdor 320 GTC,32.0,attribute,character,premium_styling,Premium Styling,true,,0.82,1,RWGPhqUbPww;ZFmsJBLbkGc,...the gas strut and the whole thing retracts into the front of the boat to give you a sexy looking bow and,
saxdor 320 gto,Saxdor,320 GTO,Saxdor 320 GTO,32.0,category,category,sports-cruiser,Sports Cruiser,true,,0.99,2,Xm613aUP2CU;r8vWlRS-pzk;C36ZTEgVFTY;ROBngp8vqCQ,"...fun, enjoyable boat to drive. So, if you come from a sports cruiser, if you've come from something that's maybe um hangs...",
saxdor 320 gto,Saxdor,320 GTO,Saxdor 320 GTO,32.0,attribute,dimensions,length_feet,Length Feet,32 ft,ft,0.937,0,Xm613aUP2CU;r8vWlRS-pzk;C36ZTEgVFTY;ROBngp8vqCQ,,
saxdor 320 gto,Saxdor,320 GTO,Saxdor 320 GTO,32.0,attribute,comfort,air_conditioning,Air Conditioning,true,,0.92,2,Xm613aUP2CU;r8vWlRS-pzk;C36ZTEgVFTY;ROBngp8vqCQ,"...let's go have a look. So, this boat has actually got air conditioning, which is great. So, that's off the batteries. And...",
saxdor 320 gto,Saxdor,320 GTO,Saxdor 320 GTO,32.0,attribute,handling,bow_thruster,Bow Thruster,true,,0.96,1,Xm613aUP2CU;r8vWlRS-pzk;C36ZTEgVFTY;ROBngp8vqCQ,"...all your boat systems, you got your throttles, you got your bow thruster, trim tabs, drink holders, phone charging, little glove box....",
saxdor 320 gto,Saxdor,320 GTO,Saxdor 320 GTO,32.0,attribute,performance,cruise_speed_knots,Cruise Speed Knots,30 kn,kn,0.95,4,Xm613aUP2CU;r8vWlRS-pzk;C36ZTEgVFTY;ROBngp8vqCQ,"...go places and transit at high speeds, I'm talking around your 30 knots cruising speed and get all the way up to...",
saxdor 320 gto,Saxdor,320 GTO,Saxdor 320 GTO,32.0,attribute,handling,dynamic_positioning,Dynamic Positioning,true,,0.94,1,Xm613aUP2CU;r8vWlRS-pzk;C36ZTEgVFTY;ROBngp8vqCQ,...was replaced with electric steering. So that uh facilitates with the skyhook as well because then the both motors need to be...,
saxdor 320 gto,Saxdor,320 GTO,Saxdor 320 GTO,32.0,attribute,powertrain,engine_power_hp,Engine Power Hp,300 hp,hp,0.91,2,Xm613aUP2CU;r8vWlRS-pzk;C36ZTEgVFTY;ROBngp8vqCQ,twin 300 horsepower V8. We're running uh half a tank of fuel at the moment. We,
saxdor 320 gto,Saxdor,320 GTO,Saxdor 320 GTO,32.0,attribute,capacity,fuel_capacity_l,Fuel Capacity L,300 L,L,0.93,1,Xm613aUP2CU;r8vWlRS-pzk;C36ZTEgVFTY;ROBngp8vqCQ,know we chucked about 300 liters of fuel on this morning you know that's quick when you compare to some other cutting...,
saxdor 320 gto,Saxdor,320 GTO,Saxdor 320 GTO,32.0,attribute,weather,hardtop,Hardtop,true,,0.92,1,Xm613aUP2CU;r8vWlRS-pzk;C36ZTEgVFTY;ROBngp8vqCQ,...hull is actually the basis for different models so this is the gto and it's got the hard top just up there,
saxdor 320 gto,Saxdor,320 GTO,Saxdor 320 GTO,32.0,attribute,handling,joystick_control,Joystick Control,true,,0.94,1,Xm613aUP2CU;r8vWlRS-pzk;C36ZTEgVFTY;ROBngp8vqCQ,joystick control you know yes you might need that i don't really see the need for that but i will have a...,
saxdor 320 gto,Saxdor,320 GTO,Saxdor 320 GTO,32.0,attribute,performance,max_observed_speed_knots,Max Observed Speed Knots,50 kn,kn,0.89,2,Xm613aUP2CU;r8vWlRS-pzk;C36ZTEgVFTY;ROBngp8vqCQ,"...this today on the way over in some short sharp waves doing about 30 knots. It has enough movement, enough flex to...",
saxdor 320 gto,Saxdor,320 GTO,Saxdor 320 GTO,32.0,attribute,mission,offshore_capable,Offshore Capable,true,,0.88,1,Xm613aUP2CU;r8vWlRS-pzk;C36ZTEgVFTY;ROBngp8vqCQ,"waves, but also be good in offshore conditions, uh, depending on how you treat and drive the boat. Um, so this is...",
saxdor 320 gto,Saxdor,320 GTO,Saxdor 320 GTO,32.0,attribute,mission,overnight_capable,Overnight Capable,true,,0.86,3,Xm613aUP2CU;r8vWlRS-pzk;C36ZTEgVFTY;ROBngp8vqCQ,"...or not. Um, but think what is my mission? Am I doing more day boating, less overnighting? Then you might see uh",
saxdor 320 gto,Saxdor,320 GTO,Saxdor 320 GTO,32.0,attribute,character,premium_styling,Premium Styling,true,,0.82,5,Xm613aUP2CU;r8vWlRS-pzk;C36ZTEgVFTY;ROBngp8vqCQ,...as well and i've seen a few renders and that thing looks sexy um but what are we seeing up here um...,
saxdor 340 gtwa,Saxdor,340 GTWA,Saxdor 340 GTWA,34.0,category,category,walkaround-day-boat,Walkaround Day Boat,true,,0.87,1,2JMin4bt_co;vhNIpnQP78o,"commuter. It could be a day boat. It could be a couple's boat. It could be a family boat. There's there's many,...",
saxdor 340 gtwa,Saxdor,340 GTWA,Saxdor 340 GTWA,34.0,attribute,dimensions,length_feet,Length Feet,34 ft,ft,0.937,0,2JMin4bt_co;vhNIpnQP78o,,
saxdor 340 gtwa,Saxdor,340 GTWA,Saxdor 340 GTWA,34.0,attribute,comfort,air_conditioning,Air Conditioning,true,,0.92,2,2JMin4bt_co;vhNIpnQP78o,"eventually switch on the heating or the air conditioning and you do you, which is what I love about this design. I...",
saxdor 340 gtwa,Saxdor,340 GTWA,Saxdor 340 GTWA,34.0,attribute,handling,bow_thruster,Bow Thruster,true,,0.96,3,2JMin4bt_co;vhNIpnQP78o,"...side slip her in. So, I've got my wheel down to starboard and I'm just using the bow thruster. This boat's got",
saxdor 340 gtwa,Saxdor,340 GTWA,Saxdor 340 GTWA,34.0,attribute,powertrain,engine_count,Engine Count,2 count,count,0.95,2,2JMin4bt_co;vhNIpnQP78o,"...afraid to take this boat offshore and beat up a few waves, particularly with the twin engine redundancy. Um, so yeah, I'm",
saxdor 340 gtwa,Saxdor,340 GTWA,Saxdor 340 GTWA,34.0,attribute,mission,family_suitable,Family Suitable,true,,0.85,1,2JMin4bt_co;vhNIpnQP78o,"...It could be a day boat. It could be a couple's boat. It could be a family boat. There's there's many, many",
saxdor 340 gtwa,Saxdor,340 GTWA,Saxdor 340 GTWA,34.0,attribute,access,folding_balconies,Folding Balconies,true,,0.94,1,2JMin4bt_co;vhNIpnQP78o,You can see on both sides on port and port and starboard we have these beautiful big drop down wings and they,
saxdor 340 gtwa,Saxdor,340 GTWA,Saxdor 340 GTWA,34.0,attribute,capacity,fuel_capacity_l,Fuel Capacity L,490 L,L,0.93,1,2JMin4bt_co;vhNIpnQP78o,"underneath us here. The fuel tank, it's 490 L. a aluminium construction, aluminum construction, and you can get",
saxdor 340 gtwa,Saxdor,340 GTWA,Saxdor 340 GTWA,34.0,attribute,handling,joystick_control,Joystick Control,true,,0.94,1,2JMin4bt_co;vhNIpnQP78o,This is adjustable with this particular boat has got the joystick system and the bow thruster. We're running the zip,
saxdor 340 gtwa,Saxdor,340 GTWA,Saxdor 340 GTWA,34.0,attribute,mission,overnight_capable,Overnight Capable,true,,0.86,1,2JMin4bt_co;vhNIpnQP78o,"you're just a couple and you want to sleep on board, but you tell me. Got reading lights in there and there....",
saxdor 340 gtwa,Saxdor,340 GTWA,Saxdor 340 GTWA,34.0,attribute,access,walkaround_decks,Walkaround Decks,true,,0.91,1,2JMin4bt_co;vhNIpnQP78o,"really love the walkaround access and the doors, double doors on either side from the helm station. So from an",
saxdor 400 gts,Saxdor,400 GTS,Saxdor 400 GTS,40.0,category,category,bowrider-runabout,Bowrider Runabout,true,,0.95,2,sThX23SNQaI;g-92X4uxSM0,No one's around. Trying not to interfere with other people today. Especially if you see other people on bow riders. It's,
saxdor 400 gts,Saxdor,400 GTS,Saxdor 400 GTS,40.0,category,category,centre-console,Centre Console,true,,0.96,3,sThX23SNQaI;g-92X4uxSM0,"this is a center console. And this is an awesome dayboat. So, in this video, we're going to do a very deep...",
saxdor 400 gts,Saxdor,400 GTS,Saxdor 400 GTS,40.0,category,category,luxury-med-day-boat,Luxury Med Day Boat,true,,0.96,1,sThX23SNQaI;g-92X4uxSM0,the past but used it as a luxury day boat. I think it's those people who are going to see great value...,
saxdor 400 gts,Saxdor,400 GTS,Saxdor 400 GTS,40.0,category,category,sports-cruiser,Sports Cruiser,true,,0.97,1,sThX23SNQaI;g-92X4uxSM0,"...and it's enough. I know a lot of the American boats uh or your sports cruisers are going to have much bigger,",
saxdor 400 gts,Saxdor,400 GTS,Saxdor 400 GTS,40.0,category,category,walkaround-day-boat,Walkaround Day Boat,true,,0.87,1,sThX23SNQaI;g-92X4uxSM0,the past but used it as a luxury day boat. I think it's those people who are going to see great value...,
saxdor 400 gts,Saxdor,400 GTS,Saxdor 400 GTS,40.0,attribute,dimensions,length_feet,Length Feet,40 ft,ft,0.982315,0,sThX23SNQaI;g-92X4uxSM0,,
saxdor 400 gts,Saxdor,400 GTS,Saxdor 400 GTS,40.0,attribute,comfort,air_conditioning,Air Conditioning,true,,0.92,5,sThX23SNQaI;g-92X4uxSM0,"scenario, that's great. It does immediately make this area hotter. So your choices are air conditioning or",
saxdor 400 gts,Saxdor,400 GTS,Saxdor 400 GTS,40.0,attribute,handling,bow_thruster,Bow Thruster,true,,0.96,5,sThX23SNQaI;g-92X4uxSM0,"Um, so that's easy. And then let's just have a little go of the bow thruster.",
saxdor 400 gts,Saxdor,400 GTS,Saxdor 400 GTS,40.0,attribute,accommodation,cabins,Cabins,2 count,count,0.93,1,sThX23SNQaI;g-92X4uxSM0,"because we got an awesome amount of space. We've got two cabins. We got a toilet, a proper toilet and a shower...",
saxdor 400 gts,Saxdor,400 GTS,Saxdor 400 GTS,40.0,attribute,access,folding_balconies,Folding Balconies,true,,0.94,1,sThX23SNQaI;g-92X4uxSM0,these drop down wings. We got so much extra space just here which goes all the way forward and it completely transforms,
saxdor 400 gts,Saxdor,400 GTS,Saxdor 400 GTS,40.0,attribute,weather,opening_sunroof,Opening Sunroof,true,,0.93,1,sThX23SNQaI;g-92X4uxSM0,"another cover that will go over this electric sunroof and if you're in a place like Australia, you should protect it because...",
saxdor 400 gts,Saxdor,400 GTS,Saxdor 400 GTS,40.0,attribute,mission,overnight_capable,Overnight Capable,true,,0.86,1,sThX23SNQaI;g-92X4uxSM0,and tidy cuz you are going to overnight on it. And then this space is only perhaps going to be an occasional...,
saxdor 400 gts,Saxdor,400 GTS,Saxdor 400 GTS,40.0,attribute,character,premium_styling,Premium Styling,true,,0.82,1,sThX23SNQaI;g-92X4uxSM0,it's cool and it's sexy. Things for you to consider if you are ordering one of these. It's the engines. Uh do...,
saxdor 400gto,Saxdor,400GTO,Saxdor 400GTO,40.0,attribute,dimensions,length_feet,Length Feet,40 ft,ft,0.937,0,nzOalL6-Nq4;YTi4UyvCMkU,,
saxdor 400gto,Saxdor,400GTO,Saxdor 400GTO,40.0,attribute,comfort,air_conditioning,Air Conditioning,true,,0.92,3,nzOalL6-Nq4;YTi4UyvCMkU,...to sit down put your shoes on like so good little space to throw things just there we got our air conditioning,
saxdor 400gto,Saxdor,400GTO,Saxdor 400GTO,40.0,attribute,accommodation,berths,Berths,4 count,count,0.93,1,nzOalL6-Nq4;YTi4UyvCMkU,Interior Space here there is so much going on we can sleep four people in two cabins we've got a proper head...,
saxdor 400gto,Saxdor,400GTO,Saxdor 400GTO,40.0,attribute,accommodation,cabins,Cabins,2 count,count,0.93,1,nzOalL6-Nq4;YTi4UyvCMkU,...Space here there is so much going on we can sleep four people in two cabins we've got a proper head and,
saxdor 400gto,Saxdor,400GTO,Saxdor 400GTO,40.0,attribute,performance,cruise_speed_knots,Cruise Speed Knots,31 kn,kn,0.95,2,nzOalL6-Nq4;YTi4UyvCMkU,...it is what it is um but the V10 350s you'll cruise around at 32 knots with these engines you'll get a,
saxdor 400gto,Saxdor,400GTO,Saxdor 400GTO,40.0,attribute,performance,max_observed_speed_knots,Max Observed Speed Knots,36 kn,kn,0.89,2,nzOalL6-Nq4;YTi4UyvCMkU,this hole because the chop is short sharp and Confused I'm at 32 knots,
saxdor 400gto,Saxdor,400GTO,Saxdor 400GTO,40.0,attribute,mission,overnight_capable,Overnight Capable,true,,0.86,1,nzOalL6-Nq4;YTi4UyvCMkU,...on the roof that's probably going to give you another solution if you're not thinking about overnighting people and you probably can,
say 42,SAY,42,SAY 42,42.0,category,category,walkaround-day-boat,Walkaround Day Boat,true,,0.87,2,56YfmPMpPjs;kigHxmSu-WA,here this is a day boat so you'd expect it so walking around having a party jumping in the water socializing with,
say 42,SAY,42,SAY 42,42.0,attribute,dimensions,length_feet,Length Feet,42 ft,ft,0.937,0,56YfmPMpPjs;kigHxmSu-WA,,
say 42,SAY,42,SAY 42,42.0,attribute,comfort,air_conditioning,Air Conditioning,true,,0.92,1,56YfmPMpPjs;kigHxmSu-WA,...here is really well done we've got carbon fiber lockers all the way up and down the sides we've got air conditioning,
say 42,SAY,42,SAY 42,42.0,attribute,accommodation,berths,Berths,4 count,count,0.93,1,56YfmPMpPjs;kigHxmSu-WA,another bed here so you could actually sleep four people on this boat makes sense probably to use this as a storage...,
say 42,SAY,42,SAY 42,42.0,attribute,handling,bow_thruster,Bow Thruster,true,,0.96,1,56YfmPMpPjs;kigHxmSu-WA,...get it on this boat stern drive power we've got a bow thruster as well so parking the thing's going to be...,
say 42,SAY,42,SAY 42,42.0,attribute,performance,cruise_speed_knots,Cruise Speed Knots,30 kn,kn,0.93,1,56YfmPMpPjs;kigHxmSu-WA,...so i'm just going to sit down now so i'm just cruising along this feels like about 27 30 knots like the...,
say 42,SAY,42,SAY 42,42.0,attribute,dimensions,displacement_kg,Displacement Kg,4500 kg,kg,0.93,1,56YfmPMpPjs;kigHxmSu-WA,...the whole thing's carbon the hull is 1.6 ton the total weight's 4.5 ton it's um half the weight or less than,
say 42,SAY,42,SAY 42,42.0,attribute,powertrain,drive_type,Drive Type,sterndrive,,0.94,1,56YfmPMpPjs;kigHxmSu-WA,...race car vibe you're absolutely gonna get it on this boat stern drive power we've got a bow thruster as well so...,
say 42,SAY,42,SAY 42,42.0,attribute,accommodation,heads,Heads,2 count,count,0.93,1,56YfmPMpPjs;kigHxmSu-WA,combine the two heads and this is what you get carbon fiber vacuum infused cord,
say 42,SAY,42,SAY 42,42.0,attribute,performance,max_observed_speed_knots,Max Observed Speed Knots,30 kn,kn,0.89,1,56YfmPMpPjs;kigHxmSu-WA,...like i'm walking on water it feels like we're floating but we are doing 30 plus knots wasn't it like this i...,
say 42 sport,SAY,42 SPORT,SAY 42 SPORT,42.0,category,category,walkaround-day-boat,Walkaround Day Boat,true,,0.87,3,8Xxv2hSD_Ug;hJiZNaUDyEs,yet sexy super car day boat. This Pete,
say 42 sport,SAY,42 SPORT,SAY 42 SPORT,42.0,attribute,dimensions,length_feet,Length Feet,42 ft,ft,0.937,0,8Xxv2hSD_Ug;hJiZNaUDyEs,,
say 42 sport,SAY,42 SPORT,SAY 42 SPORT,42.0,attribute,comfort,air_conditioning,Air Conditioning,true,,0.92,1,8Xxv2hSD_Ug;hJiZNaUDyEs,"air conditioning, but you can upgrade it",
say 42 sport,SAY,42 SPORT,SAY 42 SPORT,42.0,attribute,handling,bow_thruster,Bow Thruster,true,,0.96,2,8Xxv2hSD_Ug;hJiZNaUDyEs,pad just here. This is the bow thruster,
say 42 sport,SAY,42 SPORT,SAY 42 SPORT,42.0,attribute,performance,cruise_speed_knots,Cruise Speed Knots,32.5 kn,kn,0.93,2,8Xxv2hSD_Ug;hJiZNaUDyEs,"...at 45 knots. Um so, yeah, I I think your your cruising speeds as as we discovered uh 30 knots is no...",
say 42 sport,SAY,42 SPORT,SAY 42 SPORT,42.0,attribute,powertrain,drive_type,Drive Type,sterndrive,,0.96,3,8Xxv2hSD_Ug;hJiZNaUDyEs,"that's joystick through stern drives,",
say 42 sport,SAY,42 SPORT,SAY 42 SPORT,42.0,attribute,powertrain,engine_power_hp,Engine Power Hp,430 hp,hp,0.89,1,8Xxv2hSD_Ug;hJiZNaUDyEs,430 horsepower V8 Volvo Pentas. It's,
say 42 sport,SAY,42 SPORT,SAY 42 SPORT,42.0,attribute,systems,gyro_stabiliser,Gyro Stabiliser,true,,0.96,1,8Xxv2hSD_Ug;hJiZNaUDyEs,we can see the Seakeeper in her custom,
say 42 sport,SAY,42 SPORT,SAY 42 SPORT,42.0,attribute,performance,max_observed_speed_knots,Max Observed Speed Knots,30 kn,kn,0.89,1,8Xxv2hSD_Ug;hJiZNaUDyEs,...the thing go really good. So feel that acceleration. We were doing 30 knots in in no time. I just got the...,
say 42 sport,SAY,42 SPORT,SAY 42 SPORT,42.0,attribute,character,premium_styling,Premium Styling,true,,0.82,2,8Xxv2hSD_Ug;hJiZNaUDyEs,yet sexy super car day boat. This Pete,
say 52,SAY,52,SAY 52,52.0,category,category,power-catamaran,Power Catamaran,true,,0.95,1,tTofePQHu6o,12 minutesthe way here it resembles uh a high performance power catamaran you really do feel like you're,
say 52,SAY,52,SAY 52,52.0,category,category,sport-yacht,Sport Yacht,true,,0.97,1,tTofePQHu6o,um if you are someone who has owned a 70 to 90 ft fast sports yacht I'm thinking Sunseeker Predator,
say 52,SAY,52,SAY 52,52.0,category,category,walkaround-day-boat,Walkaround Day Boat,true,,0.87,1,tTofePQHu6o,it's a proper day boat because let's face it you can't be in the sun all day long unless you're,
say 52,SAY,52,SAY 52,52.0,attribute,dimensions,length_feet,Length Feet,52 ft,ft,0.937,0,tTofePQHu6o,,
say 52,SAY,52,SAY 52,52.0,attribute,comfort,air_conditioning,Air Conditioning,true,,0.92,2,tTofePQHu6o,...that opening hatch there if you don't want to run the air conditioning but of course you have air conditioning you got...,
say 52,SAY,52,SAY 52,52.0,attribute,handling,bow_thruster,Bow Thruster,true,,0.96,4,tTofePQHu6o,is possible both of them with the joystick operation and we have a bow thruster as well,
say 52,SAY,52,SAY 52,52.0,attribute,accommodation,cabins,Cabins,3 count,count,0.93,1,tTofePQHu6o,...and now you're considering why do I have this boat with three cabins that I've never slept in jump into the comments...,
say 52,SAY,52,SAY 52,52.0,attribute,powertrain,drive_type,Drive Type,sterndrive,,0.94,4,tTofePQHu6o,and because we have the stern drives as opposed to uh surface drives I know quite a few of you guys,multiple_values_review
say 52,SAY,52,SAY 52,52.0,attribute,powertrain,drive_type,Drive Type,surface-drive,,0.96,4,tTofePQHu6o,and because we have the stern drives as opposed to uh surface drives I know quite a few of you guys,multiple_values_review
say 52,SAY,52,SAY 52,52.0,attribute,accommodation,galley,Galley,true,,0.9,1,tTofePQHu6o,galley in here so that just doubles back you've got the sink nicely done i think this is a wine,
say 52,SAY,52,SAY 52,52.0,attribute,hull,hull_form,Hull Form,power-catamaran,,0.94,1,tTofePQHu6o,12 minutesthe way here it resembles uh a high performance power catamaran you really do feel like you're,
say 52,SAY,52,SAY 52,52.0,attribute,mission,overnight_capable,Overnight Capable,true,,0.86,5,tTofePQHu6o,extra equipment should you need but because it's a full overnight boat we've got even more storage,
say 52,SAY,52,SAY 52,52.0,attribute,character,premium_styling,Premium Styling,true,,0.82,5,tTofePQHu6o,bloody sexy it's so so incredibly good-looking i don't think sexy does this boat justice it's,
say 52,SAY,52,SAY 52,52.0,attribute,storage,tender_garage,Tender Garage,true,,0.96,1,tTofePQHu6o,holes in it to allow water to evacuate itself and that's your water sports toy garage ready to rock,
say 52,SAY,52,SAY 52,52.0,attribute,mission,watersports_suitable,Watersports Suitable,true,,0.87,2,tTofePQHu6o,cool feature in here if you are a water sports fan this is the garage where you would stow your,
schaefer 375,Schaefer,375,Schaefer 375,37.5,category,category,bowrider-runabout,Bowrider Runabout,true,,0.95,2,GsmCb7Gy66o;r_s2WjzSmJ4,families like if you've had a bow rider and then you might have had a center console and you probably started with...,
schaefer 375,Schaefer,375,Schaefer 375,37.5,category,category,sports-cruiser,Sports Cruiser,true,,0.97,4,GsmCb7Gy66o;r_s2WjzSmJ4,uh i'm talking to the australians here very much modern mustang 3500 sports cruiser vibes,
schaefer 375,Schaefer,375,Schaefer 375,37.5,attribute,dimensions,length_feet,Length Feet,37.5 ft,ft,0.937,0,GsmCb7Gy66o;r_s2WjzSmJ4,,
schaefer 375,Schaefer,375,Schaefer 375,37.5,attribute,comfort,air_conditioning,Air Conditioning,true,,0.92,5,GsmCb7Gy66o;r_s2WjzSmJ4,...here pop the sunroof and get natural ventilation we also have air conditioning at the helm so we have options got some...,
schaefer 375,Schaefer,375,Schaefer 375,37.5,attribute,powertrain,drive_type,Drive Type,outboard,,0.94,3,GsmCb7Gy66o;r_s2WjzSmJ4,...own boat life what do I mean by that I mean outboard convenience I mean the ability to take a lot of...,multiple_values_review
schaefer 375,Schaefer,375,Schaefer 375,37.5,attribute,powertrain,drive_type,Drive Type,sterndrive,,0.96,2,GsmCb7Gy66o;r_s2WjzSmJ4,you choose to go that direction so the engines are here stern drives after that through the transom shield obviously moving our...,multiple_values_review
schaefer 375,Schaefer,375,Schaefer 375,37.5,attribute,powertrain,engine_count,Engine Count,3 count,count,0.93,2,GsmCb7Gy66o;r_s2WjzSmJ4,...bottle holder just next to me phone charging air conditioning here triple engine start with the keys trim tab operation um the...,
schaefer 375,Schaefer,375,Schaefer 375,37.5,attribute,powertrain,engine_power_hp,Engine Power Hp,380 hp,hp,0.89,1,GsmCb7Gy66o;r_s2WjzSmJ4,...up to the 300 and you can also go petrol so you go up to 380 horsepower big block 8.2 v8 if,
schaefer 375,Schaefer,375,Schaefer 375,37.5,attribute,mission,family_suitable,Family Suitable,true,,0.85,1,GsmCb7Gy66o;r_s2WjzSmJ4,...of this 375 is maximizing the internal volume this is a family boat you want to enjoy all this and you want...,
schaefer 375,Schaefer,375,Schaefer 375,37.5,attribute,access,folding_balconies,Folding Balconies,true,,0.94,1,GsmCb7Gy66o;r_s2WjzSmJ4,...there now can't I think the main feature really is these drop down Wings makes it feel so huge got our fuel...,
schaefer 375,Schaefer,375,Schaefer 375,37.5,attribute,accommodation,galley,Galley,true,,0.9,1,GsmCb7Gy66o;r_s2WjzSmJ4,...way in just here and then here is our dinette little Galley set up obviously we've got the Barbie um station upstairs...,
schaefer 375,Schaefer,375,Schaefer 375,37.5,attribute,systems,generator,Generator,true,,0.93,1,GsmCb7Gy66o;r_s2WjzSmJ4,come here i can see emergency shutoffs so that's a fuel shutoff valves for the motor and genset i can see more,
schaefer 375,Schaefer,375,Schaefer 375,37.5,attribute,weather,hardtop,Hardtop,true,,0.92,2,GsmCb7Gy66o;r_s2WjzSmJ4,why you might value a hard top in sydney summers so i'm gonna do a bit of a walk through i've been...,
schaefer 375,Schaefer,375,Schaefer 375,37.5,attribute,mission,overnight_capable,Overnight Capable,true,,0.86,1,GsmCb7Gy66o;r_s2WjzSmJ4,...did want a little bit of privacy if you without out over you know overnight with another adult couple you do have,
schaefer 375,Schaefer,375,Schaefer 375,37.5,attribute,character,premium_styling,Premium Styling,true,,0.82,1,GsmCb7Gy66o;r_s2WjzSmJ4,...know you still want to have a bit of a sporty sexy fast boat but you now need the capabilities like a...,
schaefer 375,Schaefer,375,Schaefer 375,37.5,attribute,accommodation,separate_shower,Separate Shower,true,,0.94,1,GsmCb7Gy66o;r_s2WjzSmJ4,toilet separate shower all that sort of stuff that you're not really going to get on a smaller sports cruiser or a...,
schaefer 400,Schaefer,400,Schaefer 400,40.0,category,category,sport-yacht,Sport Yacht,true,,0.97,1,aEp_Q1vIhPU;zjirNIchARg,the boat feels quite fun like I think when you drive a sports yacht or,
schaefer 400,Schaefer,400,Schaefer 400,40.0,category,category,sports-cruiser,Sports Cruiser,true,,0.99,5,aEp_Q1vIhPU;zjirNIchARg,...which was quite a fun boat to test last summer actually and this is cool modern Fun sports Cruiser stuff with an,
schaefer 400,Schaefer,400,Schaefer 400,40.0,attribute,dimensions,length_feet,Length Feet,40 ft,ft,0.937,0,aEp_Q1vIhPU;zjirNIchARg,,
schaefer 400,Schaefer,400,Schaefer 400,40.0,attribute,comfort,air_conditioning,Air Conditioning,true,,0.92,5,aEp_Q1vIhPU;zjirNIchARg,...even now with the sun it's not a problem got your air conditioning Outlet here our glass backed dash on a good...,
schaefer 400,Schaefer,400,Schaefer 400,40.0,attribute,handling,bow_thruster,Bow Thruster,true,,0.96,3,aEp_Q1vIhPU;zjirNIchARg,...to go forward of that should you choose it and the bow thruster is in a logical place as well so I'm...,
schaefer 400,Schaefer,400,Schaefer 400,40.0,attribute,powertrain,drive_type,Drive Type,outboard,,0.94,2,aEp_Q1vIhPU;zjirNIchARg,the Outboards on the back but I want you to come out and get straight out the transom here check out the...,multiple_values_review
schaefer 400,Schaefer,400,Schaefer 400,40.0,attribute,powertrain,drive_type,Drive Type,sterndrive,,0.87,1,aEp_Q1vIhPU;zjirNIchARg,at the Shaffer 400 Outboards Stern drives you choose diesel or petrol it's a nice new option to add to the market,multiple_values_review
schaefer 400,Schaefer,400,Schaefer 400,40.0,attribute,powertrain,engine_power_hp,Engine Power Hp,320 hp,hp,0.89,1,aEp_Q1vIhPU;zjirNIchARg,g'day guys uh Schaefer 400 test drive I've got the Volvo 320 horsepower d4s on,
schaefer 400,Schaefer,400,Schaefer 400,40.0,attribute,capacity,fuel_capacity_l,Fuel Capacity L,400 L,L,0.93,1,aEp_Q1vIhPU;zjirNIchARg,diesel tanks are on each side so there's two diesel tanks one on Port one on starboard 400 liter capacity each,
schaefer 400,Schaefer,400,Schaefer 400,40.0,attribute,accommodation,galley,Galley,true,,0.9,1,aEp_Q1vIhPU;zjirNIchARg,you guys leave a comment because it's um that was pretty impressive for a VIP just a neat little Galley really so,
schaefer 400,Schaefer,400,Schaefer 400,40.0,attribute,weather,hardtop,Hardtop,true,,0.92,1,aEp_Q1vIhPU;zjirNIchARg,...the option you can sit down stay warm stay out of the Wind on the hot days open this hard top roof,
schaefer 400,Schaefer,400,Schaefer 400,40.0,attribute,character,premium_styling,Premium Styling,true,,0.82,4,aEp_Q1vIhPU;zjirNIchARg,...into the power Lounge it's what you'd expect for a 40-foot sexy Sports Cruiser so four people could enjoy themselves up here...,
schaefer 400,Schaefer,400,Schaefer 400,40.0,attribute,accommodation,separate_shower,Separate Shower,true,,0.94,1,aEp_Q1vIhPU;zjirNIchARg,this is a separate shower but it's a combined toilet shower because you have this big perspex lockable door here very,
schaefer 450,Schaefer,450,Schaefer 450,45.0,category,category,sports-cruiser,Sports Cruiser,true,,0.99,3,eQf4SdwEtcE;hM_vzSS96a8,...you had an outboard powered dayboat or perhaps a 30 foot something Sports Cruiser and are you looking for a bit of,
schaefer 450,Schaefer,450,Schaefer 450,45.0,category,category,walkaround-day-boat,Walkaround Day Boat,true,,0.87,1,eQf4SdwEtcE;hM_vzSS96a8,...if you're coming from a sports Cruiser or an outboard powered day boat and you're want real estate this is what makes...,
schaefer 450,Schaefer,450,Schaefer 450,45.0,attribute,dimensions,length_feet,Length Feet,45 ft,ft,0.937,0,eQf4SdwEtcE;hM_vzSS96a8,,
schaefer 450,Schaefer,450,Schaefer 450,45.0,attribute,comfort,air_conditioning,Air Conditioning,true,,0.92,5,eQf4SdwEtcE;hM_vzSS96a8,generator operat on all our switching up behind here your air conditioning just there that's your light switches this is a neat...,
schaefer 450,Schaefer,450,Schaefer 450,45.0,attribute,accommodation,cabins,Cabins,2 count,count,0.93,1,eQf4SdwEtcE;hM_vzSS96a8,...down and then you go down these three stairs into the accommodation so this is a two Cabin boat we'll go straight,
schaefer 450,Schaefer,450,Schaefer 450,45.0,attribute,accommodation,crew_cabin,Crew Cabin,true,,0.96,4,eQf4SdwEtcE;hM_vzSS96a8,...wind blowing today so don't mind that and it's got a crew cabin with its own head and an amazing amount of...,
schaefer 450,Schaefer,450,Schaefer 450,45.0,attribute,performance,cruise_speed_knots,Cruise Speed Knots,21 kn,kn,0.93,1,eQf4SdwEtcE;hM_vzSS96a8,cruising at 21 knots the wind is bearable but it is a proper 25 knot day,
schaefer 450,Schaefer,450,Schaefer 450,45.0,attribute,powertrain,drive_type,Drive Type,ips-pod,,0.98,2,eQf4SdwEtcE;hM_vzSS96a8,so we're running Volvo D6 IPS 650s on this boat so they are a forward- facing counter rotational propellers that can,multiple_values_review
schaefer 450,Schaefer,450,Schaefer 450,45.0,attribute,powertrain,drive_type,Drive Type,outboard,,0.96,5,eQf4SdwEtcE;hM_vzSS96a8,have you had an outboard powered dayboat or perhaps a 30 foot something Sports Cruiser and are you looking for a bit...,multiple_values_review
schaefer 450,Schaefer,450,Schaefer 450,45.0,attribute,powertrain,drive_type,Drive Type,sterndrive,,0.94,1,eQf4SdwEtcE;hM_vzSS96a8,outboard or a stern drive it is a different drive system but it gives you very good maneuverability and it allows,multiple_values_review
schaefer 450,Schaefer,450,Schaefer 450,45.0,attribute,powertrain,engine_power_hp,Engine Power Hp,650 hp,hp,0.89,2,eQf4SdwEtcE;hM_vzSS96a8,actually they've got actually got 480 horsepower but they call it 650 cuz it's the equivalent of 650 horsepower on a,
schaefer 450,Schaefer,450,Schaefer 450,45.0,attribute,accommodation,galley,Galley,true,,0.9,2,eQf4SdwEtcE;hM_vzSS96a8,saloon and we got Galley on this side but we have refrigeration on the starboard side,
schaefer 450,Schaefer,450,Schaefer 450,45.0,attribute,systems,generator,Generator,true,,0.93,3,eQf4SdwEtcE;hM_vzSS96a8,...board up here and all you need to do is switch over from sh power to generator okay and again they'll do,
schaefer 450,Schaefer,450,Schaefer 450,45.0,attribute,accommodation,separate_shower,Separate Shower,true,,0.94,1,eQf4SdwEtcE;hM_vzSS96a8,...we've got a nice amount of space we do have a separate shower because we've got a uh a shower screen just...,
schaefer 600,Schaefer,600,Schaefer 600,60.0,category,category,flybridge-motor-yacht,Flybridge Motor Yacht,true,,0.94,1,h0EMmgpCteg;bnmm0eaovPo,crew required and your life on board I think if you are someone who's coming from a smaller flybridge motor yacht 45,
schaefer 600,Schaefer,600,Schaefer 600,60.0,category,category,sports-cruiser,Sports Cruiser,true,,0.97,1,h0EMmgpCteg;bnmm0eaovPo,"...up and goes, if you turn the gyro off, she will heel into a turn like a sports cruiser. And if you",
schaefer 600,Schaefer,600,Schaefer 600,60.0,attribute,dimensions,length_feet,Length Feet,60 ft,ft,0.937,0,h0EMmgpCteg;bnmm0eaovPo,,
schaefer 600,Schaefer,600,Schaefer 600,60.0,attribute,comfort,air_conditioning,Air Conditioning,true,,0.92,5,h0EMmgpCteg;bnmm0eaovPo,"But obviously, we're in Brazil and they speak Portuguese here. So, this one, decent storage in here. Air conditioning",
schaefer 600,Schaefer,600,Schaefer 600,60.0,attribute,accommodation,berths,Berths,2 count,count,0.93,1,h0EMmgpCteg;bnmm0eaovPo,"So, what do I mean by that? I mean three cabins, three heads, plus a crew quarters that will actually sleep two",
schaefer 600,Schaefer,600,Schaefer 600,60.0,attribute,accommodation,cabins,Cabins,3 count,count,0.95,5,h0EMmgpCteg;bnmm0eaovPo,"So, what do I mean by that? I mean three cabins, three heads, plus a crew quarters that will actually sleep two",
schaefer 600,Schaefer,600,Schaefer 600,60.0,attribute,accommodation,crew_cabin,Crew Cabin,true,,0.96,3,h0EMmgpCteg;bnmm0eaovPo,"So, what do I mean by that? I mean three cabins, three heads, plus a crew quarters that will actually sleep two",
schaefer 600,Schaefer,600,Schaefer 600,60.0,attribute,powertrain,drive_type,Drive Type,ips-pod,,0.96,5,h0EMmgpCteg;bnmm0eaovPo,"because we're running the Volvo IPS on this boat. So, if you get DPS, dynamic positioning system, you can press a",multiple_values_review
schaefer 600,Schaefer,600,Schaefer 600,60.0,attribute,powertrain,drive_type,Drive Type,shaft,,0.95,1,h0EMmgpCteg;bnmm0eaovPo,"there are a whole bunch of options for you from Princess to Azimut and others in Europe which are all shaft drive,",multiple_values_review
schaefer 600,Schaefer,600,Schaefer 600,60.0,attribute,handling,dynamic_positioning,Dynamic Positioning,true,,0.94,5,h0EMmgpCteg;bnmm0eaovPo,"because we're running the Volvo IPS on this boat. So, if you get DPS, dynamic positioning system, you can press a",
schaefer 600,Schaefer,600,Schaefer 600,60.0,attribute,access,folding_balconies,Folding Balconies,true,,0.94,3,h0EMmgpCteg;bnmm0eaovPo,"drop down wings, which is just absolutely uh really appeals to those of you who want to spend a great amount of...",
schaefer 600,Schaefer,600,Schaefer 600,60.0,attribute,accommodation,galley,Galley,true,,0.9,1,h0EMmgpCteg;bnmm0eaovPo,"using that should you need. And then same again on this side. Well stored, but I'll just cover the galley before we",
schaefer 600,Schaefer,600,Schaefer 600,60.0,attribute,accommodation,heads,Heads,3 count,count,0.95,4,h0EMmgpCteg;bnmm0eaovPo,"So, what do I mean by that? I mean three cabins, three heads, plus a crew quarters that will actually sleep two",comparison_context_review
schaefer 600,Schaefer,600,Schaefer 600,60.0,attribute,handling,joystick_control,Joystick Control,true,,0.94,1,h0EMmgpCteg;bnmm0eaovPo,"...perfect demonstration on how much control you do have with a joystick system. And as you can see, they're pretty busy here....",
schaefer 600,Schaefer,600,Schaefer 600,60.0,attribute,performance,max_observed_speed_knots,Max Observed Speed Knots,20 kn,kn,0.89,1,h0EMmgpCteg;bnmm0eaovPo,"nautical mile cruises up and down the coast. You know, 5 hours at sea doing 20 knots, for example, would be perfectly",
schaefer 600,Schaefer,600,Schaefer 600,60.0,attribute,accommodation,separate_shower,Separate Shower,true,,0.94,1,h0EMmgpCteg;bnmm0eaovPo,"Separate shower. So, how good is this?",
schaefer 600,Schaefer,600,Schaefer 600,60.0,attribute,storage,tender_garage,Tender Garage,false,,0.96,1,h0EMmgpCteg;bnmm0eaovPo,"filters, fireboy system. I'm just moving myself off because we don't have a tender garage on this boat. It is",
schaefer v33,Schaefer,V33,Schaefer V33,33.0,category,category,walkaround-day-boat,Walkaround Day Boat,true,,0.87,4,I_1pWaHZyLg,today we're on the shaffer v33 the first of the day boat designs for shaffer yachts i've already tested they're 375 and...,
schaefer v33,Schaefer,V33,Schaefer V33,33.0,attribute,dimensions,length_feet,Length Feet,33 ft,ft,0.937,0,I_1pWaHZyLg,,
schaefer v33,Schaefer,V33,Schaefer V33,33.0,attribute,comfort,air_conditioning,Air Conditioning,true,,0.92,4,I_1pWaHZyLg,...got a generator compartment to run our 240 give us our aircon etc out here on the transom like you're not you...,
schaefer v33,Schaefer,V33,Schaefer V33,33.0,attribute,powertrain,drive_type,Drive Type,outboard,,0.94,2,I_1pWaHZyLg,...this v33 is something special this is a mediterranean inboard or outboard open style center console sexy day boat and we're going...,
schaefer v33,Schaefer,V33,Schaefer V33,33.0,attribute,systems,generator,Generator,true,,0.93,3,I_1pWaHZyLg,...going to store really well down here and we've got a generator compartment to run our 240 give us our aircon etc...,
schaefer v33,Schaefer,V33,Schaefer V33,33.0,attribute,mission,overnight_capable,Overnight Capable,true,,0.86,1,I_1pWaHZyLg,...or you can set the temperature so this is a proper overnight cabin or a day hangout if you wish and in...,
schaefer v33,Schaefer,V33,Schaefer V33,33.0,attribute,character,premium_styling,Premium Styling,true,,0.82,4,I_1pWaHZyLg,...this is a mediterranean inboard or outboard open style center console sexy day boat and we're going to do a walk through...,
schaefer v34,Schaefer,V34,Schaefer V34,34.0,category,category,luxury-med-day-boat,Luxury Med Day Boat,true,,0.96,1,xPh8tboy4og;vISYXot9BKM,"...boat. I don't think it's in the same category. I would be classifying this as a luxury Mediterranean day boat, even though",
schaefer v34,Schaefer,V34,Schaefer V34,34.0,category,category,sports-cruiser,Sports Cruiser,true,,0.97,1,xPh8tboy4og;vISYXot9BKM,are coming from say more complicated designs or sports cruisers and you know how you like to boat uh if you really,
schaefer v34,Schaefer,V34,Schaefer V34,34.0,category,category,walkaround-day-boat,Walkaround Day Boat,true,,0.87,2,xPh8tboy4og;vISYXot9BKM,"split wind screens on these day boats, depending on the design, and I have noticed this on some boats, they will cause...",
schaefer v34,Schaefer,V34,Schaefer V34,34.0,attribute,dimensions,length_feet,Length Feet,34 ft,ft,0.937,0,xPh8tboy4og;vISYXot9BKM,,
schaefer v34,Schaefer,V34,Schaefer V34,34.0,attribute,comfort,air_conditioning,Air Conditioning,true,,0.92,2,xPh8tboy4og;vISYXot9BKM,"...So, that's that's the main difference because with a generator and air conditioning, uh, this can be an allseasons accommodation area. This...",
schaefer v34,Schaefer,V34,Schaefer V34,34.0,attribute,handling,bow_thruster,Bow Thruster,true,,0.96,5,xPh8tboy4og;vISYXot9BKM,the bow thruster and then we'll switch over to the joystick. Um I just like to test transverse whenever I'm on a,
schaefer v34,Schaefer,V34,Schaefer V34,34.0,attribute,powertrain,drive_type,Drive Type,outboard,,0.94,1,xPh8tboy4og;vISYXot9BKM,"What do I [music] mean by that? I mean, drop the outboards down into the water, turn the power on, take the...",
schaefer v34,Schaefer,V34,Schaefer V34,34.0,attribute,handling,dynamic_positioning,Dynamic Positioning,true,,0.94,2,xPh8tboy4og;vISYXot9BKM,...of great benefit to you. But the other thing where it helps out is is holding station. So pressing skyhook like that.,
schaefer v34,Schaefer,V34,Schaefer V34,34.0,attribute,capacity,fuel_capacity_l,Fuel Capacity L,350 L,L,0.93,1,xPh8tboy4og;vISYXot9BKM,"hot water tank on the port side and then we've got these metal fuel tanks, 350 L",
schaefer v34,Schaefer,V34,Schaefer V34,34.0,attribute,accommodation,galley,Galley,true,,0.9,1,xPh8tboy4og;vISYXot9BKM,"We've got mood lights. And we even have this little galley setup here, which wasn't on the last boat that I tested.",
schaefer v34,Schaefer,V34,Schaefer V34,34.0,attribute,systems,generator,Generator,true,,0.93,2,xPh8tboy4og;vISYXot9BKM,generator and gyro and lots of people when that might justify the extra horsepower because currently as it is I,
schaefer v34,Schaefer,V34,Schaefer V34,34.0,attribute,mission,offshore_capable,Offshore Capable,true,,0.88,2,xPh8tboy4og;vISYXot9BKM,"...in this category, you will be able to tackle a little bit of wind and waves and offshore conditions, should you wish,",
schaefer v34,Schaefer,V34,Schaefer V34,34.0,attribute,mission,overnight_capable,Overnight Capable,true,,0.86,1,xPh8tboy4og;vISYXot9BKM,overnighting. And do check with your partner or come and have a look at one of these at the boat show or...,
schaefer v34,Schaefer,V34,Schaefer V34,34.0,attribute,character,premium_styling,Premium Styling,true,,0.82,1,xPh8tboy4og;vISYXot9BKM,...your list if you're in the market for one of those sexy European uh dayboats for Mayor or south of France or,
schaefer v34,Schaefer,V34,Schaefer V34,34.0,attribute,access,walkaround_decks,Walkaround Decks,true,,0.91,1,xPh8tboy4og;vISYXot9BKM,here it's all about proper luxury dayboat on this V34. So we got all single walkaround deck. So any of you,
schaefer v44,Schaefer,V44,Schaefer V44,44.0,category,category,chase-tender,Chase Tender,true,,0.94,1,RbTq_poKulc;bzLyZEerxTI;Xfqh-2kw3bg;gy9FpfqgsP4,"...all of those are very, very high quality super yacht mega yacht tenders. Um, but this could be two at a fraction",
schaefer v44,Schaefer,V44,Schaefer V44,44.0,category,category,luxury-med-day-boat,Luxury Med Day Boat,true,,0.96,2,RbTq_poKulc;bzLyZEerxTI;Xfqh-2kw3bg;gy9FpfqgsP4,...is a continuous windscreen. I'm a big fan of that. You will see a lot of these Mediterranean day boats with split,
schaefer v44,Schaefer,V44,Schaefer V44,44.0,category,category,sport-yacht,Sport Yacht,true,,0.97,1,RbTq_poKulc;bzLyZEerxTI;Xfqh-2kw3bg;gy9FpfqgsP4,"The accommodation is sufficient. So, if you are just coming out of a a sports yacht or a sports cruiser, but you",
schaefer v44,Schaefer,V44,Schaefer V44,44.0,category,category,sports-cruiser,Sports Cruiser,true,,0.97,1,RbTq_poKulc;bzLyZEerxTI;Xfqh-2kw3bg;gy9FpfqgsP4,"The accommodation is sufficient. So, if you are just coming out of a a sports yacht or a sports cruiser, but you",
schaefer v44,Schaefer,V44,Schaefer V44,44.0,category,category,walkaround-day-boat,Walkaround Day Boat,true,,0.93,5,RbTq_poKulc;bzLyZEerxTI;Xfqh-2kw3bg;gy9FpfqgsP4,sexy Med style lunch a lot day boat this is definitely it keep watching that's going to be a separate video I'll...,
schaefer v44,Schaefer,V44,Schaefer V44,44.0,category,category,weekender-commuter,Weekender Commuter,true,,0.91,1,RbTq_poKulc;bzLyZEerxTI;Xfqh-2kw3bg;gy9FpfqgsP4,"...to be perfect for that function. Um, it can also be a really great weekender. As we saw, the accommodation is flexible.",
schaefer v44,Schaefer,V44,Schaefer V44,44.0,attribute,dimensions,length_feet,Length Feet,44 ft,ft,0.9821350000000001,0,RbTq_poKulc;bzLyZEerxTI;Xfqh-2kw3bg;gy9FpfqgsP4,,
schaefer v44,Schaefer,V44,Schaefer V44,44.0,attribute,comfort,air_conditioning,Air Conditioning,true,,0.92,5,RbTq_poKulc;bzLyZEerxTI;Xfqh-2kw3bg;gy9FpfqgsP4,"engine ignition start stops, electronic throttles, buildage pump, exhaust, Lenco trim tabs, air conditioning. We've got",
schaefer v44,Schaefer,V44,Schaefer V44,44.0,attribute,performance,cruise_speed_knots,Cruise Speed Knots,30 kn,kn,0.97,3,RbTq_poKulc;bzLyZEerxTI;Xfqh-2kw3bg;gy9FpfqgsP4,speed um and cruising around at 30 knots fast cruise mid-30s is absolutely no problems so that's the option with the,
schaefer v44,Schaefer,V44,Schaefer V44,44.0,attribute,powertrain,drive_type,Drive Type,ips-pod,,0.99,5,RbTq_poKulc;bzLyZEerxTI;Xfqh-2kw3bg;gy9FpfqgsP4,"...of range [music] and speed. If that's your thing, you guys might be interested in the Schaefer V44 [music] with diesel IPS.",multiple_values_review
schaefer v44,Schaefer,V44,Schaefer V44,44.0,attribute,powertrain,drive_type,Drive Type,outboard,,0.99,5,RbTq_poKulc;bzLyZEerxTI;Xfqh-2kw3bg;gy9FpfqgsP4,"outboards uh in terms of range [music] and speed. If that's your thing, you guys might be interested in the Schaefer V44...",comparison_context_review;multiple_values_review
schaefer v44,Schaefer,V44,Schaefer V44,44.0,attribute,powertrain,drive_type,Drive Type,sterndrive,,0.98,5,RbTq_poKulc;bzLyZEerxTI;Xfqh-2kw3bg;gy9FpfqgsP4,inboard diesel stern drive or IPS so at the end of this demonstration I'm going to make the argument as to why...,multiple_values_review
schaefer v44,Schaefer,V44,Schaefer V44,44.0,attribute,handling,dynamic_positioning,Dynamic Positioning,true,,0.94,1,RbTq_poKulc;bzLyZEerxTI;Xfqh-2kw3bg;gy9FpfqgsP4,"All right, I'm on the uh dynamic positioning system here, guys. As you can see, nice, steady, and secure. This is really,...",
schaefer v44,Schaefer,V44,Schaefer V44,44.0,attribute,mission,fishing_suitable,Fishing Suitable,true,,0.88,1,RbTq_poKulc;bzLyZEerxTI;Xfqh-2kw3bg;gy9FpfqgsP4,"14 minutesstow items, boat hooks, fishing rods, whatever you like in here. That makes the boat a little bit more practical for...",
schaefer v44,Schaefer,V44,Schaefer V44,44.0,attribute,capacity,fuel_capacity_l,Fuel Capacity L,650 L,L,0.93,1,RbTq_poKulc;bzLyZEerxTI;Xfqh-2kw3bg;gy9FpfqgsP4,"9,750 kgs we're carrying 1,650 L of fuel and about",
schaefer v44,Schaefer,V44,Schaefer V44,44.0,attribute,accommodation,galley,Galley,true,,0.9,2,RbTq_poKulc;bzLyZEerxTI;Xfqh-2kw3bg;gy9FpfqgsP4,...1 2 three stairs and they have got some grippiness on them and you're down into little Galley area um head to,
schaefer v44,Schaefer,V44,Schaefer V44,44.0,attribute,systems,generator,Generator,true,,0.93,2,RbTq_poKulc;bzLyZEerxTI;Xfqh-2kw3bg;gy9FpfqgsP4,generator gyro if you have it Hydraulics Etc is all located underneath here you,
schaefer v44,Schaefer,V44,Schaefer V44,44.0,attribute,performance,max_observed_speed_knots,Max Observed Speed Knots,29 kn,kn,0.89,1,RbTq_poKulc;bzLyZEerxTI;Xfqh-2kw3bg;gy9FpfqgsP4,"...a few fast and fun turns through some of those waves. I'm now doing 29 knots, 3,300 RPM. So, she's gracefully coming...",
schaefer v44,Schaefer,V44,Schaefer V44,44.0,attribute,mission,overnight_capable,Overnight Capable,true,,0.86,5,RbTq_poKulc;bzLyZEerxTI;Xfqh-2kw3bg;gy9FpfqgsP4,in Australia you probably be allowed to take even more um if you're just in a raft up situation underway and overnight,
schaefer v44,Schaefer,V44,Schaefer V44,44.0,attribute,character,premium_styling,Premium Styling,true,,0.82,1,RbTq_poKulc;bzLyZEerxTI;Xfqh-2kw3bg;gy9FpfqgsP4,sexy Med style lunch a lot day boat this is definitely it keep watching that's going to be a separate video I'll...,
schaefer v44,Schaefer,V44,Schaefer V44,44.0,attribute,character,quiet_ride,Quiet Ride,true,,0.85,2,RbTq_poKulc;bzLyZEerxTI;Xfqh-2kw3bg;gy9FpfqgsP4,...or the seats are. This is fun. This is enjoyable. The noise levels are low. Conversation is possible. And I just feel...,
schaefer v44,Schaefer,V44,Schaefer V44,44.0,attribute,accommodation,separate_shower,Separate Shower,true,,0.94,1,RbTq_poKulc;bzLyZEerxTI;Xfqh-2kw3bg;gy9FpfqgsP4,"And of course, we have a lovely head and shower, a separate shower, which is handy because I do see a lot...",
schaefer v44,Schaefer,V44,Schaefer V44,44.0,attribute,capacity,water_capacity_l,Water Capacity L,275 L,L,0.93,1,RbTq_poKulc;bzLyZEerxTI;Xfqh-2kw3bg;gy9FpfqgsP4,275 L of water 20° of dead rise and the many engine options but on this this one,
schaefer 770,Schaefer,YACHTS 770,Schaefer YACHTS 770,77.0,category,category,walkaround-day-boat,Walkaround Day Boat,true,,0.87,1,SrnVtgPoBDk;NhImoV-oNFQ,...that up so if you're doing a bit of a a day boat scene you can reduce that maybe get rid of...,
schaefer 770,Schaefer,YACHTS 770,Schaefer YACHTS 770,77.0,attribute,dimensions,length_feet,Length Feet,77 ft,ft,0.937,0,SrnVtgPoBDk;NhImoV-oNFQ,,
schaefer 770,Schaefer,YACHTS 770,Schaefer YACHTS 770,77.0,attribute,comfort,air_conditioning,Air Conditioning,true,,0.92,5,SrnVtgPoBDk;NhImoV-oNFQ,...the boat gives a really really nice Vibe we've obviously got air conditioning as you would expect as well but it's just...,
schaefer 770,Schaefer,YACHTS 770,Schaefer YACHTS 770,77.0,attribute,accommodation,cabins,Cabins,4 count,count,0.93,1,SrnVtgPoBDk;NhImoV-oNFQ,[Music] sleeping for eight guests in four cabins and five toilets in total plus a crew cabin we're going to be touring...,
schaefer 770,Schaefer,YACHTS 770,Schaefer YACHTS 770,77.0,attribute,accommodation,crew_cabin,Crew Cabin,true,,0.96,3,SrnVtgPoBDk;NhImoV-oNFQ,...guests in four cabins and five toilets in total plus a crew cabin we're going to be touring the entire thing today...,
schaefer 770,Schaefer,YACHTS 770,Schaefer YACHTS 770,77.0,attribute,performance,cruise_speed_knots,Cruise Speed Knots,7 kn,kn,0.93,1,SrnVtgPoBDk;NhImoV-oNFQ,three motors currently cruising at 7 knots I'm just going to bring the speed up just a tad and then talk to...,
schaefer 770,Schaefer,YACHTS 770,Schaefer YACHTS 770,77.0,attribute,powertrain,drive_type,Drive Type,ips-pod,,0.98,5,SrnVtgPoBDk;NhImoV-oNFQ,"...under 45,000 L of diesel in two tanks we're running triple Volvo IPS 1050s they're 800 horsepower each so the question is...",
schaefer 770,Schaefer,YACHTS 770,Schaefer YACHTS 770,77.0,attribute,powertrain,engine_count,Engine Count,3 count,count,0.93,3,SrnVtgPoBDk;NhImoV-oNFQ,you always feel so powerful on these big boats triple engines running it's just great we got a hot tub that's going...,
schaefer 770,Schaefer,YACHTS 770,Schaefer YACHTS 770,77.0,attribute,powertrain,engine_power_hp,Engine Power Hp,800 hp,hp,0.89,2,SrnVtgPoBDk;NhImoV-oNFQ,...diesel in two tanks we're running triple Volvo IPS 1050s they're 800 horsepower each so the question is what's she like for...,
schaefer 770,Schaefer,YACHTS 770,Schaefer YACHTS 770,77.0,attribute,accommodation,galley,Galley,true,,0.9,3,SrnVtgPoBDk;NhImoV-oNFQ,...can do a kitchen instead of having it in this place Galley for those of you wanting to use the nautical terms...,
schaefer 770,Schaefer,YACHTS 770,Schaefer YACHTS 770,77.0,attribute,weather,hardtop,Hardtop,true,,0.92,1,SrnVtgPoBDk;NhImoV-oNFQ,...out I think that's really really well done we've got the hard top to this location and after of that it's the...,
schaefer 770,Schaefer,YACHTS 770,Schaefer YACHTS 770,77.0,attribute,hull,hull_form,Hull Form,rib,,0.95,1,SrnVtgPoBDk;NhImoV-oNFQ,...Port it's clearly got enough space and designed for an actual rib so you could put a rib in here jet ski...,
schaefer 770,Schaefer,YACHTS 770,Schaefer YACHTS 770,77.0,attribute,performance,max_observed_speed_knots,Max Observed Speed Knots,27 kn,kn,0.91,3,SrnVtgPoBDk;NhImoV-oNFQ,...speed climb I can see the bowel raising on acceleration there I'm at 15 knots she's she really just feel that I'm...,
schaefer 770,Schaefer,YACHTS 770,Schaefer YACHTS 770,77.0,attribute,weather,opening_sunroof,Opening Sunroof,true,,0.93,2,SrnVtgPoBDk;NhImoV-oNFQ,...in the hot countries don't worry you can get an optionally opening roof is my understanding this one does not have that...,
schaefer 770,Schaefer,YACHTS 770,Schaefer YACHTS 770,77.0,attribute,mission,overnight_capable,Overnight Capable,true,,0.86,1,SrnVtgPoBDk;NhImoV-oNFQ,"...people for the day or eight guests plus three crew for overnight she's uh 48,000 kg so 48 ton light ship we...",
schaefer 770,Schaefer,YACHTS 770,Schaefer YACHTS 770,77.0,attribute,storage,tender_garage,Tender Garage,true,,0.96,1,SrnVtgPoBDk;NhImoV-oNFQ,...not all we have a huge amount of storage in this tender garage I'll just operate that for you now um we...,
scimitar 1010,Scimitar,1010,Scimitar 1010,33.14,category,category,weekender-commuter,Weekender Commuter,true,,0.95,5,83vNwbqkhpw;woledbfSdfs;nSQDOYUbAv4,so you understand the Weekender I told you there's a Platinum version and we actually have one with us here today and,
scimitar 1010,Scimitar,1010,Scimitar 1010,33.14,attribute,dimensions,length_feet,Length Feet,33.14 ft,ft,0.937,0,83vNwbqkhpw;woledbfSdfs;nSQDOYUbAv4,,
scimitar 1010,Scimitar,1010,Scimitar 1010,33.14,attribute,accommodation,berths,Berths,6 count,count,0.93,1,83vNwbqkhpw;woledbfSdfs;nSQDOYUbAv4,...that is really good maneuverability for a 36t boat that will sleep six people and take I mean for the day you...,
scimitar 1010,Scimitar,1010,Scimitar 1010,33.14,attribute,performance,cruise_speed_knots,Cruise Speed Knots,12 kn,kn,0.93,1,83vNwbqkhpw;woledbfSdfs;nSQDOYUbAv4,...slowest speeds um and what I would consider a very healthy Cruise speed 12 knots I'm not going to do 12 straight...,
scimitar 1010,Scimitar,1010,Scimitar 1010,33.14,attribute,dimensions,draft_feet,Draft Feet,3.28 ft,ft,0.93,2,83vNwbqkhpw;woledbfSdfs;nSQDOYUbAv4,why can we do that it's because we got one meter of draft and our shaft drive,
scimitar 1010,Scimitar,1010,Scimitar 1010,33.14,attribute,powertrain,drive_type,Drive Type,outboard,,0.94,1,83vNwbqkhpw;woledbfSdfs;nSQDOYUbAv4,...if anyone's coming from a a mono hole um and especially if you've had an outboard powered boat before where you're so,multiple_values_review
scimitar 1010,Scimitar,1010,Scimitar 1010,33.14,attribute,powertrain,drive_type,Drive Type,shaft,,0.97,5,83vNwbqkhpw;woledbfSdfs;nSQDOYUbAv4,why can we do that it's because we got one meter of draft and our shaft drive,multiple_values_review
scimitar 1010,Scimitar,1010,Scimitar 1010,33.14,attribute,powertrain,drive_type,Drive Type,sterndrive,,0.94,1,83vNwbqkhpw;woledbfSdfs;nSQDOYUbAv4,hanging Keels or Stern drives across the back and we are not and we are 1 m draft,multiple_values_review
scimitar 1010,Scimitar,1010,Scimitar 1010,33.14,attribute,powertrain,engine_power_hp,Engine Power Hp,195 hp,hp,0.91,2,83vNwbqkhpw;woledbfSdfs;nSQDOYUbAv4,...then we see our Yanmar engine panels here we got the 110 horsepower on each one we just activate power uh looks...,
scimitar 1010,Scimitar,1010,Scimitar 1010,33.14,attribute,accommodation,galley,Galley,true,,0.9,2,83vNwbqkhpw;woledbfSdfs;nSQDOYUbAv4,seating and the whole fact that we have an open plan after Galley now is the,
scimitar 1010,Scimitar,1010,Scimitar 1010,33.14,attribute,systems,generator,Generator,configuration-dependent,,0.81,4,83vNwbqkhpw;woledbfSdfs;nSQDOYUbAv4,install a generator yes you can do the old-fashioned um Marine gen set water cooled expensive option but you could,configuration_dependent
scimitar 1010,Scimitar,1010,Scimitar 1010,33.14,attribute,hull,hull_form,Hull Form,rib,,0.95,1,83vNwbqkhpw;woledbfSdfs;nSQDOYUbAv4,"...no complicated technology to break on you just coming through 2,600 rib there give it a little bit more and just want...",
scimitar 1010,Scimitar,1010,Scimitar 1010,33.14,attribute,performance,max_observed_speed_knots,Max Observed Speed Knots,12 kn,kn,0.89,1,83vNwbqkhpw;woledbfSdfs;nSQDOYUbAv4,it's enjoyable but that was incredible like doing 12 knots and then just doing you know sitting on 16 knots you're,
scimitar 1010,Scimitar,1010,Scimitar 1010,33.14,attribute,mission,overnight_capable,Overnight Capable,true,,0.86,1,83vNwbqkhpw;woledbfSdfs;nSQDOYUbAv4,...draining deck yeah so when you leave it in the water overnight alongside the boat you have a rain score to come...,
scimitar 1010,Scimitar,1010,Scimitar 1010,33.14,attribute,systems,solar,Solar,true,,0.94,3,83vNwbqkhpw;woledbfSdfs;nSQDOYUbAv4,for a big solar array and a lithium battery setup so you you really need to,
sea ray 230spx,Sea Ray,230SPX,Sea Ray 230SPX,23.0,category,category,walkaround-day-boat,Walkaround Day Boat,true,,0.87,2,3WV8oH3I7nM,...a Lou so to you know what is a moderately sized day boat you can be on Winter's day and not having...,
sea ray 230spx,Sea Ray,230SPX,Sea Ray 230SPX,23.0,attribute,dimensions,length_feet,Length Feet,23 ft,ft,0.937,0,3WV8oH3I7nM,,
sea ray 230spx,Sea Ray,230SPX,Sea Ray 230SPX,23.0,attribute,performance,cruise_speed_knots,Cruise Speed Knots,30 kn,kn,0.93,1,3WV8oH3I7nM,...me about 27 knots and 35 liters to say a fast cruise of about 3 000 revs giving me 30 knots and...,
sea ray 230spx,Sea Ray,230SPX,Sea Ray 230SPX,23.0,attribute,powertrain,drive_type,Drive Type,outboard,,0.94,2,3WV8oH3I7nM,...take you guys along with us and I just love this outboard generation of boats because you'll see in a second uh...,multiple_values_review
sea ray 230spx,Sea Ray,230SPX,Sea Ray 230SPX,23.0,attribute,powertrain,drive_type,Drive Type,sterndrive,,0.94,1,3WV8oH3I7nM,...second uh the space where we used to have the inboard Stern Drive which used to be all the rage for this...,multiple_values_review
sea ray 230spx,Sea Ray,230SPX,Sea Ray 230SPX,23.0,attribute,powertrain,engine_power_hp,Engine Power Hp,200 hp,hp,0.89,3,3WV8oH3I7nM,...key start or key power on and push button start in this 200 horsepower Mercury that we've got on this one fire,
sea ray 230spx,Sea Ray,230SPX,Sea Ray 230SPX,23.0,attribute,capacity,fuel_capacity_l,Fuel Capacity L,40 L,L,0.93,1,3WV8oH3I7nM,...the pitwater really you are going to be using 30 to 40 liters of fuel maximum for your whole day on a...,numeric_sanity_review
sea ray 230spx,Sea Ray,230SPX,Sea Ray 230SPX,23.0,attribute,mission,overnight_capable,Overnight Capable,true,,0.86,1,3WV8oH3I7nM,...suit you there's disadvantages as well if you want to go overnight boating well you're not going to do that with a...,
sea ray 230spx,Sea Ray,230SPX,Sea Ray 230SPX,23.0,attribute,performance,top_speed_knots,Top Speed Knots,35 kn,kn,0.93,1,3WV8oH3I7nM,...telling me I got a total of 67 liters consumption a top speed of 35 knots that means if I load this...,
sea ray 230spx,Sea Ray,230SPX,Sea Ray 230SPX,23.0,attribute,mission,watersports_suitable,Watersports Suitable,true,,0.87,2,3WV8oH3I7nM,...doesn't flap around it's good at speeds and we've got the powder coated black aluminum Target Arch wakeboard storage would actually be,
sea ray 250,Sea Ray,250 SDX Outboard,Sea Ray 250 SDX Outboard,25.0,category,category,bowrider-runabout,Bowrider Runabout,true,,0.95,1,k-W5i82UZzc;ybn4HsqfA4w,"I'm talking bow rider style day boats like this. Uh when they've had the outboards, they had a tendency to",
sea ray 250,Sea Ray,250 SDX Outboard,Sea Ray 250 SDX Outboard,25.0,category,category,walkaround-day-boat,Walkaround Day Boat,true,,0.89,4,k-W5i82UZzc;ybn4HsqfA4w,"a a typical day boat style hull, okay?",
sea ray 250,Sea Ray,250 SDX Outboard,Sea Ray 250 SDX Outboard,25.0,attribute,dimensions,length_feet,Length Feet,25 ft,ft,0.97372,0,k-W5i82UZzc;ybn4HsqfA4w,,
sea ray 250,Sea Ray,250 SDX Outboard,Sea Ray 250 SDX Outboard,25.0,attribute,handling,bow_thruster,Bow Thruster,true,,0.96,5,k-W5i82UZzc;ybn4HsqfA4w,...So I'm going to go downwind and I'm going to have my engine into the wind. I've activated the bow thruster by,
sea ray 250,Sea Ray,250 SDX Outboard,Sea Ray 250 SDX Outboard,25.0,attribute,powertrain,drive_type,Drive Type,outboard,,0.96,5,k-W5i82UZzc;ybn4HsqfA4w,going to focus on the outboards today,multiple_values_review
sea ray 250,Sea Ray,250 SDX Outboard,Sea Ray 250 SDX Outboard,25.0,attribute,powertrain,drive_type,Drive Type,sterndrive,,0.94,2,k-W5i82UZzc;ybn4HsqfA4w,"forward-facing stern drive, but we're",multiple_values_review
sea ray 250,Sea Ray,250 SDX Outboard,Sea Ray 250 SDX Outboard,25.0,attribute,mission,family_suitable,Family Suitable,true,,0.85,1,k-W5i82UZzc;ybn4HsqfA4w,It's such a good teenager boat and it's such a good family boat because just imagine let's let's hook it to a...,
sea ray 250,Sea Ray,250 SDX Outboard,Sea Ray 250 SDX Outboard,25.0,attribute,mission,fishing_suitable,Fishing Suitable,true,,0.88,1,k-W5i82UZzc;ybn4HsqfA4w,...I want to keep this efficient. Oh those boys got a fishing rod. No we're going to be okay. Um so what...,
sea ray 250,Sea Ray,250 SDX Outboard,Sea Ray 250 SDX Outboard,25.0,attribute,capacity,fuel_capacity_l,Fuel Capacity L,60 L,L,0.93,3,k-W5i82UZzc;ybn4HsqfA4w,"That's great. Yeah, it's simple, fun, affordable. You know, I'm I'm struggling to get over 60 L fuel consumption most",
sea ray 250,Sea Ray,250 SDX Outboard,Sea Ray 250 SDX Outboard,25.0,attribute,performance,max_observed_speed_knots,Max Observed Speed Knots,31 kn,kn,0.89,1,k-W5i82UZzc;ybn4HsqfA4w,"back around that 40 L touching 50 L at times. Um, now that I'm at 31 knots s,",
sea ray 250,Sea Ray,250 SDX Outboard,Sea Ray 250 SDX Outboard,25.0,attribute,mission,watersports_suitable,Watersports Suitable,true,,0.87,1,k-W5i82UZzc;ybn4HsqfA4w,"wanted to do a bit of water sports,",
sea ray 320 sundancer,Sea Ray,320 sundancer,Sea Ray 320 sundancer,32.0,category,category,bowrider-runabout,Bowrider Runabout,true,,0.95,1,82nEg--VX1w;Z2Lwx5hK4Lc,the bow and this is a bow rider so it's a bear rider with two beds,
sea ray 320 sundancer,Sea Ray,320 sundancer,Sea Ray 320 sundancer,32.0,category,category,walkaround-day-boat,Walkaround Day Boat,true,,0.87,1,82nEg--VX1w;Z2Lwx5hK4Lc,...have been top of the pops for decades they've been just they dominated the day boat scene in sydney for a long,
sea ray 320 sundancer,Sea Ray,320 sundancer,Sea Ray 320 sundancer,32.0,attribute,dimensions,length_feet,Length Feet,32 ft,ft,0.937,0,82nEg--VX1w;Z2Lwx5hK4Lc,,
sea ray 320 sundancer,Sea Ray,320 sundancer,Sea Ray 320 sundancer,32.0,attribute,comfort,air_conditioning,Air Conditioning,true,,0.92,1,82nEg--VX1w;Z2Lwx5hK4Lc,ventilation as opposed to installing air conditioning because it's not as necessary down here in new zealand,
sea ray 320 sundancer,Sea Ray,320 sundancer,Sea Ray 320 sundancer,32.0,attribute,handling,bow_thruster,Bow Thruster,true,,0.96,4,82nEg--VX1w;Z2Lwx5hK4Lc,...of 300 mercs in this boat stern drive we've got a bow thruster we'll do some parking i'll show you how to...,
sea ray 320 sundancer,Sea Ray,320 sundancer,Sea Ray 320 sundancer,32.0,attribute,powertrain,drive_type,Drive Type,outboard,,0.94,1,82nEg--VX1w;Z2Lwx5hK4Lc,...the circle out of gear and just give it a little bit more revs of the outboard motor and just see what,multiple_values_review
sea ray 320 sundancer,Sea Ray,320 sundancer,Sea Ray 320 sundancer,32.0,attribute,powertrain,drive_type,Drive Type,sterndrive,,0.96,2,82nEg--VX1w;Z2Lwx5hK4Lc,a couple of 300 mercs in this boat stern drive we've got a bow thruster we'll do some parking i'll show you...,multiple_values_review
sea ray 320 sundancer,Sea Ray,320 sundancer,Sea Ray 320 sundancer,32.0,attribute,powertrain,engine_count,Engine Count,2 count,count,0.93,2,82nEg--VX1w;Z2Lwx5hK4Lc,might hit next thing because the twin engine boat i would then take the inboard engine so the engine on the,
sea ray 320 sundancer,Sea Ray,320 sundancer,Sea Ray 320 sundancer,32.0,attribute,performance,max_observed_speed_knots,Max Observed Speed Knots,30 kn,kn,0.89,1,82nEg--VX1w;Z2Lwx5hK4Lc,...on this boat you know essentials all at about that's well i'm doing 30 knots right now at 4 300 revs but...,
sea ray 320 sundancer,Sea Ray,320 sundancer,Sea Ray 320 sundancer,32.0,attribute,character,premium_styling,Premium Styling,true,,0.82,2,82nEg--VX1w;Z2Lwx5hK4Lc,from starboard to port first things first it's a sexy modern dash they've done a much better job compared to what i...,comparison_context_review
sea ray 320 sundancer,Sea Ray,320 sundancer,Sea Ray 320 sundancer,32.0,attribute,performance,top_speed_knots,Top Speed Knots,28 kn,kn,0.93,1,82nEg--VX1w;Z2Lwx5hK4Lc,...so stay tuned for that but uh let's see what our top speed is okay 28 knots trim tabs in the up...,
sea ray 320 sundancer,Sea Ray,320 sundancer,Sea Ray 320 sundancer,32.0,attribute,mission,watersports_suitable,Watersports Suitable,true,,0.8,1,82nEg--VX1w;Z2Lwx5hK4Lc,...lake day as you would here you could throw the floaty toys in the water and everyone can have a good time...,
sealine c335,Sealine,C335,Sealine C335,33.5,category,category,sports-cruiser,Sports Cruiser,true,,0.97,2,O_79HiUNxH4;1sjqNcdvpV4,...one thing that if you're used or not used to a sports cruiser style boat you do a moderate amount of steering...,
sealine c335,Sealine,C335,Sealine C335,33.5,category,category,walkaround-day-boat,Walkaround Day Boat,true,,0.89,3,O_79HiUNxH4;1sjqNcdvpV4,...i see outside so if you were say just doing a day boat we got our six people there we can also...,
sealine c335,Sealine,C335,Sealine C335,33.5,category,category,weekender-commuter,Weekender Commuter,true,,0.93,3,O_79HiUNxH4;1sjqNcdvpV4,...to give you a walk through but this is what you do on a boat like this is your weekender that's why,
sealine c335,Sealine,C335,Sealine C335,33.5,attribute,dimensions,length_feet,Length Feet,33.5 ft,ft,0.937,0,O_79HiUNxH4;1sjqNcdvpV4,,
sealine c335,Sealine,C335,Sealine C335,33.5,attribute,comfort,air_conditioning,Air Conditioning,true,,0.92,3,O_79HiUNxH4;1sjqNcdvpV4,...enjoy getting hot the stick i think this thing does have air con but i haven't turned it on so yeah not...,
sealine c335,Sealine,C335,Sealine C335,33.5,attribute,accommodation,berths,Berths,2 count,count,0.93,1,O_79HiUNxH4;1sjqNcdvpV4,...you want to have two cabins and with the option to sleep two more kids say not so much adults and you...,
sealine c335,Sealine,C335,Sealine C335,33.5,attribute,handling,bow_thruster,Bow Thruster,true,,0.96,5,O_79HiUNxH4;1sjqNcdvpV4,...it's just in the perfect space for that so that makes sense um joystick and then the bow thruster it's the push,
sealine c335,Sealine,C335,Sealine C335,33.5,attribute,accommodation,cabins,Cabins,2 count,count,0.93,2,O_79HiUNxH4;1sjqNcdvpV4,...this and create one big day bed so technically whilst it's two cabin boat you could sleep you know another set of...,
sealine c335,Sealine,C335,Sealine C335,33.5,attribute,performance,cruise_speed_knots,Cruise Speed Knots,24.5 kn,kn,0.93,5,O_79HiUNxH4;1sjqNcdvpV4,...out at lunch anyway and these speeds you know it's 22 knot cruising speed eight knot off the plane speed and let's,
sealine c335,Sealine,C335,Sealine C335,33.5,attribute,powertrain,drive_type,Drive Type,outboard,,0.94,1,O_79HiUNxH4;1sjqNcdvpV4,...you don't have petrol inboard options but you do have the outboards so as expected it's still a great hull my main...,multiple_values_review
sealine c335,Sealine,C335,Sealine C335,33.5,attribute,powertrain,drive_type,Drive Type,sterndrive,,0.94,1,O_79HiUNxH4;1sjqNcdvpV4,...a full tank of fuel we've got trim tabs and adjustable stern drives so i've got the stern drivers in the down...,multiple_values_review
sealine c335,Sealine,C335,Sealine C335,33.5,attribute,powertrain,engine_count,Engine Count,1 count,count,0.93,1,O_79HiUNxH4;1sjqNcdvpV4,...our for our demographic because you're going to have hopeless resale with a single engine boat or of a style like this,
sealine c335,Sealine,C335,Sealine C335,33.5,attribute,powertrain,engine_power_hp,Engine Power Hp,400 hp,hp,0.89,2,O_79HiUNxH4;1sjqNcdvpV4,...so they are inboards and you can also get a single 400 horsepower so a single duo prop 400 horsepower of which...,
sealine c335,Sealine,C335,Sealine C335,33.5,attribute,mission,family_suitable,Family Suitable,true,,0.78,1,O_79HiUNxH4;1sjqNcdvpV4,in fairness if you're looking for a family boat up to 40 feet and you want to have two cabins and with...,
sealine c335,Sealine,C335,Sealine C335,33.5,attribute,accommodation,galley,Galley,true,,0.9,5,O_79HiUNxH4;1sjqNcdvpV4,...grab handle when you're underway that's that's perfectly logical because the galley is right here and it's a it's a much better...,
sealine c335,Sealine,C335,Sealine C335,33.5,attribute,weather,opening_sunroof,Opening Sunroof,true,,0.93,1,O_79HiUNxH4;1sjqNcdvpV4,...also stand up and put your head out the sunroof it's electric sunroof and even short ass like me still gets some...,
sealine c335,Sealine,C335,Sealine C335,33.5,attribute,mission,overnight_capable,Overnight Capable,true,,0.86,1,O_79HiUNxH4;1sjqNcdvpV4,...take a bit of practice that's that's not something that comes overnight and then combining that skill set with reaching over with...,
sealine c335,Sealine,C335,Sealine C335,33.5,attribute,character,premium_styling,Premium Styling,true,,0.82,1,O_79HiUNxH4;1sjqNcdvpV4,...a nice day it's cool and you feel cool and it's sexy and i enjoy that but if you if you're trying...,
sealine c335,Sealine,C335,Sealine C335,33.5,attribute,accommodation,separate_shower,Separate Shower,true,,0.94,2,O_79HiUNxH4;1sjqNcdvpV4,...just have to maximize your volume and they didn't have a separate shower or any ability in the earlier model but in...,
sealine c335,Sealine,C335,Sealine C335,33.5,attribute,performance,top_speed_knots,Top Speed Knots,26 kn,kn,0.93,1,O_79HiUNxH4;1sjqNcdvpV4,...were as i expected about 23 knots cruising speed 30 knots top speed fast cruise 26 knots low fuel burn on these...,
silvercat 34cc,Silvercat,34CC,Silvercat 34CC,34.0,category,category,chase-tender,Chase Tender,true,,0.94,1,x-vbuZR5s7o;RrvgpsWu2cY,as a chase boat with driver operator and as uh you know a City Harbor day boat as a fishing boat it's...,
silvercat 34cc,Silvercat,34CC,Silvercat 34CC,34.0,category,category,power-catamaran,Power Catamaran,true,,0.97,3,x-vbuZR5s7o;RrvgpsWu2cY,34 foot power cat twin yammy 300s on the back landed in Australia for somewhere in the region of 350 to 400...,
silvercat 34cc,Silvercat,34CC,Silvercat 34CC,34.0,category,category,walkaround-day-boat,Walkaround Day Boat,true,,0.89,2,x-vbuZR5s7o;RrvgpsWu2cY,...with driver operator and as uh you know a City Harbor day boat as a fishing boat it's going to do all...,
silvercat 34cc,Silvercat,34CC,Silvercat 34CC,34.0,attribute,dimensions,length_feet,Length Feet,34 ft,ft,0.937,0,x-vbuZR5s7o;RrvgpsWu2cY,,
silvercat 34cc,Silvercat,34CC,Silvercat 34CC,34.0,attribute,performance,cruise_speed_knots,Cruise Speed Knots,22 kn,kn,0.93,1,x-vbuZR5s7o;RrvgpsWu2cY,...we don't have any waves here so it's uh it's just regular sea chops so we're just cruising along at 22 knots,
silvercat 34cc,Silvercat,34CC,Silvercat 34CC,34.0,attribute,powertrain,engine_count,Engine Count,4 count,count,0.93,1,x-vbuZR5s7o;RrvgpsWu2cY,actually another weapon of a boat 47 feet with quad Motors I've done a walk through on it so follow the link...,
silvercat 34cc,Silvercat,34CC,Silvercat 34CC,34.0,attribute,hull,hull_form,Hull Form,power-catamaran,,0.96,2,x-vbuZR5s7o;RrvgpsWu2cY,34 foot power cat twin yammy 300s on the back landed in Australia for somewhere in the region of 350 to 400...,
silvercat 34cc,Silvercat,34CC,Silvercat 34CC,34.0,attribute,access,side_boarding_door,Side Boarding Door,true,,0.93,1,x-vbuZR5s7o;RrvgpsWu2cY,...access to the transom and you could quite clearly put a dive door or dive the ladder I mean down here so...,
silvercat 46,Silvercat,46 LUX,Silvercat 46 LUX,46.0,category,category,power-catamaran,Power Catamaran,true,,0.95,2,6seC9-1dbaw,power cats I think 2023 is the year of the power cat so we've come across a couple these are from the...,
silvercat 46,Silvercat,46 LUX,Silvercat 46 LUX,46.0,category,category,sport-yacht,Sport Yacht,true,,0.97,2,6seC9-1dbaw,...would love to see the option of a glass sliding window like you see on say the Riviera 4600 sport yacht that,
silvercat 46,Silvercat,46 LUX,Silvercat 46 LUX,46.0,attribute,dimensions,length_feet,Length Feet,46 ft,ft,0.937,0,6seC9-1dbaw,,
silvercat 46,Silvercat,46 LUX,Silvercat 46 LUX,46.0,attribute,comfort,air_conditioning,Air Conditioning,true,,0.92,4,6seC9-1dbaw,...Australia they're happy to close the door and stay in the air conditioning because they get 55 degrees centigrade in summer which...,
silvercat 46,Silvercat,46 LUX,Silvercat 46 LUX,46.0,attribute,powertrain,drive_type,Drive Type,outboard,,0.94,3,6seC9-1dbaw,...this is the 46 Lux there's actually an inboard and an outboard version we're just going to run you through a quick...,multiple_values_review
silvercat 46,Silvercat,46 LUX,Silvercat 46 LUX,46.0,attribute,powertrain,drive_type,Drive Type,sterndrive,,0.94,1,6seC9-1dbaw,...second so this is the inboard version so we've got Volvo Stern drives we've got the joystick operation we'll see that when...,multiple_values_review
silvercat 46,Silvercat,46 LUX,Silvercat 46 LUX,46.0,attribute,accommodation,galley,Galley,true,,0.9,2,6seC9-1dbaw,...so that's great and then into the middle of the boat just here is where we find our Galley so we've got,
silvercat 46,Silvercat,46 LUX,Silvercat 46 LUX,46.0,attribute,hull,hull_form,Hull Form,power-catamaran,,0.94,1,6seC9-1dbaw,power cats I think 2023 is the year of the power cat so we've come across a couple these are from the...,
silvercraft 32wa,Silvercraft,32WA,Silvercraft 32WA,32.0,attribute,dimensions,length_feet,Length Feet,32 ft,ft,0.937,0,y5cCEHNEYZI,,
silvercraft 32wa,Silvercraft,32WA,Silvercraft 32WA,32.0,attribute,comfort,air_conditioning,Air Conditioning,true,,0.92,2,y5cCEHNEYZI,size American boat delivered into Australia we've got gen set air conditioning it's got a bit of a fishing Focus but come...,
silvercraft 32wa,Silvercraft,32WA,Silvercraft 32WA,32.0,attribute,powertrain,drive_type,Drive Type,outboard,,0.94,1,y5cCEHNEYZI,...and you're ready to rock and roll so that's cool obviously outboard power as you can see we've got the twin mercs,
silvercraft 32wa,Silvercraft,32WA,Silvercraft 32WA,32.0,attribute,accommodation,galley,Galley,true,,0.9,1,y5cCEHNEYZI,little bit of storage underneath the forward seat not the sides small Galley just here I'll see if this is okay so,
silvercraft 47,Silvercraft,47,Silvercraft 47,47.0,category,category,sports-cruiser,Sports Cruiser,true,,0.97,1,2BKy06xIFWw,...now bridging or it's Bridging the Gap between Adventure boat and sports Cruiser so if you think Riviera m430 back in the...,
silvercraft 47,Silvercraft,47,Silvercraft 47,47.0,category,category,walkaround-day-boat,Walkaround Day Boat,true,,0.87,1,2BKy06xIFWw,...in Australian dollars you know a 38 foot U.S brand big day boat with a triple rig on the back which I...,
silvercraft 47,Silvercraft,47,Silvercraft 47,47.0,attribute,dimensions,length_feet,Length Feet,47 ft,ft,0.937,0,2BKy06xIFWw,,
silvercraft 47,Silvercraft,47,Silvercraft 47,47.0,attribute,comfort,air_conditioning,Air Conditioning,true,,0.92,2,2BKy06xIFWw,...out the glare she's obviously a Cabin boat so great with air conditioning we all love that these days side access doors...,
silvercraft 47,Silvercraft,47,Silvercraft 47,47.0,attribute,powertrain,drive_type,Drive Type,outboard,,0.94,2,2BKy06xIFWw,...to draw your attention to is quad rig setup love my Outboards quad 400s awesome fuel fuel capacity is a little bit...,
silvercraft 47,Silvercraft,47,Silvercraft 47,47.0,attribute,access,folding_balconies,Folding Balconies,true,,0.94,1,2BKy06xIFWw,...then either have seats on the side or maybe maybe some drop down wings and do a row of seats either side...,
silvercraft 47,Silvercraft,47,Silvercraft 47,47.0,attribute,capacity,fuel_capacity_l,Fuel Capacity L,1500 L,L,0.93,1,2BKy06xIFWw,...is quad rig setup love my Outboards quad 400s awesome fuel fuel capacity is a little bit light on yes you're only...,
silvercraft 47,Silvercraft,47,Silvercraft 47,47.0,attribute,accommodation,galley,Galley,true,,0.9,1,2BKy06xIFWw,...these opening hatches just here and then we have a small Galley on starboard so we've got a a dual burner just...,
silvercraft 47,Silvercraft,47,Silvercraft 47,47.0,attribute,mission,overnight_capable,Overnight Capable,true,,0.86,1,2BKy06xIFWw,...a shower so that's awesome that really makes this a proper overnight boat oh I'll close that hello again um I just...,
sterk 31,Sterk,31 IN mallorca,Sterk 31 IN mallorca,31.0,category,category,walkaround-day-boat,Walkaround Day Boat,true,,0.87,1,Fkp8hxrsxNM;oNKgRZEntvI;Kjzlrv1J9b4,...the whole idea and uh yeah it's more of a open day boat yeah 100% well I reckon we should use it...,
sterk 31,Sterk,31 IN mallorca,Sterk 31 IN mallorca,31.0,attribute,dimensions,length_feet,Length Feet,31 ft,ft,0.937,0,Fkp8hxrsxNM;oNKgRZEntvI;Kjzlrv1J9b4,,
sterk 31,Sterk,31 IN mallorca,Sterk 31 IN mallorca,31.0,attribute,performance,cruise_speed_knots,Cruise Speed Knots,33.16 kn,kn,0.95,4,Fkp8hxrsxNM;oNKgRZEntvI;Kjzlrv1J9b4,"ride all right that's a comfortable cruising speed of 30 knots there 3,600 revs on both engines we've got some waves across...",
sterk 31,Sterk,31 IN mallorca,Sterk 31 IN mallorca,31.0,attribute,powertrain,drive_type,Drive Type,outboard,,0.94,1,Fkp8hxrsxNM;oNKgRZEntvI;Kjzlrv1J9b4,knots now I like that outboard engine Simplicity a 30-foot boat we got a sleeping cabin we've got a toilet I'm,
sterk 31,Sterk,31 IN mallorca,Sterk 31 IN mallorca,31.0,attribute,capacity,fuel_capacity_l,Fuel Capacity L,540 L,L,0.93,1,Fkp8hxrsxNM;oNKgRZEntvI;Kjzlrv1J9b4,this side what was the fuel capacity again 540 L 540 l so that's acceptable for a couple of 300s on the...,
sterk 31,Sterk,31 IN mallorca,Sterk 31 IN mallorca,31.0,attribute,mission,offshore_capable,Offshore Capable,true,,0.88,1,Fkp8hxrsxNM;oNKgRZEntvI;Kjzlrv1J9b4,...on on your face and that's why we do this uh offshore capable ridiculously fast in the flat stuff who wouldn't be...,
sterk 31,Sterk,31 IN mallorca,Sterk 31 IN mallorca,31.0,attribute,mission,overnight_capable,Overnight Capable,true,,0.86,3,Fkp8hxrsxNM;oNKgRZEntvI;Kjzlrv1J9b4,...the back of the boat it's a double cabin you can sleep on this how cool is that so basically you access...,
storm bay 45,Storm Bay,45,Storm Bay 45,45.0,category,category,walkaround-day-boat,Walkaround Day Boat,true,,0.87,1,3ZQXdYf3TRo;CwXbDFcr4T4,"you could, if you're using this as a day boat or a weekender or a 3-day liveaboard and then you go back...",
storm bay 45,Storm Bay,45,Storm Bay 45,45.0,category,category,weekender-commuter,Weekender Commuter,true,,0.93,3,3ZQXdYf3TRo;CwXbDFcr4T4,"weekender, or just absolutely taking off",
storm bay 45,Storm Bay,45,Storm Bay 45,45.0,attribute,dimensions,length_feet,Length Feet,45 ft,ft,0.937,0,3ZQXdYf3TRo;CwXbDFcr4T4,,
storm bay 45,Storm Bay,45,Storm Bay 45,45.0,attribute,comfort,air_conditioning,Air Conditioning,true,,0.92,2,3ZQXdYf3TRo;CwXbDFcr4T4,"like air conditioning, uh, inverter",
storm bay 45,Storm Bay,45,Storm Bay 45,45.0,attribute,handling,bow_thruster,Bow Thruster,true,,0.96,1,3ZQXdYf3TRo;CwXbDFcr4T4,"start, stern thruster, bow thruster",
storm bay 45,Storm Bay,45,Storm Bay 45,45.0,attribute,accommodation,cabins,Cabins,2 count,count,0.93,1,3ZQXdYf3TRo;CwXbDFcr4T4,"two cabins, two heads. So, [snorts] this",
storm bay 45,Storm Bay,45,Storm Bay 45,45.0,attribute,performance,cruise_speed_knots,Cruise Speed Knots,17 kn,kn,0.95,2,3ZQXdYf3TRo;CwXbDFcr4T4,"...7.3 knots, 28 L. And now she's getting into a happy cruising range. 7 knots into the tide at 2,300 RPM, 20...",
storm bay 45,Storm Bay,45,Storm Bay 45,45.0,attribute,powertrain,drive_type,Drive Type,hybrid,,0.93,1,3ZQXdYf3TRo;CwXbDFcr4T4,"...look like this but are trying to um take advantage of hybrid propulsion, for example, they're going to rock around even when...",multiple_values_review
storm bay 45,Storm Bay,45,Storm Bay 45,45.0,attribute,powertrain,drive_type,Drive Type,shaft,,0.97,5,3ZQXdYf3TRo;CwXbDFcr4T4,"...of water. We're running the D6 Volvo 480 horsepower on a straight shaft. And this is just comfortable, but it's got some...",multiple_values_review
storm bay 45,Storm Bay,45,Storm Bay 45,45.0,attribute,powertrain,engine_count,Engine Count,1 count,count,0.95,2,3ZQXdYf3TRo;CwXbDFcr4T4,...going to make a huge difference when you also factor in single engine shaft drive maintenance and then this fuel flow to...,
storm bay 45,Storm Bay,45,Storm Bay 45,45.0,attribute,powertrain,engine_power_hp,Engine Power Hp,480 hp,hp,0.91,2,3ZQXdYf3TRo;CwXbDFcr4T4,"...board today, 700 L of water. We're running the D6 Volvo 480 horsepower on a straight shaft. And this is just comfortable,...",
storm bay 45,Storm Bay,45,Storm Bay 45,45.0,attribute,mission,fishing_suitable,Fishing Suitable,true,,0.88,1,3ZQXdYf3TRo;CwXbDFcr4T4,put some fishing rods or some surfboards,
storm bay 45,Storm Bay,45,Storm Bay 45,45.0,attribute,capacity,fuel_capacity_l,Fuel Capacity L,700 L,L,0.93,2,3ZQXdYf3TRo;CwXbDFcr4T4,"...waves on my beam. 13 ton light ship, 2,000 L of diesel capacity, half tank on board today, 700 L of water....",
storm bay 45,Storm Bay,45,Storm Bay 45,45.0,attribute,accommodation,galley,Galley,true,,0.9,1,3ZQXdYf3TRo;CwXbDFcr4T4,galley is awesome. So it's it's massive.,
storm bay 45,Storm Bay,45,Storm Bay 45,45.0,attribute,systems,generator,Generator,true,,0.93,3,3ZQXdYf3TRo;CwXbDFcr4T4,your desire. We do have a generator on,
storm bay 45,Storm Bay,45,Storm Bay 45,45.0,attribute,accommodation,heads,Heads,2 count,count,0.93,1,3ZQXdYf3TRo;CwXbDFcr4T4,"two cabins, two heads. So, [snorts] this",
storm bay 45,Storm Bay,45,Storm Bay 45,45.0,attribute,performance,range_nm,Range Nm,500 nm,nm,0.93,1,3ZQXdYf3TRo;CwXbDFcr4T4,"...in a big healthy reserve, just rough numbers, that's easily a 1,500 nautical mile range and some. Depending on your speed and...",
storm bay 45,Storm Bay,45,Storm Bay 45,45.0,attribute,accommodation,separate_shower,Separate Shower,true,,0.94,2,3ZQXdYf3TRo;CwXbDFcr4T4,So that's got separate shower. And let,
storm bay 45,Storm Bay,45,Storm Bay 45,45.0,attribute,handling,stern_thruster,Stern Thruster,true,,0.96,4,3ZQXdYf3TRo;CwXbDFcr4T4,"start, stern thruster, bow thruster",
storm bay 45,Storm Bay,45,Storm Bay 45,45.0,attribute,capacity,water_capacity_l,Water Capacity L,700 L,L,0.95,2,3ZQXdYf3TRo;CwXbDFcr4T4,"...ship, 2,000 L of diesel capacity, half tank on board today, 700 L of water. We're running the D6 Volvo 480 horsepower...",
sunseeker 55,Sunseeker,manhattan 55,Sunseeker manhattan 55,55.0,attribute,dimensions,length_feet,Length Feet,55 ft,ft,0.937,0,3SWKlM4-Nxo;lyabZADGTLI;Z663eGE41Ko;eTlPkIjlKg4,,
sunseeker 55,Sunseeker,manhattan 55,Sunseeker manhattan 55,55.0,attribute,comfort,air_conditioning,Air Conditioning,true,,0.92,5,3SWKlM4-Nxo;lyabZADGTLI;Z663eGE41Ko;eTlPkIjlKg4,...I'm strategically filming the top Sid today so we can go and enjoy the air conditioning soon um but just enjoy this,
sunseeker 55,Sunseeker,manhattan 55,Sunseeker manhattan 55,55.0,attribute,handling,bow_thruster,Bow Thruster,true,,0.96,4,3SWKlM4-Nxo;lyabZADGTLI;Z663eGE41Ko;eTlPkIjlKg4,"And here I need to decide what hand I use for the bow thruster. So,",
sunseeker 55,Sunseeker,manhattan 55,Sunseeker manhattan 55,55.0,attribute,accommodation,cabins,Cabins,3 count,count,0.93,1,3SWKlM4-Nxo;lyabZADGTLI;Z663eGE41Ko;eTlPkIjlKg4,three cabins two heads flybridge obviously but sha Drive Twin shafts bow and Stern Thruster ladies and gents this,
sunseeker 55,Sunseeker,manhattan 55,Sunseeker manhattan 55,55.0,attribute,accommodation,crew_cabin,Crew Cabin,true,,0.96,2,3SWKlM4-Nxo;lyabZADGTLI;Z663eGE41Ko;eTlPkIjlKg4,after here the Hydraulics obviously you've got the crew quarters or equipment room bulkhead just there lots of,
sunseeker 55,Sunseeker,manhattan 55,Sunseeker manhattan 55,55.0,attribute,performance,cruise_speed_knots,Cruise Speed Knots,26 kn,kn,0.93,1,3SWKlM4-Nxo;lyabZADGTLI;Z663eGE41Ko;eTlPkIjlKg4,"on the right, red on the left. Cruising through at 26 knots, 2,150 RPM and comfortable. I got Volvo",
sunseeker 55,Sunseeker,manhattan 55,Sunseeker manhattan 55,55.0,attribute,powertrain,drive_type,Drive Type,ips-pod,,0.99,5,3SWKlM4-Nxo;lyabZADGTLI;Z663eGE41Ko;eTlPkIjlKg4,"Okay, we got the twin IPS 950. 50s on these guys. That is equivalent to 950",multiple_values_review
sunseeker 55,Sunseeker,manhattan 55,Sunseeker manhattan 55,55.0,attribute,powertrain,drive_type,Drive Type,outboard,,0.96,3,3SWKlM4-Nxo;lyabZADGTLI;Z663eGE41Ko;eTlPkIjlKg4,...power that you get so guys if you've come from an outboard powered boat if you've only experienced IPS it is going...,multiple_values_review
sunseeker 55,Sunseeker,manhattan 55,Sunseeker manhattan 55,55.0,attribute,powertrain,drive_type,Drive Type,shaft,,0.97,2,3SWKlM4-Nxo;lyabZADGTLI;Z663eGE41Ko;eTlPkIjlKg4,...the first things you're going to notice about a uh twin Straight Shaft drive diesel is just the raw power and The...,multiple_values_review
sunseeker 55,Sunseeker,manhattan 55,Sunseeker manhattan 55,55.0,attribute,powertrain,drive_type,Drive Type,sterndrive,,0.96,2,3SWKlM4-Nxo;lyabZADGTLI;Z663eGE41Ko;eTlPkIjlKg4,...completely different sensation to the IPS and the Outboards and the stern drives they're all unique but so far my take on...,multiple_values_review
sunseeker 55,Sunseeker,manhattan 55,Sunseeker manhattan 55,55.0,attribute,powertrain,drive_type,Drive Type,surface-drive,,0.96,2,3SWKlM4-Nxo;lyabZADGTLI;Z663eGE41Ko;eTlPkIjlKg4,"so that's understandable and surface drives are a whole another complex um,",multiple_values_review
sunseeker 55,Sunseeker,manhattan 55,Sunseeker manhattan 55,55.0,attribute,handling,dynamic_positioning,Dynamic Positioning,true,,0.94,3,3SWKlM4-Nxo;lyabZADGTLI;Z663eGE41Ko;eTlPkIjlKg4,"piece of kit to park. Whereas DPS um, positioning system, IPS joystick, uh,",
sunseeker 55,Sunseeker,manhattan 55,Sunseeker manhattan 55,55.0,attribute,capacity,fuel_capacity_l,Fuel Capacity L,20 L,L,0.93,1,3SWKlM4-Nxo;lyabZADGTLI;Z663eGE41Ko;eTlPkIjlKg4,...just putt around at 6 knots all day and you'll use 20 L of fuel so so that's cool you have the...,numeric_sanity_review
sunseeker 55,Sunseeker,manhattan 55,Sunseeker manhattan 55,55.0,attribute,accommodation,galley,Galley,true,,0.9,5,3SWKlM4-Nxo;lyabZADGTLI;Z663eGE41Ko;eTlPkIjlKg4,because we have a proper setup galley downstairs that we'll have a look at in a second. And just look at the...,comparison_context_review
sunseeker 55,Sunseeker,manhattan 55,Sunseeker manhattan 55,55.0,attribute,systems,generator,Generator,true,,0.93,1,3SWKlM4-Nxo;lyabZADGTLI;Z663eGE41Ko;eTlPkIjlKg4,"got the generator on right now and the gyro, so it's perfectly quiet. And we're in the middle of the boat, so...",
sunseeker 55,Sunseeker,manhattan 55,Sunseeker manhattan 55,55.0,attribute,weather,hardtop,Hardtop,true,,0.85,1,3SWKlM4-Nxo;lyabZADGTLI;Z663eGE41Ko;eTlPkIjlKg4,...top here and we'll make our way around this bimin you can actually option A a hard top up here but you're,
sunseeker 55,Sunseeker,manhattan 55,Sunseeker manhattan 55,55.0,attribute,accommodation,heads,Heads,2 count,count,0.93,1,3SWKlM4-Nxo;lyabZADGTLI;Z663eGE41Ko;eTlPkIjlKg4,three cabins two heads flybridge obviously but sha Drive Twin shafts bow and Stern Thruster ladies and gents this,
sunseeker 55,Sunseeker,manhattan 55,Sunseeker manhattan 55,55.0,attribute,hull,hull_form,Hull Form,rib,,0.97,3,3SWKlM4-Nxo;lyabZADGTLI;Z663eGE41Ko;eTlPkIjlKg4,"...boat here. So, if you are coming from that 40 foot rib and you're expecting to be able to hook it into...",
sunseeker 55,Sunseeker,manhattan 55,Sunseeker manhattan 55,55.0,attribute,performance,max_observed_speed_knots,Max Observed Speed Knots,16 kn,kn,0.89,1,3SWKlM4-Nxo;lyabZADGTLI;Z663eGE41Ko;eTlPkIjlKg4,...the corner he was driving like a speedboat he was easily doing 16 knots maybe more just did a hard turn kicking,
sunseeker 55,Sunseeker,manhattan 55,Sunseeker manhattan 55,55.0,attribute,character,premium_styling,Premium Styling,true,,0.82,5,3SWKlM4-Nxo;lyabZADGTLI;Z663eGE41Ko;eTlPkIjlKg4,1 minutestatement of a thing. It's the most beautiful boat many of you have ever seen before. I love the looks of...,
sunseeker 55,Sunseeker,manhattan 55,Sunseeker manhattan 55,55.0,attribute,accommodation,separate_shower,Separate Shower,true,,0.94,2,3SWKlM4-Nxo;lyabZADGTLI;Z663eGE41Ko;eTlPkIjlKg4,"cuz this one's got a Yeah, she's got a pretty good separate shower. Like that's coran or marble. I don't know. It...",
sunseeker 55,Sunseeker,manhattan 55,Sunseeker manhattan 55,55.0,attribute,handling,stern_thruster,Stern Thruster,true,,0.96,2,3SWKlM4-Nxo;lyabZADGTLI;Z663eGE41Ko;eTlPkIjlKg4,three cabins two heads flybridge obviously but sha Drive Twin shafts bow and Stern Thruster ladies and gents this,
sunseeker 55,Sunseeker,manhattan 55,Sunseeker manhattan 55,55.0,attribute,storage,tender_garage,Tender Garage,true,,0.96,2,3SWKlM4-Nxo;lyabZADGTLI;Z663eGE41Ko;eTlPkIjlKg4,stairway into the water and access into your tender garage. So you've got your tender garage accessible when the,
tasman 80,Tasman,80 IN BASS STRAIT,Tasman 80 IN BASS STRAIT,26.25,category,category,walkaround-day-boat,Walkaround Day Boat,true,,0.87,1,kh36uvksEjc;xtjPhCisqfU,...you're an adventure boater or if you just want to have a really really cool day boat which is long range offshore,
tasman 80,Tasman,80 IN BASS STRAIT,Tasman 80 IN BASS STRAIT,26.25,attribute,dimensions,length_feet,Length Feet,26.25 ft,ft,0.937,0,kh36uvksEjc;xtjPhCisqfU,,
tasman 80,Tasman,80 IN BASS STRAIT,Tasman 80 IN BASS STRAIT,26.25,attribute,handling,bow_thruster,Bow Thruster,true,,0.96,5,kh36uvksEjc;xtjPhCisqfU,"at the bow thruster. So, a lot of you guys are going to be interested in backing up on fish and you...",
tasman 80,Tasman,80 IN BASS STRAIT,Tasman 80 IN BASS STRAIT,26.25,attribute,performance,cruise_speed_knots,Cruise Speed Knots,22.5 kn,kn,0.95,2,kh36uvksEjc;xtjPhCisqfU,in conditions that anyone would be wary of. But we are cruising at 21 knots. I've got more,
tasman 80,Tasman,80 IN BASS STRAIT,Tasman 80 IN BASS STRAIT,26.25,attribute,powertrain,drive_type,Drive Type,outboard,,0.96,4,kh36uvksEjc;xtjPhCisqfU,outboard or much more open boats without facilities and you're going to look at this and you're going to think about,multiple_values_review
tasman 80,Tasman,80 IN BASS STRAIT,Tasman 80 IN BASS STRAIT,26.25,attribute,powertrain,drive_type,Drive Type,shaft,,0.97,4,kh36uvksEjc;xtjPhCisqfU,quarter. Averaging 19 knots diesel shaft drive Australian design finished here in,multiple_values_review
tasman 80,Tasman,80 IN BASS STRAIT,Tasman 80 IN BASS STRAIT,26.25,attribute,powertrain,engine_power_hp,Engine Power Hp,400 hp,hp,0.89,1,kh36uvksEjc;xtjPhCisqfU,"any of my other videos where I'm running 3 to 400 horsepower outboards, you will know the difference in terms of the...",
tasman 80,Tasman,80 IN BASS STRAIT,Tasman 80 IN BASS STRAIT,26.25,attribute,mission,fishing_suitable,Fishing Suitable,true,,0.88,1,kh36uvksEjc;xtjPhCisqfU,"Obviously, this is in fishing setup with rod holders and drink holders, but have you had some customers that have done this...",
tasman 80,Tasman,80 IN BASS STRAIT,Tasman 80 IN BASS STRAIT,26.25,attribute,capacity,fuel_capacity_l,Fuel Capacity L,35 L,L,0.93,1,kh36uvksEjc;xtjPhCisqfU,"going to turn the boat pretty soon. 22 and 1/2 knots, 35 L of fuel flow. This boat just feels super solid....",numeric_sanity_review
tasman 80,Tasman,80 IN BASS STRAIT,Tasman 80 IN BASS STRAIT,26.25,attribute,mission,long_range_suitable,Long Range Suitable,true,,0.91,2,kh36uvksEjc;xtjPhCisqfU,...you're an adventure boater or if you just want to have a really really cool day boat which is long range offshore,
tasman 80,Tasman,80 IN BASS STRAIT,Tasman 80 IN BASS STRAIT,26.25,attribute,character,premium_styling,Premium Styling,true,,0.82,1,kh36uvksEjc;xtjPhCisqfU,"Yeah, because that that'll be sexy. So So this is how you go forward, guys. I got step. I've got a grab...",
tasman 80,Tasman,80 IN BASS STRAIT,Tasman 80 IN BASS STRAIT,26.25,attribute,handling,stern_thruster,Stern Thruster,true,,0.96,1,kh36uvksEjc;xtjPhCisqfU,"boats, guys, particularly if you've got a stern thruster on your boat, you'll notice this. As soon as you get um air",
tasman 80,Tasman,80 IN BASS STRAIT,Tasman 80 IN BASS STRAIT,26.25,attribute,mission,trailerable,Trailerable,true,,0.89,5,kh36uvksEjc;xtjPhCisqfU,on the trailer. We'll drop the anchor and we'll bring you guys along for the ride. But I'm also going to cut...,
technohull 40,Technohull,ALPHA 40,Technohull ALPHA 40,40.0,category,category,walkaround-day-boat,Walkaround Day Boat,true,,0.87,1,zhDno0MZj2M;DzHbuhDXo5o,"awesome day boat and it's a bit of a multi-m missission size because it's it just does to be fair, it does...",
technohull 40,Technohull,ALPHA 40,Technohull ALPHA 40,40.0,attribute,dimensions,length_feet,Length Feet,40 ft,ft,0.937,0,zhDno0MZj2M;DzHbuhDXo5o,,
technohull 40,Technohull,ALPHA 40,Technohull ALPHA 40,40.0,attribute,access,beach_club,Beach Club,true,,0.97,1,zhDno0MZj2M;DzHbuhDXo5o,"...be louning lounging around on the mother ship and at the beach club. So, in that case, that could be suitable for...",
technohull 40,Technohull,ALPHA 40,Technohull ALPHA 40,40.0,attribute,accommodation,berths,Berths,2 count,count,0.93,1,zhDno0MZj2M;DzHbuhDXo5o,...hatch and ventilation into the cabin downstairs. We will we'll actually sleep two plus two if you choose on this boat because...,
technohull 40,Technohull,ALPHA 40,Technohull ALPHA 40,40.0,attribute,handling,bow_thruster,Bow Thruster,true,,0.96,5,zhDno0MZj2M;DzHbuhDXo5o,...We've got the fusion just here. The boat's systems just there. Bow thruster anchor operation. This is the electric switch to operate...,
technohull 40,Technohull,ALPHA 40,Technohull ALPHA 40,40.0,attribute,performance,cruise_speed_knots,Cruise Speed Knots,50 kn,kn,0.93,1,zhDno0MZj2M;DzHbuhDXo5o,...now we're at 52. Look at that fuel flow. Straight away we're at 100 L for now a 50 knot cruise speed.,
technohull 40,Technohull,ALPHA 40,Technohull ALPHA 40,40.0,attribute,powertrain,drive_type,Drive Type,outboard,,0.94,2,zhDno0MZj2M;DzHbuhDXo5o,through stern drives. Obviously that's diesel versus the outboards which are petrol. Um bear in mind if you are using it as...,multiple_values_review
technohull 40,Technohull,ALPHA 40,Technohull ALPHA 40,40.0,attribute,powertrain,drive_type,Drive Type,sterndrive,,0.94,3,zhDno0MZj2M;DzHbuhDXo5o,inboard diesel. So that is a Yanmar through stern drive. It's a V6 350. Um,multiple_values_review
technohull 40,Technohull,ALPHA 40,Technohull ALPHA 40,40.0,attribute,handling,dynamic_positioning,Dynamic Positioning,true,,0.94,1,zhDno0MZj2M;DzHbuhDXo5o,"into a busy area, you can just press skyhook and the boat will stay still whilst you go and tidy up your...",
technohull 40,Technohull,ALPHA 40,Technohull ALPHA 40,40.0,attribute,powertrain,engine_count,Engine Count,2 count,count,0.93,1,zhDno0MZj2M;DzHbuhDXo5o,and then you can also do uh the V8 370 uh Yanmar as well. That's a twin engine,
technohull 40,Technohull,ALPHA 40,Technohull ALPHA 40,40.0,attribute,powertrain,engine_power_hp,Engine Power Hp,400 hp,hp,0.89,1,zhDno0MZj2M;DzHbuhDXo5o,twin 400 horsepower Rs. You can go up to the twin 500 horsepowers if you choose.,
technohull 40,Technohull,ALPHA 40,Technohull ALPHA 40,40.0,attribute,hull,hull_form,Hull Form,rib,,0.95,1,zhDno0MZj2M;DzHbuhDXo5o,"...we got about 3.6 m of beam. And because it's a rib, even the rib sides are still seats. So again, if...",
technohull 40,Technohull,ALPHA 40,Technohull ALPHA 40,40.0,attribute,performance,max_observed_speed_knots,Max Observed Speed Knots,60 kn,kn,0.89,2,zhDno0MZj2M;DzHbuhDXo5o,"right now. We are doing 60 knots through these waves. This thing is capable, fun.",
technohull 40,Technohull,ALPHA 40,Technohull ALPHA 40,40.0,attribute,mission,overnight_capable,Overnight Capable,true,,0.86,2,zhDno0MZj2M;DzHbuhDXo5o,"...little bit of an angle here, so you can totally just sleep on this. You don't need any extra cushions or anything...",
technohull 40,Technohull,ALPHA 40,Technohull ALPHA 40,40.0,attribute,character,premium_styling,Premium Styling,true,,0.82,1,zhDno0MZj2M;DzHbuhDXo5o,"...tender function. These cleats are on all the Techno holes. Super sexy. If you look up close, it's just this very elegant...",
technohull 40,Technohull,ALPHA 40,Technohull ALPHA 40,40.0,attribute,systems,solar,Solar,true,,0.94,1,zhDno0MZj2M;DzHbuhDXo5o,"...And up on the roof, we do actually also have uh solar panel, which is great if you're going to keep it...",
technohull 50,Technohull,ALPHA 50,Technohull ALPHA 50,50.0,attribute,dimensions,length_feet,Length Feet,50 ft,ft,0.937,0,9QOcdiyCM8Y;O18npW0XNC4,,
technohull 50,Technohull,ALPHA 50,Technohull ALPHA 50,50.0,attribute,comfort,air_conditioning,Air Conditioning,true,,0.92,2,9QOcdiyCM8Y;O18npW0XNC4,"...for&nbsp; a couple of jackets. You got your light switches,&nbsp;&nbsp; your air conditioning control, 240 or 110 just in&nbsp; here. a good...",
technohull 50,Technohull,ALPHA 50,Technohull ALPHA 50,50.0,attribute,handling,bow_thruster,Bow Thruster,true,,0.96,2,9QOcdiyCM8Y;O18npW0XNC4,"...some&nbsp; slow speed maneuvering. We got the joystick,&nbsp;&nbsp; we've got the bow thruster and the quad rig. I&nbsp; see this as a...",
technohull 50,Technohull,ALPHA 50,Technohull ALPHA 50,50.0,attribute,accommodation,crew_cabin,Crew Cabin,true,,0.96,2,9QOcdiyCM8Y;O18npW0XNC4,"...here are actually the&nbsp;&nbsp; electric hatch lifts uh for the aft hatch storage.&nbsp; And then the forward crew cabin and storage area,&nbsp;&nbsp;",
technohull 50,Technohull,ALPHA 50,Technohull ALPHA 50,50.0,attribute,performance,cruise_speed_knots,Cruise Speed Knots,45 kn,kn,0.93,2,9QOcdiyCM8Y;O18npW0XNC4,"...super comfortable, fast,&nbsp;&nbsp; dry, and fun cruising speed. So, we can cruise&nbsp; on this thing at 40 knots. We can also cruise...",
technohull 50,Technohull,ALPHA 50,Technohull ALPHA 50,50.0,attribute,dimensions,displacement_kg,Displacement Kg,7000 kg,kg,0.93,1,9QOcdiyCM8Y;O18npW0XNC4,they're super light on the fuel because the watt&nbsp; the weight light ship on this Alpha 50 is 7 tons.&nbsp;&nbsp; So just...,
technohull 50,Technohull,ALPHA 50,Technohull ALPHA 50,50.0,attribute,powertrain,drive_type,Drive Type,outboard,,0.94,1,9QOcdiyCM8Y;O18npW0XNC4,"...have to have a big think about&nbsp;&nbsp; that. Obviously inboard versus outboard, that's&nbsp; you know that's the point I just covered. Um...",
technohull 50,Technohull,ALPHA 50,Technohull ALPHA 50,50.0,attribute,powertrain,engine_power_hp,Engine Power Hp,450 hp,hp,0.89,1,9QOcdiyCM8Y;O18npW0XNC4,"...an autopilot.&nbsp; We can do three. Remember that remembering they&nbsp;&nbsp; are 450 horsepower. And if you go for the inboard&nbsp; diesel, you...",
technohull 50,Technohull,ALPHA 50,Technohull ALPHA 50,50.0,attribute,capacity,fuel_capacity_l,Fuel Capacity L,800 L,L,0.93,1,9QOcdiyCM8Y;O18npW0XNC4,"...the seaeper if you option&nbsp; that one. Um, in terms of fuel tank location,&nbsp;&nbsp; it's a 1,800 L fuel tank petrol. Obviously,&nbsp;...",
technohull 50,Technohull,ALPHA 50,Technohull ALPHA 50,50.0,attribute,systems,generator,Generator,true,,0.93,1,9QOcdiyCM8Y;O18npW0XNC4,...drop- down table and also access into&nbsp;&nbsp; the large storage hatch which opens forward.&nbsp; So underneath here is where the generator is&nbsp;&nbsp;,
technohull 50,Technohull,ALPHA 50,Technohull ALPHA 50,50.0,attribute,hull,hull_form,Hull Form,rib,,0.97,5,9QOcdiyCM8Y;O18npW0XNC4,"...travel. Your visibility is&nbsp;&nbsp; amazing on these boats because they are quite&nbsp; a low gunnel being a rib. Okay, clear on the&nbsp;&nbsp;",
technohull 50,Technohull,ALPHA 50,Technohull ALPHA 50,50.0,attribute,mission,long_range_suitable,Long Range Suitable,true,,0.91,1,9QOcdiyCM8Y;O18npW0XNC4,...arguably quite sensible for a high-speed boat to&nbsp;&nbsp; give you that long range visibility out if you're&nbsp; in low light. But we...,
technohull 50,Technohull,ALPHA 50,Technohull ALPHA 50,50.0,attribute,capacity,water_capacity_l,Water Capacity L,200 L,L,0.93,1,9QOcdiyCM8Y;O18npW0XNC4,"...stainless steel construction. And&nbsp; then forward of that, you've got the 200 L water&nbsp;&nbsp; tank, which it's a hard plastic construction also&nbsp;...",
technohull gtx,Technohull,GTX,Technohull GTX,35.1,attribute,dimensions,length_feet,Length Feet,35.1 ft,ft,0.99,0,R8InZglqxR0;k_0cwh40riU,,
technohull gtx,Technohull,GTX,Technohull GTX,35.1,attribute,handling,bow_thruster,Bow Thruster,true,,0.96,5,R8InZglqxR0;k_0cwh40riU,"...works perfectly fine. So, that's pretty simple. We do have a bow thruster. I've turned it on, and I always like to...",
technohull gtx,Technohull,GTX,Technohull GTX,35.1,attribute,performance,cruise_speed_knots,Cruise Speed Knots,40 kn,kn,0.93,5,R8InZglqxR0;k_0cwh40riU,"...you don't want to accidentally overthrottle the boat. Uh, I'm just cruising at 20 knots and we're just going to start feeling...",
technohull gtx,Technohull,GTX,Technohull GTX,35.1,attribute,hull,hull_form,Hull Form,rib,,0.97,5,R8InZglqxR0;k_0cwh40riU,"...tight. The tubes are displacing a lot of the water when we want them to. Obviously, it's still a rib, so you're",
technohull gtx,Technohull,GTX,Technohull GTX,35.1,attribute,performance,max_observed_speed_knots,Max Observed Speed Knots,50 kn,kn,0.89,1,R8InZglqxR0;k_0cwh40riU,"...if another boat's coming at you at 50 knots and you're doing 50 knots, that's a fast closing speed. But, when you're...",
technohull gtx,Technohull,GTX,Technohull GTX,35.1,attribute,mission,offshore_capable,Offshore Capable,true,,0.88,1,R8InZglqxR0;k_0cwh40riU,...to the left. This is a driver's boat. This is an offshore boat. This is definitely a choppy water boat. Go over...,
technohull gtx,Technohull,GTX,Technohull GTX,35.1,attribute,mission,overnight_capable,Overnight Capable,true,,0.86,1,R8InZglqxR0;k_0cwh40riU,"...lot of luxury. Um, questions for you. Do you want to sleep on board the boat that you bought wanting to buy?...",
technohull gtx,Technohull,GTX,Technohull GTX,35.1,attribute,systems,solar,Solar,true,,0.94,1,R8InZglqxR0;k_0cwh40riU,"the matte black here. On top of this roof, we actually have a solar panel. So, that's just fitted into the roof.",
technohull gtx,Technohull,GTX,Technohull GTX,35.1,attribute,performance,top_speed_knots,Top Speed Knots,50 kn,kn,0.93,1,R8InZglqxR0;k_0cwh40riU,"...you. This next turn we'll cut in and we'll do a full speed turn. But we're cruising at 50 knots, guys. Cruising...",
tesoro t40,Tesoro,T40 YACHT,Tesoro T40 YACHT,40.0,category,category,luxury-med-day-boat,Luxury Med Day Boat,true,,0.98,5,CQAG94_N2ms;bzZYp8_1EwA;4vZ8r00vcwU;yBWTPiT74rk,quite comfortable and I gotta say this thing is super gorgeous one of the better looking Med day boats out there,
tesoro t40,Tesoro,T40 YACHT,Tesoro T40 YACHT,40.0,category,category,luxury-rib,Luxury Rib,true,,0.97,1,CQAG94_N2ms;bzZYp8_1EwA;4vZ8r00vcwU;yBWTPiT74rk,"be potentially comparing a boat like this to a luxury rib. And I think the first thing, if you hadn't already noticed,...",
tesoro t40,Tesoro,T40 YACHT,Tesoro T40 YACHT,40.0,category,category,sports-cruiser,Sports Cruiser,true,,0.97,1,CQAG94_N2ms;bzZYp8_1EwA;4vZ8r00vcwU;yBWTPiT74rk,"So, you've done the sports cruiser, you've done the weekends away, but Now you want a boat that basically fits",
tesoro t40,Tesoro,T40 YACHT,Tesoro T40 YACHT,40.0,category,category,walkaround-day-boat,Walkaround Day Boat,true,,0.89,5,CQAG94_N2ms;bzZYp8_1EwA;4vZ8r00vcwU;yBWTPiT74rk,...style you got to say it's an Italian Vibe of a day boat and this style of boat is getting incredibly popular...,
tesoro t40,Tesoro,T40 YACHT,Tesoro T40 YACHT,40.0,attribute,dimensions,length_feet,Length Feet,40 ft,ft,0.937,0,CQAG94_N2ms;bzZYp8_1EwA;4vZ8r00vcwU;yBWTPiT74rk,,
tesoro t40,Tesoro,T40 YACHT,Tesoro T40 YACHT,40.0,attribute,comfort,air_conditioning,Air Conditioning,true,,0.92,4,CQAG94_N2ms;bzZYp8_1EwA;4vZ8r00vcwU;yBWTPiT74rk,...down these are Outboards because we've got a Jenny we've got air con so it's quite possible to overnight in hot climates...,
tesoro t40,Tesoro,T40 YACHT,Tesoro T40 YACHT,40.0,attribute,handling,bow_thruster,Bow Thruster,true,,0.96,2,CQAG94_N2ms;bzZYp8_1EwA;4vZ8r00vcwU;yBWTPiT74rk,bow thruster. This is great just having good old Lenco trim tabs. I'm going to call this a driver's boat. We touch...,
tesoro t40,Tesoro,T40 YACHT,Tesoro T40 YACHT,40.0,attribute,performance,cruise_speed_knots,Cruise Speed Knots,32 kn,kn,0.93,1,CQAG94_N2ms;bzZYp8_1EwA;4vZ8r00vcwU;yBWTPiT74rk,...amount of time because when you come back to your sensible Cruise speed of say 29 to 32 knots now we're right...,
tesoro t40,Tesoro,T40 YACHT,Tesoro T40 YACHT,40.0,attribute,powertrain,drive_type,Drive Type,outboard,,0.99,5,CQAG94_N2ms;bzZYp8_1EwA;4vZ8r00vcwU;yBWTPiT74rk,the twin 350 horsepower Merc so we're on the outboard version there are inboards you can go from 300 to 440 on...,multiple_values_review
tesoro t40,Tesoro,T40 YACHT,Tesoro T40 YACHT,40.0,attribute,powertrain,drive_type,Drive Type,sterndrive,,0.96,2,CQAG94_N2ms;bzZYp8_1EwA;4vZ8r00vcwU;yBWTPiT74rk,...Outboards just be aware that inboards are going to be a little bit more talky the props on those Stern drives are,multiple_values_review
tesoro t40,Tesoro,T40 YACHT,Tesoro T40 YACHT,40.0,attribute,powertrain,engine_power_hp,Engine Power Hp,350 hp,hp,0.89,1,CQAG94_N2ms;bzZYp8_1EwA;4vZ8r00vcwU;yBWTPiT74rk,the twin 350 horsepower Merc so we're on the outboard version there are inboards you can go from 300 to 440 on...,
tesoro t40,Tesoro,T40 YACHT,Tesoro T40 YACHT,40.0,attribute,capacity,fuel_capacity_l,Fuel Capacity L,950 L,L,0.95,2,CQAG94_N2ms;bzZYp8_1EwA;4vZ8r00vcwU;yBWTPiT74rk,...go into these waves and doing 16 78 knots at about 67 L of fuel flow. And I'm going to just get...,
tesoro t40,Tesoro,T40 YACHT,Tesoro T40 YACHT,40.0,attribute,systems,generator,Generator,true,,0.93,3,CQAG94_N2ms;bzZYp8_1EwA;4vZ8r00vcwU;yBWTPiT74rk,...not all some of your Fender storage is back here your generator is back here and access to all the systems plus...,
tesoro t40,Tesoro,T40 YACHT,Tesoro T40 YACHT,40.0,attribute,weather,hardtop,Hardtop,true,,0.92,1,CQAG94_N2ms;bzZYp8_1EwA;4vZ8r00vcwU;yBWTPiT74rk,"windless horn, underwater lights, courtesy lights, navigation, hard top lights. Super useful. Two drink holders,",
tesoro t40,Tesoro,T40 YACHT,Tesoro T40 YACHT,40.0,attribute,hull,hull_form,Hull Form,rib,,0.95,3,CQAG94_N2ms;bzZYp8_1EwA;4vZ8r00vcwU;yBWTPiT74rk,"be potentially comparing a boat like this to a luxury rib. And I think the first thing, if you hadn't already noticed,...",comparison_context_review
tesoro t40,Tesoro,T40 YACHT,Tesoro T40 YACHT,40.0,attribute,mission,offshore_capable,Offshore Capable,true,,0.88,1,CQAG94_N2ms;bzZYp8_1EwA;4vZ8r00vcwU;yBWTPiT74rk,"...as we go down the straight here. So, if you're in offshore conditions or if you're in exposed water conditions, I'd bring...",
tesoro t40,Tesoro,T40 YACHT,Tesoro T40 YACHT,40.0,attribute,mission,overnight_capable,Overnight Capable,true,,0.86,3,CQAG94_N2ms;bzZYp8_1EwA;4vZ8r00vcwU;yBWTPiT74rk,...a Jenny we've got air con so it's quite possible to overnight in hot climates on this boat that's the Breather for...,
tesoro t40,Tesoro,T40 YACHT,Tesoro T40 YACHT,40.0,attribute,character,premium_styling,Premium Styling,true,,0.82,3,CQAG94_N2ms;bzZYp8_1EwA;4vZ8r00vcwU;yBWTPiT74rk,scale of sexy and practical so if you come from the walkthrough,
tesoro t50,Tesoro,T50,Tesoro T50,50.0,category,category,luxury-med-day-boat,Luxury Med Day Boat,true,,0.96,1,x3H_h01sQpc;3retXTH4xDk,is a super awesome luxury day boat for,
tesoro t50,Tesoro,T50,Tesoro T50,50.0,category,category,walkaround-day-boat,Walkaround Day Boat,true,,0.87,2,x3H_h01sQpc;3retXTH4xDk,is a super awesome luxury day boat for,
tesoro t50,Tesoro,T50,Tesoro T50,50.0,attribute,dimensions,length_feet,Length Feet,50 ft,ft,0.937,0,x3H_h01sQpc;3retXTH4xDk,,
tesoro t50,Tesoro,T50,Tesoro T50,50.0,attribute,access,beach_club,Beach Club,true,,0.97,2,x3H_h01sQpc;3retXTH4xDk,"out here in terms of beach club area,",
tesoro t50,Tesoro,T50,Tesoro T50,50.0,attribute,accommodation,cabins,Cabins,3 count,count,0.93,1,x3H_h01sQpc;3retXTH4xDk,"option this with three cabins, but this",
tesoro t50,Tesoro,T50,Tesoro T50,50.0,attribute,accommodation,crew_cabin,Crew Cabin,true,,0.96,3,x3H_h01sQpc;3retXTH4xDk,actually have a crew cabin down below.,
tesoro t50,Tesoro,T50,Tesoro T50,50.0,attribute,performance,cruise_speed_knots,Cruise Speed Knots,36.5 kn,kn,0.93,2,x3H_h01sQpc;3retXTH4xDk,"...we want to do a bit of a 30 to low 30 knot cruise in the hovering around the 5,000 RPM, we...",
tesoro t50,Tesoro,T50,Tesoro T50,50.0,attribute,powertrain,drive_type,Drive Type,outboard,,0.96,5,x3H_h01sQpc;3retXTH4xDk,"because yes, we got a couple outboard",
tesoro t50,Tesoro,T50,Tesoro T50,50.0,attribute,handling,dynamic_positioning,Dynamic Positioning,true,,0.94,2,x3H_h01sQpc;3retXTH4xDk,"situational awareness. However, with the uh skyhook on the joystick, you can just stop and chill out and buy yourself some",
tesoro t50,Tesoro,T50,Tesoro T50,50.0,attribute,systems,generator,Generator,true,,0.93,1,x3H_h01sQpc;3retXTH4xDk,the generator and activating the gyro.,
tesoro t50,Tesoro,T50,Tesoro T50,50.0,attribute,performance,max_observed_speed_knots,Max Observed Speed Knots,18 kn,kn,0.89,2,x3H_h01sQpc;3retXTH4xDk,doing seven knots. I'm actually just going to bring the boat up to a slowly up onto the plane and we'll keep,
tesoro t50,Tesoro,T50,Tesoro T50,50.0,attribute,mission,overnight_capable,Overnight Capable,true,,0.86,2,x3H_h01sQpc;3retXTH4xDk,you could probably have a sleep on it,
tesoro t50,Tesoro,T50,Tesoro T50,50.0,attribute,storage,tender_garage,Tender Garage,true,,0.96,2,x3H_h01sQpc;3retXTH4xDk,the boat. When this tender garage is,
toy marine 36,Toy Marine,36,Toy Marine 36,36.0,category,category,centre-console,Centre Console,true,,0.96,1,ToGp7PmWpU0;6L_YKjH_Jzk,...for some of you some of you guys who've owned luxury center consoles and is it also a bit of a dream...,
toy marine 36,Toy Marine,36,Toy Marine 36,36.0,category,category,walkaround-day-boat,Walkaround Day Boat,true,,0.87,4,ToGp7PmWpU0;6L_YKjH_Jzk,...bounce around and blow around as much as uh so many of the lighter day boats that I do test on this,
toy marine 36,Toy Marine,36,Toy Marine 36,36.0,category,category,weekender-commuter,Weekender Commuter,true,,0.91,1,ToGp7PmWpU0;6L_YKjH_Jzk,...you guys perhaps adding to your Fleet or your ultimate day/ Weekender keep watching we're going to have a bit of fun...,
toy marine 36,Toy Marine,36,Toy Marine 36,36.0,attribute,dimensions,length_feet,Length Feet,36 ft,ft,0.99,0,ToGp7PmWpU0;6L_YKjH_Jzk,,
toy marine 36,Toy Marine,36,Toy Marine 36,36.0,attribute,comfort,air_conditioning,Air Conditioning,true,,0.92,1,ToGp7PmWpU0;6L_YKjH_Jzk,forward- facing hatch just here we do also have air conditioning venting into the cabin on the port side through that one...,
toy marine 36,Toy Marine,36,Toy Marine 36,36.0,attribute,access,beach_club,Beach Club,true,,0.97,1,ToGp7PmWpU0;6L_YKjH_Jzk,...in Australia and America 100% um you want to have your Beach Club Vibes this has got the super classic gorgeous good...,
toy marine 36,Toy Marine,36,Toy Marine 36,36.0,attribute,performance,cruise_speed_knots,Cruise Speed Knots,25 kn,kn,0.95,4,ToGp7PmWpU0;6L_YKjH_Jzk,all quite possible but I think sort of hovering around that 24 knot cruising speed I got a yacht up ahead I'm...,
toy marine 36,Toy Marine,36,Toy Marine 36,36.0,attribute,powertrain,drive_type,Drive Type,outboard,,0.96,5,ToGp7PmWpU0;6L_YKjH_Jzk,...there's also a 39 looks the same as this but with Outboards obviously a little bit longer at the back so that's...,comparison_context_review;multiple_values_review
toy marine 36,Toy Marine,36,Toy Marine 36,36.0,attribute,powertrain,drive_type,Drive Type,shaft,,0.97,4,ToGp7PmWpU0;6L_YKjH_Jzk,...learning all about the 36 which is this one with the shaft drive diesels but also the 39 which is on the...,comparison_context_review;multiple_values_review
toy marine 36,Toy Marine,36,Toy Marine 36,36.0,attribute,handling,dynamic_positioning,Dynamic Positioning,true,,0.94,3,ToGp7PmWpU0;6L_YKjH_Jzk,...propellers there is a difference so obviously with an outboard you could do things like Skyhook and the technology um does have,
toy marine 36,Toy Marine,36,Toy Marine 36,36.0,attribute,powertrain,engine_power_hp,Engine Power Hp,370 hp,hp,0.91,3,ToGp7PmWpU0;6L_YKjH_Jzk,twin V Drive sha diesels couple of 370 horsepower yanmars on this one bow and a Stern Thruster on what is possibly...,
toy marine 36,Toy Marine,36,Toy Marine 36,36.0,attribute,mission,family_suitable,Family Suitable,true,,0.85,1,ToGp7PmWpU0;6L_YKjH_Jzk,...that so it is at a pinch a bit of a family boat if that's important to you and then you can...,
toy marine 36,Toy Marine,36,Toy Marine 36,36.0,attribute,capacity,fuel_capacity_l,Fuel Capacity L,950 L,L,0.93,1,ToGp7PmWpU0;6L_YKjH_Jzk,...trim here that's diesel in so that goes into the primary diesel tank which is 950 L got some nice high quality...,
toy marine 36,Toy Marine,36,Toy Marine 36,36.0,attribute,accommodation,galley,Galley,true,,0.9,1,ToGp7PmWpU0;6L_YKjH_Jzk,...of the day so focus our attention just here on the galley we just have because we got the Gen set we...,
toy marine 36,Toy Marine,36,Toy Marine 36,36.0,attribute,systems,generator,Generator,true,,0.93,2,ToGp7PmWpU0;6L_YKjH_Jzk,...access to our um Center Line uh center mounted gen set generator battery on the port side uh they got a little...,
toy marine 36,Toy Marine,36,Toy Marine 36,36.0,attribute,weather,opening_sunroof,Opening Sunroof,true,,0.93,2,ToGp7PmWpU0;6L_YKjH_Jzk,...enjoy the air flow through the opening hatch here the electrically opening roof here and then lock it all up when you're...,
toy marine 36,Toy Marine,36,Toy Marine 36,36.0,attribute,mission,overnight_capable,Overnight Capable,true,,0.86,1,ToGp7PmWpU0;6L_YKjH_Jzk,...drawer just there remember it's a picnic boat yes you can overnight on it but it's not meant for long periods little...,
toy marine 36,Toy Marine,36,Toy Marine 36,36.0,attribute,character,premium_styling,Premium Styling,true,,0.82,5,ToGp7PmWpU0;6L_YKjH_Jzk,...the water feeling quite cool just freaking love looking at this thing from the Drone it's so sexy look like a rockstar,
toy marine 36,Toy Marine,36,Toy Marine 36,36.0,attribute,handling,stern_thruster,Stern Thruster,true,,0.96,5,ToGp7PmWpU0;6L_YKjH_Jzk,...is your uh Raymarine autopilot and this actually does bow and Stern Thruster so you can do it like that or that...,
toy marine 36,Toy Marine,36,Toy Marine 36,36.0,attribute,performance,top_speed_knots,Top Speed Knots,33 kn,kn,0.93,1,ToGp7PmWpU0;6L_YKjH_Jzk,...around at speeds somewhere around that 24 knots speed but will top speed we saw up to 33 knots with a load...,
valhalla boatworks 41,Valhalla Boatworks,41,Valhalla Boatworks 41,41.0,attribute,dimensions,length_feet,Length Feet,41 ft,ft,0.937,0,OMIppKSGJL4;IWqh334-xDM,,
valhalla boatworks 41,Valhalla Boatworks,41,Valhalla Boatworks 41,41.0,attribute,handling,bow_thruster,Bow Thruster,true,,0.96,1,OMIppKSGJL4;IWqh334-xDM,...props in the water okay that's cool let's just try the bow thruster because we're 10 ton of boats so let's just...,
valhalla boatworks 41,Valhalla Boatworks,41,Valhalla Boatworks 41,41.0,attribute,powertrain,engine_count,Engine Count,2 count,count,0.93,1,OMIppKSGJL4;IWqh334-xDM,...there that's um you know what if you come from a twin engine uh twin rig that's actually going to feel like...,
valhalla boatworks 41,Valhalla Boatworks,41,Valhalla Boatworks 41,41.0,attribute,powertrain,engine_power_hp,Engine Power Hp,400 hp,hp,0.89,1,OMIppKSGJL4;IWqh334-xDM,...anything like it so we're running the V12 uh sorry V10 400 horsepower Mercury's on this one which is rated for up...,
valhalla boatworks 41,Valhalla Boatworks,41,Valhalla Boatworks 41,41.0,attribute,capacity,fuel_capacity_l,Fuel Capacity L,100 L,L,0.93,1,OMIppKSGJL4;IWqh334-xDM,"...and 1/ half in the specs uh fully loaded so about 2,100 L of fuel and I'll tell you what she goes...",
valhalla boatworks 41,Valhalla Boatworks,41,Valhalla Boatworks 41,41.0,attribute,mission,offshore_capable,Offshore Capable,true,,0.88,1,OMIppKSGJL4;IWqh334-xDM,...just run it down the coast expose you to a few offshore conditions and then when we get into the protected water...,
valhalla boatworks 41,Valhalla Boatworks,41,Valhalla Boatworks 41,41.0,attribute,mission,overnight_capable,Overnight Capable,true,,0.86,3,OMIppKSGJL4;IWqh334-xDM,...the storage I'm not going to call it accommodation cuz who's going to sleep on a boat like this no not too,
valhalla boatworks 41,Valhalla Boatworks,41,Valhalla Boatworks 41,41.0,attribute,access,side_boarding_door,Side Boarding Door,true,,0.93,1,OMIppKSGJL4;IWqh334-xDM,...but that's giving us nice easy access in terms of the dive door setup now I'm just going to focus um you...,
wellcraft 28 t top,Wellcraft,28 T TOP,Wellcraft 28 T TOP,28.0,category,category,bowrider-runabout,Bowrider Runabout,true,,0.95,1,4ySKv5ni544,"out of a bow rider,",
wellcraft 28 t top,Wellcraft,28 T TOP,Wellcraft 28 T TOP,28.0,category,category,walkaround-day-boat,Walkaround Day Boat,true,,0.87,2,4ySKv5ni544,"day boat, it could be an overnight boat,",
wellcraft 28 t top,Wellcraft,28 T TOP,Wellcraft 28 T TOP,28.0,attribute,dimensions,length_feet,Length Feet,28 ft,ft,0.937,0,4ySKv5ni544,,
wellcraft 28 t top,Wellcraft,28 T TOP,Wellcraft 28 T TOP,28.0,attribute,comfort,air_conditioning,Air Conditioning,true,,0.92,1,4ySKv5ni544,"back aft with air conditioning. So,",
wellcraft 28 t top,Wellcraft,28 T TOP,Wellcraft 28 T TOP,28.0,attribute,handling,bow_thruster,Bow Thruster,true,,0.96,2,4ySKv5ni544,actually got our bow thruster on port,
wellcraft 28 t top,Wellcraft,28 T TOP,Wellcraft 28 T TOP,28.0,attribute,powertrain,engine_count,Engine Count,2 count,count,0.93,1,4ySKv5ni544,"walk across. We've got the twin engine,",
wellcraft 28 t top,Wellcraft,28 T TOP,Wellcraft 28 T TOP,28.0,attribute,mission,overnight_capable,Overnight Capable,true,,0.86,1,4ySKv5ni544,"day boat, it could be an overnight boat,",
wellcraft 28 t top,Wellcraft,28 T TOP,Wellcraft 28 T TOP,28.0,attribute,access,side_boarding_door,Side Boarding Door,true,,0.93,1,4ySKv5ni544,"in, but I've actually left the dive door",
wellcraft 28 t top,Wellcraft,28 T TOP,Wellcraft 28 T TOP,28.0,attribute,systems,solar,Solar,true,,0.94,1,4ySKv5ni544,"those solar panels, one of those ones",
wellcraft 355,Wellcraft,355,Wellcraft 355,35.5,category,category,centre-console,Centre Console,true,,0.98,2,KreIDfMbQU0;ojpJKCcupV8;167AMX8YtOU,really solid american basically american fishing style center consoles they have been quite clearly,
wellcraft 355,Wellcraft,355,Wellcraft 355,35.5,attribute,dimensions,length_feet,Length Feet,35.5 ft,ft,0.937,0,KreIDfMbQU0;ojpJKCcupV8;167AMX8YtOU,,
wellcraft 355,Wellcraft,355,Wellcraft 355,35.5,attribute,comfort,air_conditioning,Air Conditioning,true,,0.92,3,KreIDfMbQU0;ojpJKCcupV8;167AMX8YtOU,...season getting yourself out of the cold wind or into the air conditioning you want those thicker holes the heavier displacement you...,
wellcraft 355,Wellcraft,355,Wellcraft 355,35.5,attribute,handling,bow_thruster,Bow Thruster,true,,0.89,1,KreIDfMbQU0;ojpJKCcupV8;167AMX8YtOU,...is optional engine trim down my trim tabs here joystick there bow thruster quite clearly other thing that i noted is the,
wellcraft 355,Wellcraft,355,Wellcraft 355,35.5,attribute,performance,cruise_speed_knots,Cruise Speed Knots,31 kn,kn,0.95,2,KreIDfMbQU0;ojpJKCcupV8;167AMX8YtOU,...we'll do the right thing um but what an awesome machine cruising speeds of between 27 knots to 37 knots burning from...,
wellcraft 355,Wellcraft,355,Wellcraft 355,35.5,attribute,powertrain,drive_type,Drive Type,outboard,,0.94,1,KreIDfMbQU0;ojpJKCcupV8;167AMX8YtOU,...must be happening off inverter I guess because we are an outboard boat we have opening side doors super handy so on...,
wellcraft 355,Wellcraft,355,Wellcraft 355,35.5,attribute,mission,fishing_suitable,Fishing Suitable,true,,0.88,1,KreIDfMbQU0;ojpJKCcupV8;167AMX8YtOU,...this whole thing all together and do a bit of a fishing setup so yes many of you who are used to...,
wellcraft 355,Wellcraft,355,Wellcraft 355,35.5,attribute,mission,overnight_capable,Overnight Capable,true,,0.86,3,KreIDfMbQU0;ojpJKCcupV8;167AMX8YtOU,...conditioning go and have a day trip go and have an overnight and out of the islands or maybe you're in Florida...,
wellcraft 355,Wellcraft,355,Wellcraft 355,35.5,attribute,character,premium_styling,Premium Styling,true,,0.82,1,KreIDfMbQU0;ojpJKCcupV8;167AMX8YtOU,...design um look I think it's necessary because it's such a sexy boat um you do want that lower roof design but...,
wellcraft 355,Wellcraft,355,Wellcraft 355,35.5,attribute,capacity,water_capacity_l,Water Capacity L,160 L,L,0.93,1,KreIDfMbQU0;ojpJKCcupV8;167AMX8YtOU,...water in and then the waste out I think there's about 160 liters of water on this one from memory thousand liters...,
wellcraft 435,Wellcraft,435,Wellcraft 435,43.5,attribute,dimensions,length_feet,Length Feet,43.5 ft,ft,0.937,0,uQkIosrI6Z0,,
wellcraft 435,Wellcraft,435,Wellcraft 435,43.5,attribute,comfort,air_conditioning,Air Conditioning,true,,0.92,2,uQkIosrI6Z0,states or comfortable and cool in the air conditioning down here in the southern states I suspect that's where,
wellcraft 435,Wellcraft,435,Wellcraft 435,43.5,attribute,performance,cruise_speed_knots,Cruise Speed Knots,31 kn,kn,0.93,2,uQkIosrI6Z0,"...you know when the season suits you so observations right now I'm cruising at 29 knots 4,900 revs and I have a",
wellcraft 435,Wellcraft,435,Wellcraft 435,43.5,attribute,powertrain,engine_count,Engine Count,3 count,count,0.93,1,uQkIosrI6Z0,I can see and we'll just get the Boat Moving yeah predictable triple engines kind,
wellcraft 435,Wellcraft,435,Wellcraft 435,43.5,attribute,powertrain,engine_power_hp,Engine Power Hp,350 hp,hp,0.89,1,uQkIosrI6Z0,350 horsepower mercuries which look really really nice I have to say so let's start increasing that,
wellcraft 435,Wellcraft,435,Wellcraft 435,43.5,attribute,handling,joystick_control,Joystick Control,true,,0.94,1,uQkIosrI6Z0,buying a boat of this caliber still definitely get the joystick system whenever you're selling the boat people are going to want...,
wellcraft 435,Wellcraft,435,Wellcraft 435,43.5,attribute,performance,max_observed_speed_knots,Max Observed Speed Knots,33 kn,kn,0.89,1,uQkIosrI6Z0,...of kicks out of is I've just increased that speed and the heel angle I'm now doing 33 knots in the ocean,
wellcraft 435,Wellcraft,435,Wellcraft 435,43.5,attribute,mission,overnight_capable,Overnight Capable,true,,0.86,1,uQkIosrI6Z0,being in air conditioning and having overnight accommodation is also Al of Great Value so I'm starting to join a few of...,
wellcraft 435,Wellcraft,435,Wellcraft 435,43.5,attribute,character,premium_styling,Premium Styling,true,,0.82,1,uQkIosrI6Z0,...for you that's the price you pay for having a very sexy boat um I still find the standing position quite comfortable...,
wellcraft 435,Wellcraft,435,Wellcraft 435,43.5,attribute,character,quiet_ride,Quiet Ride,true,,0.85,1,uQkIosrI6Z0,comfortable out of the weather be it cold or hot enjoy a quiet ride and then when you get to your destination...,
whitehaven 6000 flybridge,Whitehaven,6000 flybridge,Whitehaven 6000 flybridge,60.0,attribute,dimensions,length_feet,Length Feet,60 ft,ft,0.937,0,JO0VRyw-aq4;5sZyTmAZE0U,,
whitehaven 6000 flybridge,Whitehaven,6000 flybridge,Whitehaven 6000 flybridge,60.0,attribute,comfort,air_conditioning,Air Conditioning,true,,0.92,5,JO0VRyw-aq4;5sZyTmAZE0U,"...big chart drawers in here, deeper drawer just here, drink holders, air conditioning, Volvo Penta diagnostics. That's the gyro just there. Boat...",
whitehaven 6000 flybridge,Whitehaven,6000 flybridge,Whitehaven 6000 flybridge,60.0,attribute,accommodation,cabins,Cabins,3 count,count,0.93,1,JO0VRyw-aq4;5sZyTmAZE0U,"...is the Whitehaven 6000 by Whitehaven Motor Yachts. She's available with three cabins, two or three heads, and I think it's fair...",
whitehaven 6000 flybridge,Whitehaven,6000 flybridge,Whitehaven 6000 flybridge,60.0,attribute,powertrain,drive_type,Drive Type,ips-pod,,0.96,1,JO0VRyw-aq4;5sZyTmAZE0U,"...are going in that direction, whether it's Riviera, remember up their IPS up to a certain size once you get to the...",multiple_values_review
whitehaven 6000 flybridge,Whitehaven,6000 flybridge,Whitehaven 6000 flybridge,60.0,attribute,powertrain,drive_type,Drive Type,outboard,,0.94,2,JO0VRyw-aq4;5sZyTmAZE0U,"...can get about a 3 and 1/2 m tender with an outboard. So, this actually drops down, and then the tender garage...",multiple_values_review
whitehaven 6000 flybridge,Whitehaven,6000 flybridge,Whitehaven 6000 flybridge,60.0,attribute,powertrain,drive_type,Drive Type,shaft,,0.97,5,JO0VRyw-aq4;5sZyTmAZE0U,"Open plan living, shaft drive diesels, clean lines thanks to a tender garage, and all year round boating [music] because we've got...",multiple_values_review
whitehaven 6000 flybridge,Whitehaven,6000 flybridge,Whitehaven 6000 flybridge,60.0,attribute,handling,dynamic_positioning,Dynamic Positioning,true,,0.94,2,JO0VRyw-aq4;5sZyTmAZE0U,"...I can't tell you how many times that's happened to me. &gt;&gt; Skyhook now. &gt;&gt; Okay. So, um, we have Skyhook accessible",
whitehaven 6000 flybridge,Whitehaven,6000 flybridge,Whitehaven 6000 flybridge,60.0,attribute,powertrain,engine_power_hp,Engine Power Hp,1300 hp,hp,0.89,2,JO0VRyw-aq4;5sZyTmAZE0U,...we whilst you can go up to I think it's like 1300 horsepower. I saw twin 13s on the specs. This one...,
whitehaven 6000 flybridge,Whitehaven,6000 flybridge,Whitehaven 6000 flybridge,60.0,attribute,capacity,fuel_capacity_l,Fuel Capacity L,500 L,L,0.93,1,JO0VRyw-aq4;5sZyTmAZE0U,"...and under the floor on the center line is the third fuel tank. I think it's about 1,500 L cuz we're about...",
whitehaven 6000 flybridge,Whitehaven,6000 flybridge,Whitehaven 6000 flybridge,60.0,attribute,systems,generator,Generator,true,,0.93,4,JO0VRyw-aq4;5sZyTmAZE0U,"...here. Um your electrical panel, your 24-V, 12-V system, and 240 generator operation is in there. But your main battery switches are...",
whitehaven 6000 flybridge,Whitehaven,6000 flybridge,Whitehaven 6000 flybridge,60.0,attribute,accommodation,heads,Heads,3 count,count,0.93,1,JO0VRyw-aq4;5sZyTmAZE0U,"...by Whitehaven Motor Yachts. She's available with three cabins, two or three heads, and I think it's fair to refer to this...",
whitehaven 6000 flybridge,Whitehaven,6000 flybridge,Whitehaven 6000 flybridge,60.0,attribute,character,premium_styling,Premium Styling,true,,0.82,1,JO0VRyw-aq4;5sZyTmAZE0U,...you so much to the owners for letting us use your beautiful boat. I owe you a bottle of soda water. I...,
whitehaven 6000 flybridge,Whitehaven,6000 flybridge,Whitehaven 6000 flybridge,60.0,attribute,accommodation,separate_shower,Separate Shower,true,,0.94,1,JO0VRyw-aq4;5sZyTmAZE0U,...head shared with this cabin. And I'll just jump into this separate shower so you can get a feel for the space...,
whitehaven 6000 flybridge,Whitehaven,6000 flybridge,Whitehaven 6000 flybridge,60.0,attribute,handling,stern_thruster,Stern Thruster,true,,0.96,1,JO0VRyw-aq4;5sZyTmAZE0U,"...That's the gyro just there. Boat systems including lighting, bow and stern thruster operation just here. There's engine throttles there, more air...",
whitehaven 6000 flybridge,Whitehaven,6000 flybridge,Whitehaven 6000 flybridge,60.0,attribute,storage,tender_garage,Tender Garage,true,,0.96,5,JO0VRyw-aq4;5sZyTmAZE0U,"Open plan living, shaft drive diesels, clean lines thanks to a tender garage, and all year round boating [music] because we've got...",
whitehaven 6000 flybridge,Whitehaven,6000 flybridge,Whitehaven 6000 flybridge,60.0,attribute,systems,watermaker,Watermaker,true,,0.96,1,JO0VRyw-aq4;5sZyTmAZE0U,"...access. Look at this, this is another workbench if you need. Watermaker, filters, storage and obviously tender garage is tucked in here....",
whitehaven 40,Whitehaven,harbour classic 40,Whitehaven harbour classic 40,40.0,attribute,dimensions,length_feet,Length Feet,40 ft,ft,0.937,0,jSmDVaoMub8;KaBG2Ew0rIE,,
whitehaven 40,Whitehaven,harbour classic 40,Whitehaven harbour classic 40,40.0,attribute,comfort,air_conditioning,Air Conditioning,true,,0.92,5,jSmDVaoMub8;KaBG2Ew0rIE,...sydney now it's quite nice but i can see i've also got air conditioning outlets here at the helm so you're not,
whitehaven 40,Whitehaven,harbour classic 40,Whitehaven harbour classic 40,40.0,attribute,powertrain,drive_type,Drive Type,outboard,,0.94,1,jSmDVaoMub8;KaBG2Ew0rIE,like that anyway so you really got to go to outboards to get that sort of super low noise levels this is...,multiple_values_review
whitehaven 40,Whitehaven,harbour classic 40,Whitehaven harbour classic 40,40.0,attribute,powertrain,drive_type,Drive Type,shaft,,0.97,4,jSmDVaoMub8;KaBG2Ew0rIE,...dealer for these beauties and this is a downey style single shaft drive gentleman's cruiser that honestly you'd be really really proud...,multiple_values_review
whitehaven 40,Whitehaven,harbour classic 40,Whitehaven harbour classic 40,40.0,attribute,handling,dynamic_positioning,Dynamic Positioning,true,,0.94,1,jSmDVaoMub8;KaBG2Ew0rIE,...nav lights the horn um that looks like something's the dynamic dynamic positioning um in front of the mast and our grab...,
whitehaven 40,Whitehaven,harbour classic 40,Whitehaven harbour classic 40,40.0,attribute,powertrain,engine_count,Engine Count,1 count,count,0.95,2,jSmDVaoMub8;KaBG2Ew0rIE,...of tech some people are going to have concerns about a single engine boat and my response to that is don't be,
whitehaven 40,Whitehaven,harbour classic 40,Whitehaven harbour classic 40,40.0,attribute,powertrain,engine_power_hp,Engine Power Hp,550 hp,hp,0.91,2,jSmDVaoMub8;KaBG2Ew0rIE,...just done the droning and driven it myself hydraulic thrusters big 550 horsepower cummins shaft diesel a little bit of a keel...,
whitehaven 40,Whitehaven,harbour classic 40,Whitehaven harbour classic 40,40.0,attribute,accommodation,galley,Galley,true,,0.9,4,jSmDVaoMub8;KaBG2Ew0rIE,...of these boats you can actually opt for a uh the galley up as opposed to the galley down and have a...,
whitehaven 40,Whitehaven,harbour classic 40,Whitehaven harbour classic 40,40.0,attribute,systems,generator,Generator,true,,0.93,4,jSmDVaoMub8;KaBG2Ew0rIE,...hatch that comes up like this and then this can come up so you can access the engine the genset it has,
whitehaven 40,Whitehaven,harbour classic 40,Whitehaven harbour classic 40,40.0,attribute,performance,max_observed_speed_knots,Max Observed Speed Knots,19 kn,kn,0.89,2,jSmDVaoMub8;KaBG2Ew0rIE,actually just going to accelerate and get out of his way it looks like he's doing about 15 knots um,
whitehaven 40,Whitehaven,harbour classic 40,Whitehaven harbour classic 40,40.0,attribute,weather,opening_sunroof,Opening Sunroof,true,,0.93,1,jSmDVaoMub8;KaBG2Ew0rIE,...about in a sec but having a a skylight or an opening sunroof is great too um and i i have heard...,
whitehaven 40,Whitehaven,harbour classic 40,Whitehaven harbour classic 40,40.0,attribute,character,premium_styling,Premium Styling,true,,0.82,1,jSmDVaoMub8;KaBG2Ew0rIE,it's quite sexy and a lot of people are going to be attracted to the,
whitehaven 40,Whitehaven,harbour classic 40,Whitehaven harbour classic 40,40.0,attribute,accommodation,separate_shower,Separate Shower,true,,0.94,2,jSmDVaoMub8;KaBG2Ew0rIE,...it feels like a hotel in here it's it's huge there's a massive separate shower just there but before i even get,
whitehaven 40,Whitehaven,harbour classic 40,Whitehaven harbour classic 40,40.0,attribute,systems,solar,Solar,true,,0.94,1,jSmDVaoMub8;KaBG2Ew0rIE,...in and then in the middle we can still have our solar panels like we have some trickle charge we've got the...,
whitehaven 52,Whitehaven,Harbour Classic 52,Whitehaven Harbour Classic 52,52.0,attribute,dimensions,length_feet,Length Feet,52 ft,ft,0.99,0,Js0IoYY357I;Q18O4YcJ5AE,,
whitehaven 52,Whitehaven,Harbour Classic 52,Whitehaven Harbour Classic 52,52.0,attribute,comfort,air_conditioning,Air Conditioning,true,,0.92,4,Js0IoYY357I;Q18O4YcJ5AE,"...is. Okay, a marked improvement on a marked improvement. Yeah. Also, air conditioning's perfectly powerful. I've got these vents jetting the air...",
whitehaven 52,Whitehaven,Harbour Classic 52,Whitehaven Harbour Classic 52,52.0,attribute,handling,bow_thruster,Bow Thruster,true,,0.96,1,Js0IoYY357I;Q18O4YcJ5AE,"...then, as you may see, I have a hand on the bow thruster. So, I'm not actually using because I've I've lined...",
whitehaven 52,Whitehaven,Harbour Classic 52,Whitehaven Harbour Classic 52,52.0,attribute,accommodation,cabins,Cabins,2 count,count,0.93,2,Js0IoYY357I;Q18O4YcJ5AE,"I said it was a two cabin boat, but I",
whitehaven 52,Whitehaven,Harbour Classic 52,Whitehaven Harbour Classic 52,52.0,attribute,performance,cruise_speed_knots,Cruise Speed Knots,27 kn,kn,0.93,1,Js0IoYY357I;Q18O4YcJ5AE,"...to reduce 2 tons out of the boat. So, instead of cruising around at 27 knots now, which is almost wide open...",
whitehaven 52,Whitehaven,Harbour Classic 52,Whitehaven Harbour Classic 52,52.0,attribute,powertrain,drive_type,Drive Type,ips-pod,,0.98,3,Js0IoYY357I;Q18O4YcJ5AE,"not fans of IPS, and that's fine. That's",multiple_values_review
whitehaven 52,Whitehaven,Harbour Classic 52,Whitehaven Harbour Classic 52,52.0,attribute,powertrain,drive_type,Drive Type,shaft,,0.97,5,Js0IoYY357I;Q18O4YcJ5AE,twin shaft drive diesel engines. We have,multiple_values_review
whitehaven 52,Whitehaven,Harbour Classic 52,Whitehaven Harbour Classic 52,52.0,attribute,powertrain,engine_power_hp,Engine Power Hp,800 hp,hp,0.91,3,Js0IoYY357I;Q18O4YcJ5AE,800 horsepower diesels. It's a really,
whitehaven 52,Whitehaven,Harbour Classic 52,Whitehaven Harbour Classic 52,52.0,attribute,accommodation,galley,Galley,true,,0.9,4,Js0IoYY357I;Q18O4YcJ5AE,The reason why this galley has been set,
whitehaven 52,Whitehaven,Harbour Classic 52,Whitehaven Harbour Classic 52,52.0,attribute,systems,generator,Generator,true,,0.93,3,Js0IoYY357I;Q18O4YcJ5AE,"stereo connection, generator control",
whitehaven 52,Whitehaven,Harbour Classic 52,Whitehaven Harbour Classic 52,52.0,attribute,accommodation,heads,Heads,2 count,count,0.93,1,Js0IoYY357I;Q18O4YcJ5AE,Two luxury cabins with two heads and two,
whitehaven 52,Whitehaven,Harbour Classic 52,Whitehaven Harbour Classic 52,52.0,attribute,performance,max_observed_speed_knots,Max Observed Speed Knots,22 kn,kn,0.89,1,Js0IoYY357I;Q18O4YcJ5AE,"...it some juice. Coming up to 1,900 RPM, approaching 2,000 RPM. I'm at 22 knots now, but I'm going to go straight...",
whitehaven 52,Whitehaven,Harbour Classic 52,Whitehaven Harbour Classic 52,52.0,attribute,weather,opening_sunroof,Opening Sunroof,true,,0.93,1,Js0IoYY357I;Q18O4YcJ5AE,"function, the electric opening sunroof.",
whitehaven 52,Whitehaven,Harbour Classic 52,Whitehaven Harbour Classic 52,52.0,attribute,storage,tender_garage,Tender Garage,true,,0.96,4,Js0IoYY357I;Q18O4YcJ5AE,a hidden tender garage under here for a,
wiszniewski w43,Wiszniewski,W-43,Wiszniewski W-43,43.0,category,category,luxury-med-day-boat,Luxury Med Day Boat,true,,0.96,1,emSn5apclwA;iz0nBcsVseg,...you guys many of you going to look at this as a super luxury day boat for the family it's convenient it's,
wiszniewski w43,Wiszniewski,W-43,Wiszniewski W-43,43.0,category,category,walkaround-day-boat,Walkaround Day Boat,true,,0.89,2,emSn5apclwA;iz0nBcsVseg,style day boats right now it's much more Adventure boo like I did that at 37,
wiszniewski w43,Wiszniewski,W-43,Wiszniewski W-43,43.0,attribute,dimensions,length_feet,Length Feet,43 ft,ft,0.99,0,emSn5apclwA;iz0nBcsVseg,,
wiszniewski w43,Wiszniewski,W-43,Wiszniewski W-43,43.0,attribute,comfort,air_conditioning,Air Conditioning,true,,0.92,2,emSn5apclwA;iz0nBcsVseg,it's going to cater to the air conditioning and the cooking should you need but you've got hot and cold just,
wiszniewski w43,Wiszniewski,W-43,Wiszniewski W-43,43.0,attribute,powertrain,drive_type,Drive Type,outboard,,0.94,1,emSn5apclwA;iz0nBcsVseg,outboard powered your shallow water access wait until you see our beach access but I think some of you are also going...,
wiszniewski w43,Wiszniewski,W-43,Wiszniewski W-43,43.0,attribute,handling,dynamic_positioning,Dynamic Positioning,true,,0.94,2,emSn5apclwA;iz0nBcsVseg,...your lights can be done from here and yes we do have the Skyhook and the joystick Incorporated so you can park,
wiszniewski w43,Wiszniewski,W-43,Wiszniewski W-43,43.0,attribute,mission,family_suitable,Family Suitable,true,,0.85,1,emSn5apclwA;iz0nBcsVseg,...you guys many of you going to look at this as a super luxury day boat for the family it's convenient it's,
wiszniewski w43,Wiszniewski,W-43,Wiszniewski W-43,43.0,attribute,mission,offshore_capable,Offshore Capable,true,,0.88,1,emSn5apclwA;iz0nBcsVseg,the boat fast in some offshore conditions say you're in this part of the world or at least I know on the...,
wiszniewski w43,Wiszniewski,W-43,Wiszniewski W-43,43.0,attribute,weather,opening_sunroof,Opening Sunroof,true,,0.93,1,emSn5apclwA;iz0nBcsVseg,point that out before so the operation sliding roof and Terrace T-top,
wiszniewski w43,Wiszniewski,W-43,Wiszniewski W-43,43.0,attribute,accommodation,separate_shower,Separate Shower,true,,0.94,1,emSn5apclwA;iz0nBcsVseg,23 minutesfingers in like so and you go straight into a nice separate shower isn't this,
wiszniewski w43,Wiszniewski,W-43,Wiszniewski W-43,43.0,attribute,mission,watersports_suitable,Watersports Suitable,true,,0.87,1,emSn5apclwA;iz0nBcsVseg,...so this is super cool for anyone who wants to go enjoy some water sports but it's also very useful in the,
xo 8,XO,DFNDR 8 SINGLE mercury,XO DFNDR 8 SINGLE mercury,26.25,category,category,weekender-commuter,Weekender Commuter,true,,0.93,4,9VZt_ccx39E;b4Jk2XOTUX4;THflbBzWyHs;uPYOOcinUPI,...in Finland finished brand commuter I'm going to call this a commuter boat for those of you who aren't familiar with the...,
xo 8,XO,DFNDR 8 SINGLE mercury,XO DFNDR 8 SINGLE mercury,26.25,attribute,dimensions,length_feet,Length Feet,26.25 ft,ft,0.937,0,9VZt_ccx39E;b4Jk2XOTUX4;THflbBzWyHs;uPYOOcinUPI,,
xo 8,XO,DFNDR 8 SINGLE mercury,XO DFNDR 8 SINGLE mercury,26.25,attribute,comfort,air_conditioning,Air Conditioning,true,,0.92,2,9VZt_ccx39E;b4Jk2XOTUX4;THflbBzWyHs;uPYOOcinUPI,just do air conditioning so everybody favors the cabin Styles like this because they want to be able to sit inside in...,
xo 8,XO,DFNDR 8 SINGLE mercury,XO DFNDR 8 SINGLE mercury,26.25,attribute,handling,bow_thruster,Bow Thruster,true,,0.96,1,9VZt_ccx39E;b4Jk2XOTUX4;THflbBzWyHs;uPYOOcinUPI,you got the Lumar bow thruster just here the windscreen wipers here anchor windlass up and down on the port side so,
xo 8,XO,DFNDR 8 SINGLE mercury,XO DFNDR 8 SINGLE mercury,26.25,attribute,powertrain,drive_type,Drive Type,outboard,,0.94,1,9VZt_ccx39E;b4Jk2XOTUX4;THflbBzWyHs;uPYOOcinUPI,...that's going to just stop any water buildup in your fuel and modern outboard sensors are really sensitive to that so they'll,
xo 8,XO,DFNDR 8 SINGLE mercury,XO DFNDR 8 SINGLE mercury,26.25,attribute,powertrain,engine_power_hp,Engine Power Hp,450 hp,hp,0.91,3,9VZt_ccx39E;b4Jk2XOTUX4;THflbBzWyHs;uPYOOcinUPI,that 300 horsepower on this EXO Defender eight this is the new model from Exo a full Cabin boat we've got a...,
xo 9,XO,DFNDR 9,XO DFNDR 9,29.53,category,category,adventure,Adventure,true,,0.95,1,4QlZfVNIv2U;6wJCFBAmbOw;WnoQsUa3yUQ;x5pOa4YPFi0,you guys got to see this this is for an adventure boat right this is nicely finished so there's some soft,
xo 9,XO,DFNDR 9,XO DFNDR 9,29.53,category,category,walkaround-day-boat,Walkaround Day Boat,true,,0.89,3,4QlZfVNIv2U;6wJCFBAmbOw;WnoQsUa3yUQ;x5pOa4YPFi0,...that you're going to get back it's not just that it's an awesome day boat you know plenty of people have come,
xo 9,XO,DFNDR 9,XO DFNDR 9,29.53,attribute,dimensions,length_feet,Length Feet,29.53 ft,ft,0.937,0,4QlZfVNIv2U;6wJCFBAmbOw;WnoQsUa3yUQ;x5pOa4YPFi0,,
xo 9,XO,DFNDR 9,XO DFNDR 9,29.53,attribute,comfort,air_conditioning,Air Conditioning,true,,0.92,5,4QlZfVNIv2U;6wJCFBAmbOw;WnoQsUa3yUQ;x5pOa4YPFi0,...here i've got my vhf i've got an outlet for the air conditioning which we'll talk about a bit later stereo for...,
xo 9,XO,DFNDR 9,XO DFNDR 9,29.53,attribute,handling,bow_thruster,Bow Thruster,true,,0.96,5,4QlZfVNIv2U;6wJCFBAmbOw;WnoQsUa3yUQ;x5pOa4YPFi0,...and these are flush switches and then our anchor operation and bow thruster on port so we've got a few waves and...,
xo 9,XO,DFNDR 9,XO DFNDR 9,29.53,attribute,performance,cruise_speed_knots,Cruise Speed Knots,22.5 kn,kn,0.95,2,4QlZfVNIv2U;6wJCFBAmbOw;WnoQsUa3yUQ;x5pOa4YPFi0,...my crew is on the port side here and i'm just cruising there 24 25 knots that's comfortable that's really good visibility...,
xo 9,XO,DFNDR 9,XO DFNDR 9,29.53,attribute,powertrain,drive_type,Drive Type,outboard,,0.94,1,4QlZfVNIv2U;6wJCFBAmbOw;WnoQsUa3yUQ;x5pOa4YPFi0,...if that's hot and cold i would assume it's only cold to be fair being an outboard boat um out here on,
xo 9,XO,DFNDR 9,XO DFNDR 9,29.53,attribute,powertrain,engine_count,Engine Count,2 count,count,0.95,2,4QlZfVNIv2U;6wJCFBAmbOw;WnoQsUa3yUQ;x5pOa4YPFi0,it's a twin engine boat we've got twin two two two two fives on the back um but what do you have...,
xo 9,XO,DFNDR 9,XO DFNDR 9,29.53,attribute,powertrain,engine_power_hp,Engine Power Hp,350 hp,hp,0.91,3,4QlZfVNIv2U;6wJCFBAmbOw;WnoQsUa3yUQ;x5pOa4YPFi0,finished the quality is top-notch first things first we've got the 350 horsepower here you can option,
xo 9,XO,DFNDR 9,XO DFNDR 9,29.53,attribute,capacity,fuel_capacity_l,Fuel Capacity L,450 L,L,0.93,1,4QlZfVNIv2U;6wJCFBAmbOw;WnoQsUa3yUQ;x5pOa4YPFi0,decent displacement and incredible capability on this thing so about 2 600 kgs you've got 450 liters of fuel and,
xo 9,XO,DFNDR 9,XO DFNDR 9,29.53,attribute,performance,max_observed_speed_knots,Max Observed Speed Knots,30 kn,kn,0.89,4,4QlZfVNIv2U;6wJCFBAmbOw;WnoQsUa3yUQ;x5pOa4YPFi0,...waves we got the bow up in the air we were doing 30 plus knots not a drop of water over the...,
xo 9,XO,DFNDR 9,XO DFNDR 9,29.53,attribute,weather,opening_sunroof,Opening Sunroof,true,,0.93,3,4QlZfVNIv2U;6wJCFBAmbOw;WnoQsUa3yUQ;x5pOa4YPFi0,...standing position at the moment and i can transit to the seated position as we roll but i've got an opening sunroof,
xo 9,XO,DFNDR 9,XO DFNDR 9,29.53,attribute,character,premium_styling,Premium Styling,true,,0.82,2,4QlZfVNIv2U;6wJCFBAmbOw;WnoQsUa3yUQ;x5pOa4YPFi0,...many boat manufacturers forget about that sort of stuff your cushions look sexy you go fast and then they take off so...,
xo 9,XO,DFNDR 9,XO DFNDR 9,29.53,attribute,mission,watersports_suitable,Watersports Suitable,true,,0.87,1,4QlZfVNIv2U;6wJCFBAmbOw;WnoQsUa3yUQ;x5pOa4YPFi0,absolutely all the water sports everybody's getting into the foiling these days you know how cool would it be to take this...,
xo 9 t top,XO,DSCVR 9 T TOP,XO DSCVR 9 T TOP,29.53,category,category,bowrider-runabout,Bowrider Runabout,true,,0.95,1,n2PPCH0oexo;5cRvxg5HEmk,...[laughter] think that's the idea. And the bow lounge or the bow rider area is one of the most protected that you...,
xo 9 t top,XO,DSCVR 9 T TOP,XO DSCVR 9 T TOP,29.53,attribute,dimensions,length_feet,Length Feet,29.53 ft,ft,0.937,0,n2PPCH0oexo;5cRvxg5HEmk,,
xo 9 t top,XO,DSCVR 9 T TOP,XO DSCVR 9 T TOP,29.53,attribute,handling,bow_thruster,Bow Thruster,true,,0.96,3,n2PPCH0oexo;5cRvxg5HEmk,...lower. And then underneath the floor here is access into the bow thruster tunnel. We also have the water tank and the...,
xo 9 t top,XO,DSCVR 9 T TOP,XO DSCVR 9 T TOP,29.53,attribute,powertrain,drive_type,Drive Type,outboard,,0.94,1,n2PPCH0oexo;5cRvxg5HEmk,"modern lightweight outboard engines combined with super slippery clever hull designs. So, what can an aluminium hull do for you that a...",multiple_values_review
xo 9 t top,XO,DSCVR 9 T TOP,XO DSCVR 9 T TOP,29.53,attribute,powertrain,drive_type,Drive Type,sterndrive,,0.94,1,n2PPCH0oexo;5cRvxg5HEmk,drive a lot of inboard Stern drives back in the day those numbers would be a lot different to this you know...,multiple_values_review
xo 9 t top,XO,DSCVR 9 T TOP,XO DSCVR 9 T TOP,29.53,attribute,powertrain,engine_power_hp,Engine Power Hp,400 hp,hp,0.89,3,n2PPCH0oexo;5cRvxg5HEmk,boat's combined with the Mercury V10 400 horsepower. I'm a huge fan of these new engines because all these modern boats with...,
xo 9 t top,XO,DSCVR 9 T TOP,XO DSCVR 9 T TOP,29.53,attribute,character,premium_styling,Premium Styling,true,,0.82,1,n2PPCH0oexo;5cRvxg5HEmk,"...a lot of headroom here because the T-top, whilst still looking sexy, my that's my arm fully outstretched, I'm only just touching...",
xo 9 t top,XO,DSCVR 9 T TOP,XO DSCVR 9 T TOP,29.53,attribute,mission,watersports_suitable,Watersports Suitable,true,,0.87,1,n2PPCH0oexo;5cRvxg5HEmk,then combining it with your water sports whether you're going to be putting skis or foiling boards or surfboards on board,
yot 36,YOT,36,YOT 36,36.0,category,category,bowrider-runabout,Bowrider Runabout,true,,0.95,1,GzCNL1nuM84;Pd_NrEIqdyU,before we come back to the helm because it's a proper bow Rider like it's a proper Sports boat feel this thing...,
yot 36,YOT,36,YOT 36,36.0,category,category,power-catamaran,Power Catamaran,true,,0.97,5,GzCNL1nuM84;Pd_NrEIqdyU,do you remember the days when power catamarans were let's face it pretty ugly I think it's safe to say that these...,
yot 36,YOT,36,YOT 36,36.0,attribute,dimensions,length_feet,Length Feet,36 ft,ft,0.937,0,GzCNL1nuM84;Pd_NrEIqdyU,,
yot 36,YOT,36,YOT 36,36.0,attribute,comfort,air_conditioning,Air Conditioning,configuration-dependent,,0.8,5,GzCNL1nuM84;Pd_NrEIqdyU,...forward and after I've got the subwoofer underneath me drink holder air conditioning two screens all of my boat systems here zipwake...,configuration_dependent
yot 36,YOT,36,YOT 36,36.0,attribute,powertrain,drive_type,Drive Type,outboard,,0.94,3,GzCNL1nuM84;Pd_NrEIqdyU,...40 Years of History making saling catamarans and this is their outboard powered powercat version 36 also goes up to a 41...,
yot 36,YOT,36,YOT 36,36.0,attribute,powertrain,engine_power_hp,Engine Power Hp,300 hp,hp,0.89,1,GzCNL1nuM84;Pd_NrEIqdyU,...boat here and explain to you what we see we have got the upgraded V8 300 horsepower she come standard with the,
yot 36,YOT,36,YOT 36,36.0,attribute,systems,generator,Generator,true,,0.93,4,GzCNL1nuM84;Pd_NrEIqdyU,...screens all of my boat systems here zipwake joystick throttles safety generator so just come around and have a look from here...,
yot 36,YOT,36,YOT 36,36.0,attribute,weather,hardtop,Hardtop,true,,0.92,1,GzCNL1nuM84;Pd_NrEIqdyU,...a Shore shade so it's just sort of hidden into this hard top roof here very well-designed hard top roof comes out...,
yot 36,YOT,36,YOT 36,36.0,attribute,hull,hull_form,Hull Form,power-catamaran,,0.96,3,GzCNL1nuM84;Pd_NrEIqdyU,...of History making saling catamarans and this is their outboard powered powercat version 36 also goes up to a 41 and she's...,
yot 36,YOT,36,YOT 36,36.0,attribute,performance,max_observed_speed_knots,Max Observed Speed Knots,4 kn,kn,0.89,1,GzCNL1nuM84;Pd_NrEIqdyU,"...good thing at some of those slower speeds. So, I'm just doing four knots speed over ground. At the moment, we are...",numeric_sanity_review
zar 130,ZAR,imagine 130 YACHT,ZAR imagine 130 YACHT,130.0,category,category,chase-tender,Chase Tender,true,,0.94,1,kUgydHZqi9k;aVZt2VJeHhU,...fuel she gets you where you want to go fast she would be an amazing super yacht tender she's an epic Mediterranean,
zar 130,ZAR,imagine 130 YACHT,ZAR imagine 130 YACHT,130.0,category,category,walkaround-day-boat,Walkaround Day Boat,true,,0.87,2,kUgydHZqi9k;aVZt2VJeHhU,a day boat we're on a rib but you've got this Stone bench top here you've got felt finishing Timber and then...,
zar 130,ZAR,imagine 130 YACHT,ZAR imagine 130 YACHT,130.0,category,category,weekender-commuter,Weekender Commuter,true,,0.91,1,kUgydHZqi9k;aVZt2VJeHhU,this boat a proper Weekender okay guys um that was a really educational experience this is the first boat that,
zar 130,ZAR,imagine 130 YACHT,ZAR imagine 130 YACHT,130.0,attribute,dimensions,length_feet,Length Feet,130 ft,ft,0.937,0,kUgydHZqi9k;aVZt2VJeHhU,,
zar 130,ZAR,imagine 130 YACHT,ZAR imagine 130 YACHT,130.0,attribute,comfort,air_conditioning,Air Conditioning,true,,0.92,2,kUgydHZqi9k;aVZt2VJeHhU,...lighting uh facing up so the Ambiance at night is going to be quite nice I do see an air conditioning Outlet,
zar 130,ZAR,imagine 130 YACHT,ZAR imagine 130 YACHT,130.0,attribute,handling,bow_thruster,Bow Thruster,true,,0.96,3,kUgydHZqi9k;aVZt2VJeHhU,...just because it's such a quick boat manual key start here joystick here uh bow thruster there we've got the zip lakes,
zar 130,ZAR,imagine 130 YACHT,ZAR imagine 130 YACHT,130.0,attribute,powertrain,drive_type,Drive Type,outboard,,0.96,5,kUgydHZqi9k;aVZt2VJeHhU,and right like you'd be used to with a traditional outboard the props are the only things that move and allow these...,
zar 130,ZAR,imagine 130 YACHT,ZAR imagine 130 YACHT,130.0,attribute,handling,dynamic_positioning,Dynamic Positioning,true,,0.94,2,kUgydHZqi9k;aVZt2VJeHhU,boat we've got it in Skyhook mode so I'm going to be cautious Ali youth maybe sit there and then um you're...,
zar 130,ZAR,imagine 130 YACHT,ZAR imagine 130 YACHT,130.0,attribute,powertrain,engine_power_hp,Engine Power Hp,600 hp,hp,0.91,4,kUgydHZqi9k;aVZt2VJeHhU,twin V12 600 horsepower Mercury's this is my first experience with these motors if you're interested in a test drive follow the...,
zar 130,ZAR,imagine 130 YACHT,ZAR imagine 130 YACHT,130.0,attribute,hull,hull_form,Hull Form,rib,,0.97,3,kUgydHZqi9k;aVZt2VJeHhU,first foray into the maxi rib market and what the reason why i was so excited to get out and test this...,
zar 130,ZAR,imagine 130 YACHT,ZAR imagine 130 YACHT,130.0,attribute,performance,max_observed_speed_knots,Max Observed Speed Knots,47 kn,kn,0.89,1,kUgydHZqi9k;aVZt2VJeHhU,kick into gear so that's just sitting at 5400 revs and we're doing 47 knots i've got more to play with i'm...,
zar 130,ZAR,imagine 130 YACHT,ZAR imagine 130 YACHT,130.0,attribute,mission,overnight_capable,Overnight Capable,true,,0.86,2,kUgydHZqi9k;aVZt2VJeHhU,night this is actually going to be great so this two adult couples could comfortably sleep on this boat which is,
zar 130,ZAR,imagine 130 YACHT,ZAR imagine 130 YACHT,130.0,attribute,accommodation,separate_shower,Separate Shower,true,,0.94,2,kUgydHZqi9k;aVZt2VJeHhU,make sure I'll pop in and let's open that door now a separate shower is not something you,
zar 130,ZAR,imagine 130 YACHT,ZAR imagine 130 YACHT,130.0,attribute,storage,tender_garage,Tender Garage,true,,0.96,2,kUgydHZqi9k;aVZt2VJeHhU,be a tender garage which it is and they've also just here oh yeah feel the power love it so just in...,
zar 130,ZAR,imagine 130 YACHT,ZAR imagine 130 YACHT,130.0,attribute,capacity,water_capacity_l,Water Capacity L,250 L,L,0.93,1,kUgydHZqi9k;aVZt2VJeHhU,and we've got about 250 liters of water on board today so i'm just going to get the boat moving initially so...,
zodiac 6,Zodiac,medline 6.8,Zodiac medline 6.8,22.31,attribute,dimensions,length_feet,Length Feet,22.31 ft,ft,0.937,0,pLNqh48zPRk,,
zodiac 6,Zodiac,medline 6.8,Zodiac medline 6.8,22.31,attribute,performance,cruise_speed_knots,Cruise Speed Knots,28 kn,kn,0.93,1,pLNqh48zPRk,cruising speed of say 27 to 28 knots you can go faster if you want you could take a a good number...,
zodiac 6,Zodiac,medline 6.8,Zodiac medline 6.8,22.31,attribute,powertrain,engine_power_hp,Engine Power Hp,150 hp,hp,0.89,2,pLNqh48zPRk,speak but 6.8 for 6.8 meters and we've got a Mercury 150 horsepower on the back um you can do higher horsepowers...,
zodiac 6,Zodiac,medline 6.8,Zodiac medline 6.8,22.31,attribute,mission,fishing_suitable,Fishing Suitable,true,,0.88,1,pLNqh48zPRk,offshore fishing for example that's not going to suit a membership model either so just think about how you are where,
zodiac 6,Zodiac,medline 6.8,Zodiac medline 6.8,22.31,attribute,capacity,fuel_capacity_l,Fuel Capacity L,200 L,L,0.93,1,pLNqh48zPRk,200 liters of fuel we're running 150 horsepower on the back so they will get up and go and they will move...,
zodiac 6,Zodiac,medline 6.8,Zodiac medline 6.8,22.31,attribute,hull,hull_form,Hull Form,rib,,0.95,5,pLNqh48zPRk,...later in this video but first of all we'll talk about the design so she's a rigid inflatable that means we have,
zodiac 6,Zodiac,medline 6.8,Zodiac medline 6.8,22.31,attribute,mission,watersports_suitable,Watersports Suitable,true,,0.87,1,pLNqh48zPRk,...and quite easy to get up and down on the starboard swim platform is really just a diving platform for the kids,
